State Code,County Code,Site Num,site_id,Parameter Code,POC,source_row,Latitude,Longitude,Datum,longitude_wgs84,latitude_wgs84,x_km,y_km,x_model,y_model,response,instrument_mean_sensitivity,eligible_instruments_at_site,response_definition,Units of Measure,Pollutant Standard,Metric Used,Sample Duration,Event Type,Completeness Indicator,Certification Indicator,Valid Day Count,Observation Percent,Observation Count
6,1,9,06-001-0009,88101,3,4509,37.743065,-122.169935,WGS84,-122.169935,37.743065,-216.44987920003416,165.95137179157513,-0.2124926394861025,0.16291736982556732,6.145682,6.145682,1,"Annual average of quarterly means of daily PM2.5 means, micrograms per cubic metre at local conditions",Micrograms/cubic meter (LC),PM25 Annual 2024,Quarterly Means of Daily Means,24-HR BLK AVG,No Events,Y,Certification not required,359,98,359
6,1,11,06-001-0011,88101,3,4557,37.814781,-122.282347,WGS84,-122.282347,37.814781,-226.13912843471542,174.1701442704604,-0.22200474525453942,0.17098588279415203,6.351705,6.351705,1,"Annual average of quarterly means of daily PM2.5 means, micrograms per cubic metre at local conditions",Micrograms/cubic meter (LC),PM25 Annual 2024,Quarterly Means of Daily Means,24-HR BLK AVG,No Events,Y,Certification not required,352,96,352
6,1,12,06-001-0012,88101,3,4594,37.793624,-122.263376,WGS84,-122.263376,37.793624,-224.53240187292198,171.7775334785754,-0.22042739363249303,0.16863701485156138,7.819412,7.819412,1,"Annual average of quarterly means of daily PM2.5 means, micrograms per cubic metre at local conditions",Micrograms/cubic meter (LC),PM25 Annual 2024,Quarterly Means of Daily Means,24-HR BLK AVG,No Events,Y,Certification not required,340,93,340
6,1,15,06-001-0015,88101,3,4668,37.701222,-121.903019,NAD83,-121.903019,37.701222,-193.0362629417686,160.7368387501069,-0.18950708210431402,0.15779817135909432,5.576133,5.576133,1,"Annual average of quarterly means of daily PM2.5 means, micrograms per cubic metre at local conditions",Micrograms/cubic meter (LC),PM25 Annual 2024,Quarterly Means of Daily Means,24-HR BLK AVG,No Events,Y,Certification not required,331,90,331
6,7,8,06-007-0008,88101,3,4819,39.76168,-121.84047,NAD83,-121.84047,39.76168,-182.3027741904527,389.3195475174511,-0.17896982810310622,0.3822018222475646,6.929462,6.929462,1,"Annual average of quarterly means of daily PM2.5 means, micrograms per cubic metre at local conditions",Micrograms/cubic meter (LC),PM25 Annual 2024,Quarterly Means of Daily Means,24-HR BLK AVG,No Events,Y,Certified,353,96,353
6,9,1,06-009-0001,88101,3,4907,38.20185,-120.680277,NAD83,-120.680277,38.20185,-84.640855580251,214.52649147406106,-0.08309341117251455,0.21060441604999938,5.478632,5.478632,1,"Annual average of quarterly means of daily PM2.5 means, micrograms per cubic metre at local conditions",Micrograms/cubic meter (LC),PM25 Annual 2024,Quarterly Means of Daily Means,24-HR BLK AVG,No Events,Y,Certified,351,96,351
6,11,7,06-011-0007,88101,1,4917,39.021221,-122.281803,WGS84,-122.281803,39.021221,-222.41941741850312,308.067958637385,-0.21835303976557485,0.30243571358825255,10.738068,10.738068,1,"Annual average of quarterly means of daily PM2.5 means, micrograms per cubic metre at local conditions",Micrograms/cubic meter (LC),PM25 Annual 2024,Quarterly Means of Daily Means,24-HR BLK AVG,Events Included,Y,Certification not required,352,96,352
6,11,1002,06-011-1002,88101,3,4939,39.18919,-121.99887,NAD83,-121.99887,39.18919,-197.4564004759461,326.0855034597396,-0.1938464085802644,0.32012385308045826,6.002793,6.002793,1,"Annual average of quarterly means of daily PM2.5 means, micrograms per cubic metre at local conditions",Micrograms/cubic meter (LC),PM25 Annual 2024,Quarterly Means of Daily Means,24-HR BLK AVG,No Events,Y,Certified,358,98,358
6,13,2,06-013-0002,88101,3,4986,37.936013,-122.026154,WGS84,-122.026154,37.936013,-203.25587831909286,187.049072769075,-0.19953985760913884,0.18362935259204585,3.930205,3.930205,1,"Annual average of quarterly means of daily PM2.5 means, micrograms per cubic metre at local conditions",Micrograms/cubic meter (LC),PM25 Annual 2024,Quarterly Means of Daily Means,24-HR BLK AVG,No Events,Y,Certification not required,341,93,341
6,13,1004,06-013-1004,88101,3,5130,37.9604,-122.356811,WGS84,-122.356811,37.9604,-232.2418347412992,190.5090377029475,-0.2279958789797564,0.1870260608001778,9.763977,9.763977,1,"Annual average of quarterly means of daily PM2.5 means, micrograms per cubic metre at local conditions",Micrograms/cubic meter (LC),PM25 Annual 2024,Quarterly Means of Daily Means,24-HR BLK AVG,No Events,Y,Certified,347,95,347
6,19,11,06-019-0011,88101,3,5483,36.78538,-119.77321,NAD83,-119.77321,36.78538,-5.274087189390615,56.88977518531296,-0.005177663817117412,0.05584968923787794,10.221788,10.553577,2,"Annual average of quarterly means of daily PM2.5 means, micrograms per cubic metre at local conditions",Micrograms/cubic meter (LC),PM25 Annual 2024,Quarterly Means of Daily Means,24-HR BLK AVG,No Events,Y,Certified,358,98,358
6,19,500,06-019-0500,88101,1,5627,36.985119,-119.658339,WGS84,-119.658339,36.985119,4.966681609553791,79.05573238245687,0.00487587837240522,0.07761039785534127,6.174044,6.174044,1,"Annual average of quarterly means of daily PM2.5 means, micrograms per cubic metre at local conditions",Micrograms/cubic meter (LC),PM25 Annual 2024,Quarterly Means of Daily Means,24-HR BLK AVG,Events Included,Y,Certification not required,366,100,366
6,19,2009,06-019-2009,88101,3,5649,36.634225,-120.382331,WGS84,-120.382331,36.634225,-59.76175548341517,40.320920968826854,-0.058669162625210394,0.039583754700359304,6.952355,6.952355,1,"Annual average of quarterly means of daily PM2.5 means, micrograms per cubic metre at local conditions",Micrograms/cubic meter (LC),PM25 Annual 2024,Quarterly Means of Daily Means,24-HR BLK AVG,No Events,Y,Certified,361,99,361
6,19,2016,06-019-2016,88101,3,5668,36.710833,-119.7775,WGS84,-119.7775,36.710833,-5.662477338640642,48.61732015107385,-0.005558953232799037,0.04772847516396734,13.243103,13.243103,1,"Annual average of quarterly means of daily PM2.5 means, micrograms per cubic metre at local conditions",Micrograms/cubic meter (LC),PM25 Annual 2024,Quarterly Means of Daily Means,24-HR BLK AVG,No Events,Y,Certified,348,95,348
6,19,5001,06-019-5001,88101,3,5833,36.819449,-119.716433,NAD83,-119.716433,36.819449,-0.20594497425632347,60.66893349449359,-0.00020217979021453156,0.059559755176106004,10.685596,10.685596,1,"Annual average of quarterly means of daily PM2.5 means, micrograms per cubic metre at local conditions",Micrograms/cubic meter (LC),PM25 Annual 2024,Quarterly Means of Daily Means,24-HR BLK AVG,No Events,Y,Certified,361,99,361
6,19,5025,06-019-5025,88101,3,5845,36.72639,-119.733,WGS84,-119.733,36.72639,-1.686131796773631,50.34202310341289,-0.00165530513272662,0.04942164627603484,12.769252,12.769252,1,"Annual average of quarterly means of daily PM2.5 means, micrograms per cubic metre at local conditions",Micrograms/cubic meter (LC),PM25 Annual 2024,Quarterly Means of Daily Means,24-HR BLK AVG,No Events,Y,Certified,361,99,361
6,23,6,06-023-0006,88101,3,5916,41.047117,-123.675233,WGS84,-123.675233,41.047117,-333.3113912063577,537.0781719576672,-0.32721763370802875,0.5272590531879472,6.693948,6.693948,1,"Annual average of quarterly means of daily PM2.5 means, micrograms per cubic metre at local conditions",Micrograms/cubic meter (LC),PM25 Annual 2024,Quarterly Means of Daily Means,24-HR BLK AVG,Events Included,Y,Certification not required,347,95,347
6,23,1004,06-023-1004,88101,1,5942,40.77678,-124.17949,NAD83,-124.17949,40.77678,-377.1973628466613,508.9904539461072,-0.3703012611266523,0.4996848482058231,6.538017,6.522457,2,"Annual average of quarterly means of daily PM2.5 means, micrograms per cubic metre at local conditions",Micrograms/cubic meter (LC),PM25 Annual 2024,Quarterly Means of Daily Means,24 HOUR,No Events,Y,Certified,121,99,121
6,25,5,06-025-0005,88101,3,6049,32.67618,-115.48307,NAD83,-115.48307,32.67618,396.9874635100743,-390.5407582698548,0.38972954975035706,-0.38340070624374023,9.994708,11.492181500000001,2,"Annual average of quarterly means of daily PM2.5 means, micrograms per cubic metre at local conditions",Micrograms/cubic meter (LC),PM25 Annual 2024,Quarterly Means of Daily Means,24-HR BLK AVG,No Events,Y,Certified,359,98,359
6,25,7,06-025-0007,88101,3,6115,32.97833,-115.53917,WGS84,-115.53917,32.97833,390.3607183955589,-357.2624079165258,0.38322395794411873,-0.35073076653087465,7.687258,7.687258,1,"Annual average of quarterly means of daily PM2.5 means, micrograms per cubic metre at local conditions",Micrograms/cubic meter (LC),PM25 Annual 2024,Quarterly Means of Daily Means,24-HR BLK AVG,No Events,Y,Certified,361,99,361
6,25,1003,06-025-1003,88101,3,6139,32.79222,-115.56306,WGS84,-115.56306,32.79222,388.96568891804037,-377.99085154942236,0.38185443305949235,-0.3710802428912772,7.122096,7.122096,1,"Annual average of quarterly means of daily PM2.5 means, micrograms per cubic metre at local conditions",Micrograms/cubic meter (LC),PM25 Annual 2024,Quarterly Means of Daily Means,24-HR BLK AVG,No Events,Y,Certified,353,96,353
6,27,2,06-027-0002,88101,1,6213,37.360684,-118.330783,WGS84,-118.330783,37.360684,122.55256845202598,121.61770774145815,0.12031200406494912,0.11939423492285213,3.463115,3.7490575,2,"Annual average of quarterly means of daily PM2.5 means, micrograms per cubic metre at local conditions",Micrograms/cubic meter (LC),PM25 Annual 2024,Quarterly Means of Daily Means,24-HR BLK AVG,No Events,Y,Certified,366,100,366
6,27,1003,06-027-1003,88101,3,6427,36.487823,-117.871036,WGS84,-117.871036,36.487823,165.14056998969033,25.44226186816071,0.1621213914881372,0.024977114327080822,6.233241,5.5295369999999995,2,"Annual average of quarterly means of daily PM2.5 means, micrograms per cubic metre at local conditions",Micrograms/cubic meter (LC),PM25 Annual 2024,Quarterly Means of Daily Means,24-HR BLK AVG,Events Included,Y,Certified,361,99,361
6,27,1023,06-027-1023,88101,1,6481,37.362137,-118.417478,WGS84,-118.417478,37.362137,114.87040334838444,121.6717673662236,0.11277028796016803,0.11944730620382718,9.702353,9.702353,1,"Annual average of quarterly means of daily PM2.5 means, micrograms per cubic metre at local conditions",Micrograms/cubic meter (LC),PM25 Annual 2024,Quarterly Means of Daily Means,24-HR BLK AVG,Events Included,Y,Certification not required,340,93,340
6,29,10,06-029-0010,88101,3,6577,35.385574,-119.015009,WGS84,-119.015009,35.385574,63.52216700773444,-98.20748554641376,0.06236082451622074,-0.09641200955240556,13.023529,13.023529,1,"Annual average of quarterly means of daily PM2.5 means, micrograms per cubic metre at local conditions",Micrograms/cubic meter (LC),PM25 Annual 2024,Quarterly Means of Daily Means,24-HR BLK AVG,No Events,Y,Requested but not yet concurred,357,98,357
6,29,14,06-029-0014,88101,1,6703,35.356615,-119.062613,NAD83,-119.062613,35.356615,59.218205224823,-101.45033527124683,0.05813554981115628,-0.09959557195508881,12.94422,13.539967,2,"Annual average of quarterly means of daily PM2.5 means, micrograms per cubic metre at local conditions",Micrograms/cubic meter (LC),PM25 Annual 2024,Quarterly Means of Daily Means,24 HOUR,No Events,Y,Certified,346,95,346
6,29,16,06-029-0016,88101,1,6855,35.324636,-118.997627,NAD83,-118.997627,35.324636,65.15077313392572,-104.95685280480967,0.06395965569005477,-0.10303798166612618,15.669748,15.669748,1,"Annual average of quarterly means of daily PM2.5 means, micrograms per cubic metre at local conditions",Micrograms/cubic meter (LC),PM25 Annual 2024,Quarterly Means of Daily Means,24 HOUR,No Events,Y,Certified,118,97,119
6,29,18,06-029-0018,88101,1,6881,35.642943,-117.715066,NAD83,-117.715066,35.642943,181.04245889991375,-68.02065908847706,0.17773255449657388,-0.06677707302362199,4.127298,4.127298,1,"Annual average of quarterly means of daily PM2.5 means, micrograms per cubic metre at local conditions",Micrograms/cubic meter (LC),PM25 Annual 2024,Quarterly Means of Daily Means,24-HR BLK AVG,No Events,Y,Certified,359,98,359
6,29,20,06-029-0020,88101,3,6903,35.04944,-118.18893,WGS84,-118.18893,35.04944,139.15338205371717,-134.64219918517063,0.13660931369098098,-0.1321806064147988,4.219484,4.219484,1,"Annual average of quarterly means of daily PM2.5 means, micrograms per cubic metre at local conditions",Micrograms/cubic meter (LC),PM25 Annual 2024,Quarterly Means of Daily Means,24-HR BLK AVG,No Events,Y,Certified,349,95,349
6,31,4,06-031-0004,88101,8,7149,36.102244,-119.56565,NAD83,-119.56565,36.102244,13.369748008340407,-18.907330460433634,0.013125315911730325,-0.018561657645743305,10.047207,10.047207,1,"Annual average of quarterly means of daily PM2.5 means, micrograms per cubic metre at local conditions",Micrograms/cubic meter (LC),PM25 Annual 2024,Quarterly Means of Daily Means,24-HR BLK AVG,No Events,Y,Certified,358,98,358
6,31,1004,06-031-1004,88101,3,7175,36.31567,-119.643447,NAD83,-119.643447,36.31567,6.34707736550908,4.7671149317430626,0.0062310370761311535,0.0046799602675848245,11.871469,11.871469,1,"Annual average of quarterly means of daily PM2.5 means, micrograms per cubic metre at local conditions",Micrograms/cubic meter (LC),PM25 Annual 2024,Quarterly Means of Daily Means,24-HR BLK AVG,No Events,Y,Certified,354,97,354
6,33,3002,06-033-3002,88101,1,7199,39.01893,-122.91333,NAD83,-122.91333,39.01893,-277.1136710452346,309.4783585338974,-0.27204734701499494,0.303820327882557,3.234426,3.234426,1,"Annual average of quarterly means of daily PM2.5 means, micrograms per cubic metre at local conditions",Micrograms/cubic meter (LC),PM25 Annual 2024,Quarterly Means of Daily Means,24 HOUR,No Events,Y,Certified,61,100,61
6,37,1103,06-037-1103,88101,3,7600,34.06659,-118.22688,WGS84,-118.22688,34.06659,137.32014527774328,-243.72138454411996,0.13480959302230056,-0.23926555418922713,13.478611,12.899358999999999,3,"Annual average of quarterly means of daily PM2.5 means, micrograms per cubic metre at local conditions",Micrograms/cubic meter (LC),PM25 Annual 2024,Quarterly Means of Daily Means,24-HR BLK AVG,No Events,Y,Certified,360,98,360
6,37,1201,06-037-1201,88101,1,7792,34.19925,-118.53276,WGS84,-118.53276,34.19925,108.90574361206006,-229.38878394992645,0.10691467697210771,-0.22519498902090163,10.108475,10.108475,1,"Annual average of quarterly means of daily PM2.5 means, micrograms per cubic metre at local conditions",Micrograms/cubic meter (LC),PM25 Annual 2024,Quarterly Means of Daily Means,24 HOUR,No Events,Y,Certified,118,97,118
6,37,1302,06-037-1302,88101,1,7830,33.901389,-118.205,WGS84,-118.205,33.901389,139.61541032960926,-262.01443548692095,0.1370628949460243,-0.2572241628678542,12.629412,12.3328475,2,"Annual average of quarterly means of daily PM2.5 means, micrograms per cubic metre at local conditions",Micrograms/cubic meter (LC),PM25 Annual 2024,Quarterly Means of Daily Means,24 HOUR,No Events,Y,Certified,340,93,340
6,37,1602,06-037-1602,88101,1,7877,34.01029,-118.0685,NAD83,-118.0685,34.01029,152.0447643160867,-249.73366193737147,0.14926500956699326,-0.24516791226554632,12.610656,12.610656,1,"Annual average of quarterly means of daily PM2.5 means, micrograms per cubic metre at local conditions",Micrograms/cubic meter (LC),PM25 Annual 2024,Quarterly Means of Daily Means,24 HOUR,No Events,Y,Certified,122,100,122
6,37,2005,06-037-2005,88101,1,7924,34.1326,-118.1272,WGS84,-118.1272,34.1326,146.40717977981873,-236.25604963673862,0.14373049403450583,-0.2319367040878548,11.820833,11.820833,1,"Annual average of quarterly means of daily PM2.5 means, micrograms per cubic metre at local conditions",Micrograms/cubic meter (LC),PM25 Annual 2024,Quarterly Means of Daily Means,24 HOUR,No Events,Y,Certified,120,98,120
6,37,4008,06-037-4008,88101,3,7962,33.859662,-118.200707,NAD83,-118.200707,33.859662,140.0821310958189,-266.636550797541,0.13752108290104373,-0.26176177446640403,12.64429,12.060414999999999,2,"Annual average of quarterly means of daily PM2.5 means, micrograms per cubic metre at local conditions",Micrograms/cubic meter (LC),PM25 Annual 2024,Quarterly Means of Daily Means,24-HR BLK AVG,No Events,Y,Certified,359,98,359
6,37,4009,06-037-4009,88101,3,8011,33.793713,-118.171019,NAD83,-118.171019,33.793713,142.94187862103058,-273.90874727215794,0.140328547160862,-0.26890101718376674,9.174359,10.259628500000002,2,"Annual average of quarterly means of daily PM2.5 means, micrograms per cubic metre at local conditions",Micrograms/cubic meter (LC),PM25 Annual 2024,Quarterly Means of Daily Means,24-HR BLK AVG,No Events,Y,Certified,351,96,351
6,37,9035,06-037-9035,88101,1,8073,34.725389,-118.178601,WGS84,-118.178601,34.725389,140.65319385399422,-170.57567530557333,0.13808170521806865,-0.1674571296217196,4.756322,4.756322,1,"Annual average of quarterly means of daily PM2.5 means, micrograms per cubic metre at local conditions",Micrograms/cubic meter (LC),PM25 Annual 2024,Quarterly Means of Daily Means,24-HR BLK AVG,No Events,Y,Certified,348,95,348
6,39,2010,06-039-2010,88101,3,8171,36.953256,-120.034203,WGS84,-120.034203,36.953256,-28.508741619121366,75.56559787336299,-0.027987531235699793,0.07418407164652177,9.076177,9.076177,1,"Annual average of quarterly means of daily PM2.5 means, micrograms per cubic metre at local conditions",Micrograms/cubic meter (LC),PM25 Annual 2024,Quarterly Means of Daily Means,24-HR BLK AVG,No Events,Y,Certified,361,99,361
6,41,1,06-041-0001,88101,3,8212,37.97231,-122.520004,WGS84,-122.520004,37.97231,-246.54000373931572,192.23968903717508,-0.24203264204673444,0.18872507154298496,5.04051,5.04051,1,"Annual average of quarterly means of daily PM2.5 means, micrograms per cubic metre at local conditions",Micrograms/cubic meter (LC),PM25 Annual 2024,Quarterly Means of Daily Means,24-HR BLK AVG,No Events,Y,Certification not required,353,96,353
6,45,6,06-045-0006,88101,3,8377,39.15047,-123.20655,WGS84,-123.20655,39.15047,-301.9507961479638,324.9739898735354,-0.29643038797501337,0.31903266071467773,7.004802,7.004802,1,"Annual average of quarterly means of daily PM2.5 means, micrograms per cubic metre at local conditions",Micrograms/cubic meter (LC),PM25 Annual 2024,Quarterly Means of Daily Means,24-HR BLK AVG,No Events,Y,Certified,354,97,354
6,45,2003,06-045-2003,88101,3,8397,39.39861,-123.35872,WGS84,-123.35872,39.39861,-314.0144155190454,353.0094449013263,-0.3082734545149017,0.34655555820977724,6.824709,6.824709,1,"Annual average of quarterly means of daily PM2.5 means, micrograms per cubic metre at local conditions",Micrograms/cubic meter (LC),PM25 Annual 2024,Quarterly Means of Daily Means,24-HR BLK AVG,No Events,Y,Certified,344,94,344
6,47,2510,06-047-2510,88101,3,8425,37.30832,-120.480456,NAD83,-120.480456,37.30832,-67.93896972764323,115.19428156646825,-0.06669687714656412,0.11308824488251439,7.793075,7.793075,1,"Annual average of quarterly means of daily PM2.5 means, micrograms per cubic metre at local conditions",Micrograms/cubic meter (LC),PM25 Annual 2024,Quarterly Means of Daily Means,24-HR BLK AVG,No Events,Y,Certified,361,99,361
6,51,1,06-051-0001,88101,5,8453,37.64571,-118.96652,WGS84,-118.96652,37.64571,65.98422551730744,152.62650364440802,0.06477787050026998,0.1498361132600271,5.411017,5.411017,1,"Annual average of quarterly means of daily PM2.5 means, micrograms per cubic metre at local conditions",Micrograms/cubic meter (LC),PM25 Annual 2024,Quarterly Means of Daily Means,24 HOUR,No Events,Y,Certified,118,97,118
6,51,5,06-051-0005,88101,4,8475,37.962069,-119.120278,WGS84,-119.120278,37.962069,52.193069054019396,187.6447692021174,0.05123885052354072,0.1842141582193692,2.735912,2.735912,1,"Annual average of quarterly means of daily PM2.5 means, micrograms per cubic metre at local conditions",Micrograms/cubic meter (LC),PM25 Annual 2024,Quarterly Means of Daily Means,24-HR BLK AVG,No Events,Y,Certified,362,99,362
6,53,2,06-053-0002,88101,3,8547,36.48187,-121.73333,NAD83,-121.73333,36.48187,-180.9322042672348,25.0969642652884,-0.1776243155915668,0.024638129619333524,4.990582,4.990582,1,"Annual average of quarterly means of daily PM2.5 means, micrograms per cubic metre at local conditions",Micrograms/cubic meter (LC),PM25 Annual 2024,Quarterly Means of Daily Means,24-HR BLK AVG,No Events,Y,Certified,361,99,361
6,53,8,06-053-0008,88101,3,8566,36.209286,-121.126371,NAD83,-121.126371,36.209286,-126.99156511422584,-6.11446215273457,-0.12466984487736708,-0.006002674645393104,5.368421,5.368421,1,"Annual average of quarterly means of daily PM2.5 means, micrograms per cubic metre at local conditions",Micrograms/cubic meter (LC),PM25 Annual 2024,Quarterly Means of Daily Means,24-HR BLK AVG,No Events,Y,Certified,361,99,361
6,53,1003,06-053-1003,88101,3,8598,36.694261,-121.623271,NAD83,-121.623271,36.694261,-170.60463736720172,48.46382572404186,-0.1674855621851524,0.04757778699510821,5.825348,5.994641,2,"Annual average of quarterly means of daily PM2.5 means, micrograms per cubic metre at local conditions",Micrograms/cubic meter (LC),PM25 Annual 2024,Quarterly Means of Daily Means,24-HR BLK AVG,No Events,Y,Certified,359,98,359
6,57,5,06-057-0005,88101,3,8611,39.233477,-121.055608,NAD83,-121.055608,39.233477,-115.87236294403252,329.44025382719656,-0.11375392925359155,0.32341727030495626,4.117009,4.117009,1,"Annual average of quarterly means of daily PM2.5 means, micrograms per cubic metre at local conditions",Micrograms/cubic meter (LC),PM25 Annual 2024,Quarterly Means of Daily Means,24-HR BLK AVG,No Events,Y,Certified,341,93,341
6,59,7,06-059-0007,88101,1,8672,33.83062,-117.93845,WGS84,-117.93845,33.83062,164.41108629934868,-269.4533503820714,0.16140524456583052,-0.2645270759802342,10.512222,10.757241,2,"Annual average of quarterly means of daily PM2.5 means, micrograms per cubic metre at local conditions",Micrograms/cubic meter (LC),PM25 Annual 2024,Quarterly Means of Daily Means,24 HOUR,No Events,Y,Certified,360,98,360
6,61,3,06-061-0003,88101,1,8768,38.93568,-121.09959,NAD83,-121.09959,38.93568,-120.1651671214554,296.43602769094434,-0.11796825034182162,0.29101644313975755,5.138551,5.138551,1,"Annual average of quarterly means of daily PM2.5 means, micrograms per cubic metre at local conditions",Micrograms/cubic meter (LC),PM25 Annual 2024,Quarterly Means of Daily Means,24-HR BLK AVG,No Events,Y,Certified,345,94,345
6,61,6,06-061-0006,88101,3,8853,38.74643,-121.26498,NAD83,-121.26498,38.74643,-134.85881002452388,275.65023670500034,-0.132393257071688,0.27061066787791127,6.882222,6.882222,1,"Annual average of quarterly means of daily PM2.5 means, micrograms per cubic metre at local conditions",Micrograms/cubic meter (LC),PM25 Annual 2024,Quarterly Means of Daily Means,24-HR BLK AVG,No Events,Y,Certified,360,98,360
6,63,1010,06-063-1010,88101,4,8885,39.81336,-120.47069,WGS84,-120.47069,39.81336,-64.82193234560002,393.260950933074,-0.06363682692553768,0.3860711670499761,11.341341,11.341341,1,"Annual average of quarterly means of daily PM2.5 means, micrograms per cubic metre at local conditions",Micrograms/cubic meter (LC),PM25 Annual 2024,Quarterly Means of Daily Means,24-HR BLK AVG,No Events,Y,Certified,358,98,358
6,65,9,06-065-0009,88101,1,8948,33.447867,-117.088649,WGS84,-117.088649,33.447867,244.18256364891246,-310.1485763212703,0.23971830179812106,-0.3044782924293415,5.340922,5.72292,2,"Annual average of quarterly means of daily PM2.5 means, micrograms per cubic metre at local conditions",Micrograms/cubic meter (LC),PM25 Annual 2024,Quarterly Means of Daily Means,24-HR BLK AVG,No Events,Y,Certification not required,347,95,347
6,65,1016,06-065-1016,88101,1,9042,33.944713,-116.830074,NAD83,-116.830074,33.944713,266.65067663688114,-254.37830447509572,0.26177564205042597,-0.24972763923771227,6.73966,6.865861499999999,2,"Annual average of quarterly means of daily PM2.5 means, micrograms per cubic metre at local conditions",Micrograms/cubic meter (LC),PM25 Annual 2024,Quarterly Means of Daily Means,24-HR BLK AVG,No Events,Y,Certified,353,96,353
6,65,2007,06-065-2007,88101,3,9098,33.72537,-116.206842,WGS84,-116.206842,33.72537,325.09834851380015,-276.8359653289982,0.31915474577109093,-0.2717747184468408,9.26361,9.26361,1,"Annual average of quarterly means of daily PM2.5 means, micrograms per cubic metre at local conditions",Micrograms/cubic meter (LC),PM25 Annual 2024,Quarterly Means of Daily Means,24-HR BLK AVG,No Events,Y,Certified,349,95,349
6,65,5001,06-065-5001,88101,1,9134,33.85275,-116.54101,WGS84,-116.54101,33.85275,293.68972846350204,-263.7566137835389,0.2883203530619315,-0.25893448983163886,6.804167,6.804167,1,"Annual average of quarterly means of daily PM2.5 means, micrograms per cubic metre at local conditions",Micrograms/cubic meter (LC),PM25 Annual 2024,Quarterly Means of Daily Means,24 HOUR,No Events,Y,Certified,120,98,120
6,65,8001,06-065-8001,88101,3,9487,33.99958,-117.41601,WGS84,-117.41601,33.99958,212.3484746131074,-249.71592397115,0.20846621872995577,-0.24515049859326596,12.510585,12.213240500000001,2,"Annual average of quarterly means of daily PM2.5 means, micrograms per cubic metre at local conditions",Micrograms/cubic meter (LC),PM25 Annual 2024,Quarterly Means of Daily Means,24-HR BLK AVG,No Events,Y,Certified,359,98,359
6,65,8005,06-065-8005,88101,3,9729,33.99636,-117.4924,NAD83,-117.4924,33.99636,205.29904185460396,-250.23484043111952,0.201545667056421,-0.24565992797552863,14.130471,14.339096666666668,3,"Annual average of quarterly means of daily PM2.5 means, micrograms per cubic metre at local conditions",Micrograms/cubic meter (LC),PM25 Annual 2024,Quarterly Means of Daily Means,24-HR BLK AVG,No Events,Y,Certified,361,99,361
6,67,6,06-067-0006,88101,1,9847,38.613779,-121.368014,WGS84,-121.368014,38.613779,-144.0786067094713,261.07687421356655,-0.14144449304534795,0.2563037425359449,7.267232,7.8352825,2,"Annual average of quarterly means of daily PM2.5 means, micrograms per cubic metre at local conditions",Micrograms/cubic meter (LC),PM25 Annual 2024,Quarterly Means of Daily Means,24 HOUR,No Events,Y,Certified,354,97,354
6,67,10,06-067-0010,88101,3,9965,38.56844,-121.49311,NAD83,-121.49311,38.56844,-155.07095570538206,256.2410330998602,-0.1522358746849507,0.2515563125711666,6.949577,6.718121999999999,2,"Annual average of quarterly means of daily PM2.5 means, micrograms per cubic metre at local conditions",Micrograms/cubic meter (LC),PM25 Annual 2024,Quarterly Means of Daily Means,24-HR BLK AVG,No Events,Y,Certified,355,97,355
6,67,12,06-067-0012,88101,3,10057,38.683304,-121.164457,WGS84,-121.164457,38.683304,-126.22729075740395,268.50486311011815,-0.12391954334810386,0.2635959294040328,5.949432,5.84633,2,"Annual average of quarterly means of daily PM2.5 means, micrograms per cubic metre at local conditions",Micrograms/cubic meter (LC),PM25 Annual 2024,Quarterly Means of Daily Means,24-HR BLK AVG,No Events,Y,Certified,352,96,352
6,67,15,06-067-0015,88101,3,10086,38.593322,-121.503795,WGS84,-121.503795,38.593322,-155.94932257384738,259.0203830272475,-0.15309818283225554,0.2542848491003103,7.794986,7.794986,1,"Annual average of quarterly means of daily PM2.5 means, micrograms per cubic metre at local conditions",Micrograms/cubic meter (LC),PM25 Annual 2024,Quarterly Means of Daily Means,24-HR BLK AVG,No Events,Y,Certified,359,98,359
6,67,5003,06-067-5003,88101,3,10104,38.494475,-121.211131,WGS84,-121.211131,38.494475,-130.62508123992853,247.60753375956807,-0.12823693133183603,0.24308065497505044,4.715235,4.715235,1,"Annual average of quarterly means of daily PM2.5 means, micrograms per cubic metre at local conditions",Micrograms/cubic meter (LC),PM25 Annual 2024,Quarterly Means of Daily Means,24-HR BLK AVG,No Events,Y,Certified,361,99,361
6,69,2,06-069-0002,88101,3,10123,36.843425,-121.3621,NAD83,-121.3621,36.843425,-146.98448696503166,64.58600336096465,-0.14429724661498114,0.06340521130689317,7.165928,7.165928,1,"Annual average of quarterly means of daily PM2.5 means, micrograms per cubic metre at local conditions",Micrograms/cubic meter (LC),PM25 Annual 2024,Quarterly Means of Daily Means,24-HR BLK AVG,No Events,Y,Certified,361,99,361
6,71,27,06-071-0027,88101,3,10281,34.030833,-117.61722,WGS84,-117.61722,34.030833,193.68694081676458,-246.66385202765022,0.19014586397669994,-0.24215422608171425,15.00084,14.645303,2,"Annual average of quarterly means of daily PM2.5 means, micrograms per cubic metre at local conditions",Micrograms/cubic meter (LC),PM25 Annual 2024,Quarterly Means of Daily Means,24-HR BLK AVG,No Events,Y,Certified,357,98,357
6,71,306,06-071-0306,88101,1,10304,34.510961,-117.32554,NAD83,-117.32554,34.510961,219.3519579445331,-192.79672658286066,0.21534166104570887,-0.18927192506313037,9.062117,8.994784,2,"Annual average of quarterly means of daily PM2.5 means, micrograms per cubic metre at local conditions",Micrograms/cubic meter (LC),PM25 Annual 2024,Quarterly Means of Daily Means,24-HR BLK AVG,No Events,Y,Certified,359,98,359
6,71,2002,06-071-2002,88101,1,10384,34.10002,-117.49201,WGS84,-117.49201,34.10002,205.0805275344799,-238.73665736212192,0.20133114771910243,-0.2343719601621221,13.599174,13.599174,1,"Annual average of quarterly means of daily PM2.5 means, micrograms per cubic metre at local conditions",Micrograms/cubic meter (LC),PM25 Annual 2024,Quarterly Means of Daily Means,24 HOUR,No Events,Y,Certified,121,99,121
6,71,8001,06-071-8001,88101,3,10482,34.26464,-116.86147,NAD83,-116.86147,34.26464,262.7391619096779,-218.9798229069564,0.25793563949720644,-0.21497632955801213,7.948287,7.641385,2,"Annual average of quarterly means of daily PM2.5 means, micrograms per cubic metre at local conditions",Micrograms/cubic meter (LC),PM25 Annual 2024,Quarterly Means of Daily Means,24-HR BLK AVG,No Events,Y,Certified,321,88,321
6,71,9004,06-071-9004,88101,1,10584,34.106678,-117.274063,NAD83,-117.274063,34.106678,225.17317838140693,-237.52228632338534,0.22105645515986316,-0.2331797908327129,13.242478,13.242478,1,"Annual average of quarterly means of daily PM2.5 means, micrograms per cubic metre at local conditions",Micrograms/cubic meter (LC),PM25 Annual 2024,Quarterly Means of Daily Means,24 HOUR,No Events,Y,Certified,113,93,113
6,73,1,06-073-0001,88101,3,10710,32.631242,-117.059088,NAD83,-117.059088,32.631242,249.28718511626724,-400.63377786693303,0.2447295981461925,-0.39330920045262857,9.909497,9.909497,1,"Annual average of quarterly means of daily PM2.5 means, micrograms per cubic metre at local conditions",Micrograms/cubic meter (LC),PM25 Annual 2024,Quarterly Means of Daily Means,24-HR BLK AVG,No Events,Y,Certified,358,98,358
6,73,77,06-073-0077,88101,3,10720,32.6509,-116.365,WGS84,-116.365,32.6509,314.36422576173476,-396.491676722757,0.3086168693602371,-0.3892428271730623,6.03388,6.03388,1,"Annual average of quarterly means of daily PM2.5 means, micrograms per cubic metre at local conditions",Micrograms/cubic meter (LC),PM25 Annual 2024,Quarterly Means of Daily Means,24-HR BLK AVG,Events Included,Y,Certification not required,366,100,366
6,73,1006,06-073-1006,88101,3,10748,32.842318,-116.768293,NAD83,-116.768293,32.842318,275.91101979584255,-376.4614676217027,0.27086668320816326,-0.36957881988845614,6.714986,6.714986,1,"Annual average of quarterly means of daily PM2.5 means, micrograms per cubic metre at local conditions",Micrograms/cubic meter (LC),PM25 Annual 2024,Quarterly Means of Daily Means,24-HR BLK AVG,No Events,Y,Certified,347,95,347
6,73,1008,06-073-1008,88101,3,10775,33.217046,-117.396249,WGS84,-117.396249,33.217046,216.16385269084435,-336.460877821279,0.21221184224969208,-0.3303095399096131,7.623964,7.623964,1,"Annual average of quarterly means of daily PM2.5 means, micrograms per cubic metre at local conditions",Micrograms/cubic meter (LC),PM25 Annual 2024,Quarterly Means of Daily Means,24-HR BLK AVG,No Events,Y,Certified,338,92,338
6,73,1014,06-073-1014,88101,3,10905,32.578165,-116.921374,WGS84,-116.921374,32.578165,262.3741380623361,-406.165964427041,0.25757728918958006,-0.3987402449449218,13.617544,13.617544,1,"Annual average of quarterly means of daily PM2.5 means, micrograms per cubic metre at local conditions",Micrograms/cubic meter (LC),PM25 Annual 2024,Quarterly Means of Daily Means,24-HR BLK AVG,No Events,Y,Certified,342,93,342
6,73,1016,06-073-1016,88101,4,10934,32.845709,-117.123964,NAD83,-117.123964,32.845709,242.59664394557083,-377.01194029823995,0.23816137663363693,-0.3701192285615157,7.734973,7.9128035,2,"Annual average of quarterly means of daily PM2.5 means, micrograms per cubic metre at local conditions",Micrograms/cubic meter (LC),PM25 Annual 2024,Quarterly Means of Daily Means,24-HR BLK AVG,No Events,Y,Certified,366,100,366
6,73,1017,06-073-1017,88101,3,10951,32.985428,-117.082198,WGS84,-117.082198,32.985428,246.1088639989685,-361.415628852712,0.24160938460832734,-0.354808056305121,7.73726,7.73726,1,"Annual average of quarterly means of daily PM2.5 means, micrograms per cubic metre at local conditions",Micrograms/cubic meter (LC),PM25 Annual 2024,Quarterly Means of Daily Means,24-HR BLK AVG,No Events,Y,Certified,365,100,365
6,73,1022,06-073-1022,88101,3,11112,32.789565,-116.944308,NAD83,-116.944308,32.789565,259.58763382732826,-382.78458422521624,0.25484172915127296,-0.375786334264647,9.192011,9.192011,1,"Annual average of quarterly means of daily PM2.5 means, micrograms per cubic metre at local conditions",Micrograms/cubic meter (LC),PM25 Annual 2024,Quarterly Means of Daily Means,24-HR BLK AVG,No Events,Y,Certified,363,99,363
6,73,1025,06-073-1025,88101,3,11257,32.552824,-117.047345,WGS84,-117.047345,32.552824,250.61502327542408,-409.29982033299643,0.2460331601361202,-0.4018168062056013,13.452601,13.452601,1,"Annual average of quarterly means of daily PM2.5 means, micrograms per cubic metre at local conditions",Micrograms/cubic meter (LC),PM25 Annual 2024,Quarterly Means of Daily Means,24-HR BLK AVG,No Events,Y,Certified,346,95,346
6,73,1201,06-073-1201,88101,1,11345,33.362593,-117.09023,WGS84,-117.09023,33.362593,244.28018426544082,-319.6093546890699,0.23981413766807413,-0.313766104344029,6.057377,5.5094259999999995,2,"Annual average of quarterly means of daily PM2.5 means, micrograms per cubic metre at local conditions",Micrograms/cubic meter (LC),PM25 Annual 2024,Quarterly Means of Daily Means,24-HR BLK AVG,Events Included,Y,Certification not required,366,100,366
6,75,5,06-075-0005,88101,3,11656,37.765946,-122.399044,WGS84,-122.399044,37.765946,-236.56585836905242,169.03287245752867,-0.23224084874946654,0.16594253302966183,6.69012,6.69012,1,"Annual average of quarterly means of daily PM2.5 means, micrograms per cubic metre at local conditions",Micrograms/cubic meter (LC),PM25 Annual 2024,Quarterly Means of Daily Means,24-HR BLK AVG,No Events,Y,Certification not required,334,91,334
6,77,1003,06-077-1003,88101,3,11737,37.961578,-121.281414,WGS84,-121.281414,37.961578,-137.744262396466,188.5576995622916,-0.13522595622999423,0.1851103979521765,10.117127,10.117127,1,"Annual average of quarterly means of daily PM2.5 means, micrograms per cubic metre at local conditions",Micrograms/cubic meter (LC),PM25 Annual 2024,Quarterly Means of Daily Means,24-HR BLK AVG,No Events,Y,Certified,362,99,362
6,77,2010,06-077-2010,88101,3,11754,37.793392,-121.247874,NAD83,-121.247874,37.793392,-135.0999723878197,169.84321169636252,-0.1326300103898734,0.16673805726083885,8.157064,8.157064,1,"Annual average of quarterly means of daily PM2.5 means, micrograms per cubic metre at local conditions",Micrograms/cubic meter (LC),PM25 Annual 2024,Quarterly Means of Daily Means,24-HR BLK AVG,No Events,Y,Certified,361,99,361
6,79,2004,06-079-2004,88101,1,11808,35.02083,-120.56388,WGS84,-120.56388,35.02083,-77.55811189782008,-138.5645321046876,-0.07614015758121837,-0.13603122937699108,5.653977,5.653977,1,"Annual average of quarterly means of daily PM2.5 means, micrograms per cubic metre at local conditions",Micrograms/cubic meter (LC),PM25 Annual 2024,Quarterly Means of Daily Means,24-HR BLK AVG,No Events,Y,Certified,352,96,352
6,79,2007,06-079-2007,88101,1,11824,35.04673,-120.58777,NAD83,-120.58777,35.04673,-79.71311013810974,-135.6719855478623,-0.078255757117977,-0.1331915657330663,5.481375,5.481375,1,"Annual average of quarterly means of daily PM2.5 means, micrograms per cubic metre at local conditions",Micrograms/cubic meter (LC),PM25 Annual 2024,Quarterly Means of Daily Means,24-HR BLK AVG,No Events,Y,Certified,349,95,349
6,79,8002,06-079-8002,88101,3,11883,35.49453,-120.66617,WGS84,-120.66617,35.49453,-86.38561604596849,-85.92463103415257,-0.08480627309695425,-0.08435371603253672,4.861625,4.861625,1,"Annual average of quarterly means of daily PM2.5 means, micrograms per cubic metre at local conditions",Micrograms/cubic meter (LC),PM25 Annual 2024,Quarterly Means of Daily Means,24-HR BLK AVG,No Events,Y,Certified,357,98,357
6,83,11,06-083-0011,88101,3,11970,34.427775,-119.691218,WGS84,-119.691218,34.427775,2.1059346274992095,-204.69205757834115,0.002067432928289749,-0.20094977995559962,7.329834,7.329834,1,"Annual average of quarterly means of daily PM2.5 means, micrograms per cubic metre at local conditions",Micrograms/cubic meter (LC),PM25 Annual 2024,Quarterly Means of Daily Means,24-HR BLK AVG,No Events,Y,Certified,362,99,362
6,83,1009,06-083-1009,88101,1,11992,34.890667,-120.432844,WGS84,-120.432844,34.890667,-65.70347148734996,-153.10054151274602,-0.06450224934911707,-0.15030148454243109,5.291989,5.291989,1,"Annual average of quarterly means of daily PM2.5 means, micrograms per cubic metre at local conditions",Micrograms/cubic meter (LC),PM25 Annual 2024,Quarterly Means of Daily Means,24-HR BLK AVG,No Events,Y,Certified,362,99,362
6,83,2004,06-083-2004,88101,1,12112,34.63782,-120.4575,WGS84,-120.4575,34.63782,-68.16758068538306,-181.13334140146836,-0.06692130852996392,-0.17782177544097824,4.25072,4.25072,1,"Annual average of quarterly means of daily PM2.5 means, micrograms per cubic metre at local conditions",Micrograms/cubic meter (LC),PM25 Annual 2024,Quarterly Means of Daily Means,24-HR BLK AVG,No Events,Y,Certified,347,95,347
6,83,2011,06-083-2011,88101,1,12134,34.44551,-119.8284,WGS84,-119.8284,34.44551,-10.503626470315222,-202.71884684572666,-0.0103115941718346,-0.19901264440077648,6.138592,6.138592,1,"Annual average of quarterly means of daily PM2.5 means, micrograms per cubic metre at local conditions",Micrograms/cubic meter (LC),PM25 Annual 2024,Quarterly Means of Daily Means,24-HR BLK AVG,No Events,Y,Certified,355,97,355
6,83,9001,06-083-9001,88101,1,12156,34.39424,-119.514721,WGS84,-119.514721,34.39424,18.33959476003694,-208.39373526117282,0.018004301559643138,-0.20458378180516765,5.205817,5.205817,1,"Annual average of quarterly means of daily PM2.5 means, micrograms per cubic metre at local conditions",Micrograms/cubic meter (LC),PM25 Annual 2024,Quarterly Means of Daily Means,24-HR BLK AVG,No Events,Y,Certified,361,99,361
6,85,5,06-085-0005,88101,3,12295,37.348497,-121.894898,WGS84,-121.894898,37.348497,-193.21932177095337,121.57658169844302,-0.18968679416485418,0.11935386076572993,9.262535,8.622444,2,"Annual average of quarterly means of daily PM2.5 means, micrograms per cubic metre at local conditions",Micrograms/cubic meter (LC),PM25 Annual 2024,Quarterly Means of Daily Means,24-HR BLK AVG,No Events,Y,Certified,355,97,355
6,87,7,06-087-0007,88101,3,12427,36.98332,-121.98822,NAD83,-121.98822,36.98332,-202.4514657444551,81.245338629016,-0.1987501516880622,0.07975997267832659,6.153889,6.153889,1,"Annual average of quarterly means of daily PM2.5 means, micrograms per cubic metre at local conditions",Micrograms/cubic meter (LC),PM25 Annual 2024,Quarterly Means of Daily Means,24-HR BLK AVG,No Events,Y,Certified,360,98,360
6,87,1005,06-087-1005,88101,3,12439,37.06315,-122.083092,NAD83,-122.083092,37.06315,-210.67645962841215,90.30729382168522,-0.20682477231903,0.08865625289299704,6.146,6.146,1,"Annual average of quarterly means of daily PM2.5 means, micrograms per cubic metre at local conditions",Micrograms/cubic meter (LC),PM25 Annual 2024,Quarterly Means of Daily Means,24-HR BLK AVG,No Events,Y,Certified,350,96,350
6,89,4,06-089-0004,88101,3,12479,40.55013,-122.38092,NAD83,-122.38092,40.55013,-226.0674393650397,478.02900017801716,-0.22193436683855694,0.4692894464720653,5.98,6.017586,2,"Annual average of quarterly means of daily PM2.5 means, micrograms per cubic metre at local conditions",Micrograms/cubic meter (LC),PM25 Annual 2024,Quarterly Means of Daily Means,24-HR BLK AVG,Events Included,Y,Certified,325,89,325
6,93,2001,06-093-2001,88101,3,12609,41.726892,-122.633579,WGS84,-122.633579,41.726892,-243.2344675572034,609.3231292595257,-0.23878753925042043,0.5981831937943987,5.473864,5.473864,1,"Annual average of quarterly means of daily PM2.5 means, micrograms per cubic metre at local conditions",Micrograms/cubic meter (LC),PM25 Annual 2024,Quarterly Means of Daily Means,24-HR BLK AVG,No Events,Y,Certified,352,96,352
6,97,4,06-097-0004,88101,3,12722,38.403765,-122.818294,WGS84,-122.818294,38.403765,-271.15859530805056,240.93111281655655,-0.2662011448068411,0.23652629553745652,3.398534,3.398534,1,"Annual average of quarterly means of daily PM2.5 means, micrograms per cubic metre at local conditions",Micrograms/cubic meter (LC),PM25 Annual 2024,Quarterly Means of Daily Means,24-HR BLK AVG,No Events,Y,Certification not required,341,93,341
6,99,5,06-099-0005,88101,3,12749,37.642165,-120.994212,NAD83,-120.994212,37.642165,-112.98464347900494,152.7304366281729,-0.11091900445027475,0.1499381460915144,9.064826,9.064826,1,"Annual average of quarterly means of daily PM2.5 means, micrograms per cubic metre at local conditions",Micrograms/cubic meter (LC),PM25 Annual 2024,Quarterly Means of Daily Means,24-HR BLK AVG,No Events,Y,Certified,344,94,344
6,99,6,06-099-0006,88101,3,12825,37.488317,-120.836008,NAD83,-120.836008,37.488317,-99.22360228478658,135.48053983635256,-0.09740954916093224,0.1330036201231757,9.36205,9.36205,1,"Annual average of quarterly means of daily PM2.5 means, micrograms per cubic metre at local conditions",Micrograms/cubic meter (LC),PM25 Annual 2024,Quarterly Means of Daily Means,24-HR BLK AVG,No Events,Y,Certified,361,99,361
6,101,3,06-101-0003,88101,3,12851,39.138773,-121.618549,WGS84,-121.618549,39.138773,-164.70772031744193,319.76133228174893,-0.1616964553796178,0.3139153034100228,7.365193,7.7529565,2,"Annual average of quarterly means of daily PM2.5 means, micrograms per cubic metre at local conditions",Micrograms/cubic meter (LC),PM25 Annual 2024,Quarterly Means of Daily Means,24-HR BLK AVG,No Events,Y,Certified,362,99,362
6,103,7,06-103-0007,88101,3,12896,40.17093,-122.25556,WGS84,-122.25556,40.17093,-216.62003369804668,435.63393094438214,-0.2126596831385949,0.4276694640726954,5.934294,5.934294,1,"Annual average of quarterly means of daily PM2.5 means, micrograms per cubic metre at local conditions",Micrograms/cubic meter (LC),PM25 Annual 2024,Quarterly Means of Daily Means,24-HR BLK AVG,No Events,Y,Certified,347,95,347
6,107,9,06-107-0009,88101,1,12989,36.48947,-118.82915,WGS84,-118.82915,36.48947,79.29567905126274,24.41370998068402,0.077845957704942,0.02396736691476487,6.161207,6.161207,1,"Annual average of quarterly means of daily PM2.5 means, micrograms per cubic metre at local conditions",Micrograms/cubic meter (LC),PM25 Annual 2024,Quarterly Means of Daily Means,24-HR BLK AVG,Events Included,Y,Certification not required,348,95,348
6,107,2003,06-107-2003,88101,3,13061,36.30815,-119.3129,WGS84,-119.3129,36.30815,36.034545421435006,4.005009651401745,0.03537574471088624,0.003931788158713548,13.060335,13.060335,1,"Annual average of quarterly means of daily PM2.5 means, micrograms per cubic metre at local conditions",Micrograms/cubic meter (LC),PM25 Annual 2024,Quarterly Means of Daily Means,24-HR BLK AVG,No Events,Y,Certified,358,98,358
6,111,7,06-111-0007,88101,3,13155,34.210169,-118.870509,NAD83,-118.870509,34.210169,77.76058036622966,-228.49777941696897,0.07633892442472073,-0.22432027425690196,6.280332,6.280332,1,"Annual average of quarterly means of daily PM2.5 means, micrograms per cubic metre at local conditions",Micrograms/cubic meter (LC),PM25 Annual 2024,Quarterly Means of Daily Means,24-HR BLK AVG,No Events,Y,Certified,361,99,361
6,111,9,06-111-0009,88101,3,13194,34.404281,-118.80998,NAD83,-118.80998,34.404281,83.14494721346028,-206.91610746818543,0.08162485171448434,-0.2031331687067896,5.704469,5.704469,1,"Annual average of quarterly means of daily PM2.5 means, micrograms per cubic metre at local conditions",Micrograms/cubic meter (LC),PM25 Annual 2024,Quarterly Means of Daily Means,24-HR BLK AVG,Events Included,Y,Certified,358,98,358
6,111,1004,06-111-1004,88101,3,13217,34.44806,-119.2313,NAD83,-119.2313,34.44806,44.37739470753553,-202.33305727570817,0.04356606605544057,-0.1986339080192991,5.075691,5.075691,1,"Annual average of quarterly means of daily PM2.5 means, micrograms per cubic metre at local conditions",Micrograms/cubic meter (LC),PM25 Annual 2024,Quarterly Means of Daily Means,24-HR BLK AVG,No Events,Y,Certified,362,99,362
6,111,2002,06-111-2002,88101,3,13272,34.276316,-118.683685,NAD83,-118.683685,34.276316,94.90502448395954,-220.9965359947833,0.0931699256549484,-0.2169561721372841,7.319444,7.0865275,2,"Annual average of quarterly means of daily PM2.5 means, micrograms per cubic metre at local conditions",Micrograms/cubic meter (LC),PM25 Annual 2024,Quarterly Means of Daily Means,24-HR BLK AVG,No Events,Y,Certified,360,98,360
6,111,3001,06-111-3001,88101,3,13310,34.25239,-119.143182,NAD83,-119.143182,34.25239,52.600477336277265,-223.99493517775997,0.05163881037367059,-0.21989975315926688,5.152089,5.152089,1,"Annual average of quarterly means of daily PM2.5 means, micrograms per cubic metre at local conditions",Micrograms/cubic meter (LC),PM25 Annual 2024,Quarterly Means of Daily Means,24-HR BLK AVG,No Events,Y,Certified,359,98,359
6,113,1003,06-113-1003,88101,3,13349,38.66121,-121.73269,WGS84,-121.73269,38.66121,-175.72907672314335,266.9552002902242,-0.17251631410173895,0.2620745982573962,7.837466,7.837466,1,"Annual average of quarterly means of daily PM2.5 means, micrograms per cubic metre at local conditions",Micrograms/cubic meter (LC),PM25 Annual 2024,Quarterly Means of Daily Means,24-HR BLK AVG,No Events,Y,Certified,363,99,363
8,1,10,08-001-0010,88101,3,13638,39.8281,-104.93647,WGS84,-104.93647,39.8281,91.15960328440548,46.91082930437267,0.169041926672153,0.08698915617984272,7.147541,7.6087705,2,"Annual average of quarterly means of daily PM2.5 means, micrograms per cubic metre at local conditions",Micrograms/cubic meter (LC),PM25 Annual 2024,Quarterly Means of Daily Means,24-HR BLK AVG,No Events,Y,Certified,366,100,366
8,1,3001,08-001-3001,88101,3,13740,39.838119,-104.94984,WGS84,-104.94984,39.838119,90.00206011100384,48.00975374580718,0.16689543501150442,0.08902694812006925,7.018927,7.018927,1,"Annual average of quarterly means of daily PM2.5 means, micrograms per cubic metre at local conditions",Micrograms/cubic meter (LC),PM25 Annual 2024,Quarterly Means of Daily Means,24-HR BLK AVG,No Events,Y,Certified,354,97,354
8,3,1,08-003-0001,88101,3,13760,37.469391,-105.878691,WGS84,-105.878691,37.469391,10.851747313495217,-215.45882948880498,0.02012295147785488,-0.3995363553929054,5.116484,5.116484,1,"Annual average of quarterly means of daily PM2.5 means, micrograms per cubic metre at local conditions",Micrograms/cubic meter (LC),PM25 Annual 2024,Quarterly Means of Daily Means,24-HR BLK AVG,No Events,Y,Certified,364,99,364
8,13,1001,08-013-1001,88101,3,13925,40.012969,-105.267212,WGS84,-105.267212,40.012969,62.67857728039516,67.15401156128748,0.11622809975918309,0.12452712702871113,4.798607,4.798607,1,"Annual average of quarterly means of daily PM2.5 means, micrograms per cubic metre at local conditions",Micrograms/cubic meter (LC),PM25 Annual 2024,Quarterly Means of Daily Means,24-HR BLK AVG,No Events,Y,Certified,359,98,359
8,31,13,08-031-0013,88101,3,14001,39.738578,-104.939925,WGS84,-104.939925,39.738578,90.98136716959912,36.96801874812797,0.16871141430522854,0.0685516927376192,5.963934,5.963934,1,"Annual average of quarterly means of daily PM2.5 means, micrograms per cubic metre at local conditions",Micrograms/cubic meter (LC),PM25 Annual 2024,Quarterly Means of Daily Means,24-HR BLK AVG,No Events,Y,Certified,366,100,366
8,31,26,08-031-0026,88101,3,14067,39.77949,-105.00518,WGS84,-105.00518,39.77949,85.33774717466756,41.44642258880796,0.15824616036624042,0.07685622661412873,5.588122,5.949103,2,"Annual average of quarterly means of daily PM2.5 means, micrograms per cubic metre at local conditions",Micrograms/cubic meter (LC),PM25 Annual 2024,Quarterly Means of Daily Means,24-HR BLK AVG,No Events,Y,Certified,362,99,362
8,31,27,08-031-0027,88101,3,14170,39.73217,-105.0153,WGS84,-105.0153,39.73217,84.52852001567493,36.183100926791624,0.1567455689513703,0.06709617937405125,7.782597,7.895465,2,"Annual average of quarterly means of daily PM2.5 means, micrograms per cubic metre at local conditions",Micrograms/cubic meter (LC),PM25 Annual 2024,Quarterly Means of Daily Means,24-HR BLK AVG,No Events,Y,Certified,362,99,362
8,31,28,08-031-0028,88101,3,14193,39.7861,-104.9886,WGS84,-104.9886,39.7861,86.74976285405087,42.19616033125737,0.1608645334430688,0.07824650375352211,7.594231,7.594231,1,"Annual average of quarterly means of daily PM2.5 means, micrograms per cubic metre at local conditions",Micrograms/cubic meter (LC),PM25 Annual 2024,Quarterly Means of Daily Means,24-HR BLK AVG,No Events,Y,Certified,364,99,364
8,35,4,08-035-0004,88101,3,14303,39.534488,-105.070358,WGS84,-105.070358,39.534488,80.03596118259972,14.185295643746999,0.1484147867466506,0.026304521077740343,4.497486,4.497486,1,"Annual average of quarterly means of daily PM2.5 means, micrograms per cubic metre at local conditions",Micrograms/cubic meter (LC),PM25 Annual 2024,Quarterly Means of Daily Means,24-HR BLK AVG,No Events,Y,Certified,358,98,358
8,41,17,08-041-0017,88101,3,14325,38.848014,-104.828564,WGS84,-104.828564,38.848014,101.80911755187257,-61.78074876351823,0.1887898670430517,-0.11456321030326287,5.666017,5.666017,1,"Annual average of quarterly means of daily PM2.5 means, micrograms per cubic metre at local conditions",Micrograms/cubic meter (LC),PM25 Annual 2024,Quarterly Means of Daily Means,24-HR BLK AVG,No Events,Y,Certified,359,98,359
8,45,19,08-045-0019,88101,1,14370,39.43806,-108.02611,WGS84,-108.02611,39.43806,-174.29727584189186,5.022031719296263,-0.32320837586467854,0.009312610926903091,4.108523,4.108523,1,"Annual average of quarterly means of daily PM2.5 means, micrograms per cubic metre at local conditions",Micrograms/cubic meter (LC),PM25 Annual 2024,Quarterly Means of Daily Means,24-HR BLK AVG,Events Included,Y,Certification not required,352,96,352
8,69,9,08-069-0009,88101,3,14776,40.571288,-105.079693,WGS84,-105.079693,40.571288,78.04709080958709,129.2956800431526,0.14472672243261103,0.23975960927223228,6.440437,6.440437,1,"Annual average of quarterly means of daily PM2.5 means, micrograms per cubic metre at local conditions",Micrograms/cubic meter (LC),PM25 Annual 2024,Quarterly Means of Daily Means,24-HR BLK AVG,No Events,Y,Certified,366,100,366
8,77,17,08-077-0017,88101,3,14920,39.063798,-108.561173,WGS84,-108.561173,39.063798,-221.52173865375897,-35.349975836790186,-0.410779118739347,-0.06555127280032062,4.91456,4.91456,1,"Annual average of quarterly means of daily PM2.5 means, micrograms per cubic metre at local conditions",Micrograms/cubic meter (LC),PM25 Annual 2024,Quarterly Means of Daily Means,24-HR BLK AVG,No Events,Y,Certified,364,99,364
8,99,2,08-099-0002,88101,3,15204,38.084688,-102.618641,WGS84,-102.618641,38.084688,296.72754797027864,-141.66247385145357,0.550237107209749,-0.2626919891509638,5.540437,5.540437,1,"Annual average of quarterly means of daily PM2.5 means, micrograms per cubic metre at local conditions",Micrograms/cubic meter (LC),PM25 Annual 2024,Quarterly Means of Daily Means,24-HR BLK AVG,No Events,Y,Certified,366,100,366
8,101,15,08-101-0015,88101,3,15215,38.276099,-104.597613,WGS84,-104.597613,38.276099,122.83223644183249,-124.97864451242131,0.2277741143826241,-0.23175430892718574,4.667213,4.667213,1,"Annual average of quarterly means of daily PM2.5 means, micrograms per cubic metre at local conditions",Micrograms/cubic meter (LC),PM25 Annual 2024,Quarterly Means of Daily Means,24-HR BLK AVG,No Events,Y,Certified,366,100,366
8,103,6,08-103-0006,88101,1,15251,40.086944,-108.761389,WGS84,-108.761389,40.086944,-235.36028406200484,78.72879782264144,-0.43644064307542474,0.14599084670214194,5.547688,5.547688,1,"Annual average of quarterly means of daily PM2.5 means, micrograms per cubic metre at local conditions",Micrograms/cubic meter (LC),PM25 Annual 2024,Quarterly Means of Daily Means,24-HR BLK AVG,No Events,Y,Certification not required,346,95,346
8,123,6,08-123-0006,88101,3,15332,40.414877,-104.70693,WGS84,-104.70693,40.414877,109.86453074932152,112.31887087130605,0.2037274327846306,0.20827864152162612,6.848077,6.848077,1,"Annual average of quarterly means of daily PM2.5 means, micrograms per cubic metre at local conditions",Micrograms/cubic meter (LC),PM25 Annual 2024,Quarterly Means of Daily Means,24-HR BLK AVG,No Events,Y,Certified,364,99,364
48,13,1090,48-013-1090,88101,1,55855,29.162997,-98.589158,NAD83,-98.589158,29.162997,-120.85155819127226,-156.07844940782218,-0.09943826062178213,-0.12842341267205526,10.395389,10.395389,1,"Annual average of quarterly means of daily PM2.5 means, micrograms per cubic metre at local conditions",Micrograms/cubic meter (LC),PM25 Annual 2024,Quarterly Means of Daily Means,24-HR BLK AVG,Events Included,Y,Requested but not yet concurred,347,95,347
48,27,1045,48-027-1045,88101,1,55876,31.122419,-97.431052,WGS84,-97.431052,31.122419,-8.01477363035748,60.47896420114835,-0.006594661757018458,0.049762891719202826,7.581714,7.581714,1,"Annual average of quarterly means of daily PM2.5 means, micrograms per cubic metre at local conditions",Micrograms/cubic meter (LC),PM25 Annual 2024,Quarterly Means of Daily Means,24-HR BLK AVG,No Events,Y,Requested but not yet concurred,350,96,350
48,29,32,48-029-0032,88101,2,55922,29.51509,-98.620166,WGS84,-98.620166,29.51509,-123.43791831595726,-117.0187360106026,-0.10156635194298104,-0.09628456383356891,9.704412,9.704412,1,"Annual average of quarterly means of daily PM2.5 means, micrograms per cubic metre at local conditions",Micrograms/cubic meter (LC),PM25 Annual 2024,Quarterly Means of Daily Means,24-HR BLK AVG,No Events,Y,Requested but not yet concurred,340,93,340
48,29,59,48-029-0059,88101,2,55967,29.275381,-98.311692,WGS84,-98.311692,29.275381,-93.75278401372132,-143.88266202648515,-0.077141030784387,-0.11838855749713197,8.167429,8.167429,1,"Annual average of quarterly means of daily PM2.5 means, micrograms per cubic metre at local conditions",Micrograms/cubic meter (LC),PM25 Annual 2024,Quarterly Means of Daily Means,24-HR BLK AVG,No Events,Y,Requested but not yet concurred,350,96,350
48,29,1069,48-029-1069,88101,2,56001,29.529432,-98.391403,NAD83,-98.391403,29.529432,-101.24435215954513,-115.65481619452112,-0.08330519214812578,-0.0951623125678958,9.58739,9.58739,1,"Annual average of quarterly means of daily PM2.5 means, micrograms per cubic metre at local conditions",Micrograms/cubic meter (LC),PM25 Annual 2024,Quarterly Means of Daily Means,24-HR BLK AVG,No Events,Y,Requested but not yet concurred,341,93,341
48,29,1087,48-029-1087,88101,2,56019,29.635,-98.4177,NAD83,-98.4177,29.635,-103.68450987493328,-103.92939660116087,-0.08531298619308947,-0.08551448223062415,10.78595,10.78595,1,"Annual average of quarterly means of daily PM2.5 means, micrograms per cubic metre at local conditions",Micrograms/cubic meter (LC),PM25 Annual 2024,Quarterly Means of Daily Means,24-HR BLK AVG,No Events,Y,Requested but not yet concurred,363,99,363
48,37,1031,48-037-1031,88101,2,56035,33.436111,-94.07778,WGS84,-94.07778,33.436111,304.0887432127683,321.58407685713655,0.25020824019400345,0.2646036321329331,9.360833,9.360833,1,"Annual average of quarterly means of daily PM2.5 means, micrograms per cubic metre at local conditions",Micrograms/cubic meter (LC),PM25 Annual 2024,Quarterly Means of Daily Means,24-HR BLK AVG,No Events,Y,Requested but not yet concurred,360,98,360
48,39,1012,48-039-1012,88101,5,56071,28.964394,-95.354974,WGS84,-95.354974,28.964394,194.18562720043462,-177.057996467846,0.1597785026155794,-0.14568566149618548,8.0,8.0,1,"Annual average of quarterly means of daily PM2.5 means, micrograms per cubic metre at local conditions",Micrograms/cubic meter (LC),PM25 Annual 2024,Quarterly Means of Daily Means,24 HOUR,No Events,Y,Requested but not yet concurred,59,97,61
48,41,1086,48-041-1086,88101,1,56151,30.628333,-96.362777,NAD83,-96.362777,30.628333,94.36129614758404,6.11047307562583,0.0776417226171128,0.005027778071796057,8.22238,8.22238,1,"Annual average of quarterly means of daily PM2.5 means, micrograms per cubic metre at local conditions",Micrograms/cubic meter (LC),PM25 Annual 2024,Quarterly Means of Daily Means,24-HR BLK AVG,No Events,Y,Requested but not yet concurred,353,96,353
48,61,1098,48-061-1098,88101,1,56260,25.900911,-97.507783,WGS84,-97.507783,25.900911,-16.125986087082275,-518.2032683754543,-0.013268674655998977,-0.42638450365879604,10.241261,10.241261,1,"Annual average of quarterly means of daily PM2.5 means, micrograms per cubic metre at local conditions",Micrograms/cubic meter (LC),PM25 Annual 2024,Quarterly Means of Daily Means,24-HR BLK AVG,No Events,Y,Requested but not yet concurred,349,95,349
48,61,2004,48-061-2004,88101,1,56276,26.0711,-97.1577,NAD83,-97.1577,26.0711,18.96280572694863,-499.3441551205307,0.015602847379196788,-0.41086697581715476,20.973765,20.973765,1,"Annual average of quarterly means of daily PM2.5 means, micrograms per cubic metre at local conditions",Micrograms/cubic meter (LC),PM25 Annual 2024,Quarterly Means of Daily Means,24-HR BLK AVG,No Events,Y,Requested but not yet concurred,324,89,324
48,113,50,48-113-0050,88101,3,56366,32.774262,-96.797686,WGS84,-96.797686,32.774262,51.48017974928096,243.77038132006936,0.04235857284242186,0.20057749417853063,10.125588,10.125588,1,"Annual average of quarterly means of daily PM2.5 means, micrograms per cubic metre at local conditions",Micrograms/cubic meter (LC),PM25 Annual 2024,Quarterly Means of Daily Means,24-HR BLK AVG,No Events,Y,Requested but not yet concurred,340,93,340
48,113,69,48-113-0069,88101,1,56485,32.820061,-96.860117,WGS84,-96.860117,32.820061,45.60671185487682,248.822027371409,0.037525805768677936,0.20473405536930214,9.236036,8.8537325,2,"Annual average of quarterly means of daily PM2.5 means, micrograms per cubic metre at local conditions",Micrograms/cubic meter (LC),PM25 Annual 2024,Quarterly Means of Daily Means,24 HOUR,No Events,Y,Requested but not yet concurred,111,91,111
48,135,1014,48-135-1014,88101,1,56759,31.870259,-102.334745,NAD83,-102.334745,31.870259,-471.84731994997253,153.98218195147462,-0.38824221612943394,0.126698576080976,7.292978,7.292978,1,"Annual average of quarterly means of daily PM2.5 means, micrograms per cubic metre at local conditions",Micrograms/cubic meter (LC),PM25 Annual 2024,Quarterly Means of Daily Means,24-HR BLK AVG,No Events,Y,Requested but not yet concurred,356,97,356
48,201,24,48-201-0024,88101,4,57272,29.901036,-95.326137,WGS84,-95.326137,29.901036,195.17539575138542,-73.18847220759702,0.1605928972712852,-0.06022044301961411,10.895614,10.6061405,2,"Annual average of quarterly means of daily PM2.5 means, micrograms per cubic metre at local conditions",Micrograms/cubic meter (LC),PM25 Annual 2024,Quarterly Means of Daily Means,24-HR BLK AVG,No Events,Y,Requested but not yet concurred,342,93,342
48,201,46,48-201-0046,88101,1,57386,29.828086,-95.284096,WGS84,-95.284096,29.828086,199.38128042822458,-81.20184465433702,0.16405355481596298,-0.06681395186421821,13.102121,13.102121,1,"Annual average of quarterly means of daily PM2.5 means, micrograms per cubic metre at local conditions",Micrograms/cubic meter (LC),PM25 Annual 2024,Quarterly Means of Daily Means,24-HR BLK AVG,No Events,Y,Requested but not yet concurred,330,90,330
48,201,55,48-201-0055,88101,1,57436,29.695729,-95.499219,WGS84,-95.499219,29.695729,178.82851165252615,-96.23174007943548,0.14714246480930784,-0.07918074862519706,10.828035,10.828035,1,"Annual average of quarterly means of daily PM2.5 means, micrograms per cubic metre at local conditions",Micrograms/cubic meter (LC),PM25 Annual 2024,Quarterly Means of Daily Means,24-HR BLK AVG,No Events,Y,Requested but not yet concurred,346,95,346
48,201,66,48-201-0066,88101,1,57477,29.723333,-95.635833,WGS84,-95.635833,29.723333,165.56250327365447,-93.37900486144804,0.13622701764145945,-0.07683348035380079,9.191445,9.191445,1,"Annual average of quarterly means of daily PM2.5 means, micrograms per cubic metre at local conditions",Micrograms/cubic meter (LC),PM25 Annual 2024,Quarterly Means of Daily Means,24-HR BLK AVG,No Events,Y,Requested but not yet concurred,339,93,339
48,201,1034,48-201-1034,88101,1,57567,29.767997,-95.220582,WGS84,-95.220582,29.767997,205.64301788918323,-87.7493017891773,0.16920579522483303,-0.07220128620006307,10.456456,10.456456,1,"Annual average of quarterly means of daily PM2.5 means, micrograms per cubic metre at local conditions",Micrograms/cubic meter (LC),PM25 Annual 2024,Quarterly Means of Daily Means,24-HR BLK AVG,No Events,Y,Requested but not yet concurred,333,91,333
48,201,1035,48-201-1035,88101,1,57672,29.733726,-95.257593,WGS84,-95.257593,29.733726,202.13351438250814,-91.6146406931926,0.16631812931822149,-0.07538173817835411,10.507186,10.507186,1,"Annual average of quarterly means of daily PM2.5 means, micrograms per cubic metre at local conditions",Micrograms/cubic meter (LC),PM25 Annual 2024,Quarterly Means of Daily Means,24 HOUR,No Events,Y,Requested but not yet concurred,334,91,334
48,201,1039,48-201-1039,88101,6,57885,29.670025,-95.128508,WGS84,-95.128508,29.670025,214.75648377338655,-98.43885159175385,0.17670447550106777,-0.08099678917169865,9.783471,9.4692355,2,"Annual average of quarterly means of daily PM2.5 means, micrograms per cubic metre at local conditions",Micrograms/cubic meter (LC),PM25 Annual 2024,Quarterly Means of Daily Means,24-HR BLK AVG,No Events,Y,Requested but not yet concurred,363,99,363
48,201,1050,48-201-1050,88101,1,58060,29.583047,-95.015544,WGS84,-95.015544,29.583047,225.8859825300948,-107.8610817354302,0.1858619742915077,-0.08874952476475091,7.753803,7.753803,1,"Annual average of quarterly means of daily PM2.5 means, micrograms per cubic metre at local conditions",Micrograms/cubic meter (LC),PM25 Annual 2024,Quarterly Means of Daily Means,24-HR BLK AVG,No Events,Y,Requested but not yet concurred,355,97,355
48,201,1052,48-201-1052,88101,2,58082,29.81453,-95.38769,WGS84,-95.38769,29.81453,189.3957293837562,-82.8820030686049,0.1558373113345143,-0.06819640843146763,12.104985,12.104985,1,"Annual average of quarterly means of daily PM2.5 means, micrograms per cubic metre at local conditions",Micrograms/cubic meter (LC),PM25 Annual 2024,Quarterly Means of Daily Means,24-HR BLK AVG,No Events,Y,Requested but not yet concurred,341,93,341
48,203,2,48-203-0002,88101,2,58147,32.669001,-94.167468,NAD83,-94.167468,32.669001,298.2682054881514,236.26654027348292,0.24541902476408467,0.19440323450970678,9.489045,9.489045,1,"Annual average of quarterly means of daily PM2.5 means, micrograms per cubic metre at local conditions",Micrograms/cubic meter (LC),PM25 Annual 2024,Quarterly Means of Daily Means,24-HR BLK AVG,Events Included,Y,Requested but not yet concurred,356,97,356
48,215,43,48-215-0043,88101,5,58251,26.226343,-98.29085,WGS84,-98.29085,26.226343,-94.40102467442917,-481.78138578084713,-0.07767441177450284,-0.39641609689612634,14.038356,14.038356,1,"Annual average of quarterly means of daily PM2.5 means, micrograms per cubic metre at local conditions",Micrograms/cubic meter (LC),PM25 Annual 2024,Quarterly Means of Daily Means,24-HR BLK AVG,No Events,Y,Requested but not yet concurred,365,100,365
48,215,1046,48-215-1046,88101,2,58285,26.288622,-98.152066,WGS84,-98.152066,26.288622,-80.47500337140985,-474.9845041719371,-0.06621589724246488,-0.3908235328038,12.081918,12.081918,1,"Annual average of quarterly means of daily PM2.5 means, micrograms per cubic metre at local conditions",Micrograms/cubic meter (LC),PM25 Annual 2024,Quarterly Means of Daily Means,24-HR BLK AVG,Events Included,Y,Requested but not yet concurred,365,100,365
48,245,21,48-245-0021,88101,6,58468,29.922894,-93.909018,WGS84,-93.909018,29.922894,331.93325451541034,-67.47010770797976,0.2731190724020257,-0.055515297070702775,9.493785,9.493785,1,"Annual average of quarterly means of daily PM2.5 means, micrograms per cubic metre at local conditions",Micrograms/cubic meter (LC),PM25 Annual 2024,Quarterly Means of Daily Means,24-HR BLK AVG,No Events,Y,Requested but not yet concurred,354,97,354
48,245,22,48-245-0022,88101,2,58493,29.863957,-94.317802,WGS84,-94.317802,29.863957,292.64926651107345,-75.1295319577559,0.24079568745025168,-0.06181757265705961,8.062178,8.062178,1,"Annual average of quarterly means of daily PM2.5 means, micrograms per cubic metre at local conditions",Micrograms/cubic meter (LC),PM25 Annual 2024,Quarterly Means of Daily Means,24-HR BLK AVG,No Events,Y,Requested but not yet concurred,349,95,349
48,257,5,48-257-0005,88101,1,58639,32.564968,-96.317687,WGS84,-96.317687,32.564968,96.68213406731873,220.88215653779636,0.07955133875593193,0.18174476007784643,7.508824,7.508824,1,"Annual average of quarterly means of daily PM2.5 means, micrograms per cubic metre at local conditions",Micrograms/cubic meter (LC),PM25 Annual 2024,Quarterly Means of Daily Means,24-HR BLK AVG,No Events,Y,Requested but not yet concurred,340,93,340
48,273,314,48-273-0314,88101,1,58682,27.422433,-97.300869,WGS84,-97.300869,27.422433,4.56627386233666,-349.6313493551622,0.003757190533487521,-0.2876812989345038,9.832378,9.832378,1,"Annual average of quarterly means of daily PM2.5 means, micrograms per cubic metre at local conditions",Micrograms/cubic meter (LC),PM25 Annual 2024,Quarterly Means of Daily Means,24-HR BLK AVG,Events Included,Y,Requested but not yet concurred,349,95,349
48,303,1028,48-303-1028,88101,1,58698,33.58553,-101.78698,NAD83,-101.78698,33.58553,-412.2376806486557,341.98810705722815,-0.3391946164366495,0.28139233807216646,4.546927,4.546927,1,"Annual average of quarterly means of daily PM2.5 means, micrograms per cubic metre at local conditions",Micrograms/cubic meter (LC),PM25 Annual 2024,Quarterly Means of Daily Means,24-HR BLK AVG,No Events,Y,Requested but not yet concurred,358,98,358
48,323,4,48-323-0004,88101,1,58735,28.704607,-100.451156,WGS84,-100.451156,28.704607,-303.3364377382975,-203.43721580539585,-0.24958923329862506,-0.16739083209344693,8.894379,8.894379,1,"Annual average of quarterly means of daily PM2.5 means, micrograms per cubic metre at local conditions",Micrograms/cubic meter (LC),PM25 Annual 2024,Quarterly Means of Daily Means,24-HR BLK AVG,No Events,Y,Requested but not yet concurred,338,92,338
48,339,78,48-339-0078,88101,1,58760,30.350302,-95.425128,WGS84,-95.425128,30.350302,184.77353866010873,-23.551696016502515,0.15203411166791014,-0.01937864700815332,12.105028,12.105028,1,"Annual average of quarterly means of daily PM2.5 means, micrograms per cubic metre at local conditions",Micrograms/cubic meter (LC),PM25 Annual 2024,Quarterly Means of Daily Means,24-HR BLK AVG,No Events,Y,Requested but not yet concurred,358,98,358
48,349,1051,48-349-1051,88101,1,58792,32.031934,-96.399141,WGS84,-96.399141,32.031934,89.54596618292123,161.70468288602757,0.07367960542828704,0.1330527519979026,8.517318,8.517318,1,"Annual average of quarterly means of daily PM2.5 means, micrograms per cubic metre at local conditions",Micrograms/cubic meter (LC),PM25 Annual 2024,Quarterly Means of Daily Means,24-HR BLK AVG,No Events,Y,Requested but not yet concurred,358,98,358
48,355,32,48-355-0032,88101,3,58879,27.804489,-97.431553,NAD83,-97.431553,27.804489,-8.33251073005814,-307.29234802025115,-0.006856100045461852,-0.2528442086047002,10.291209,10.297253000000001,2,"Annual average of quarterly means of daily PM2.5 means, micrograms per cubic metre at local conditions",Micrograms/cubic meter (LC),PM25 Annual 2024,Quarterly Means of Daily Means,24-HR BLK AVG,Events Included,Y,Requested but not yet concurred,364,99,364
48,355,34,48-355-0034,88101,5,58942,27.811817,-97.465703,WGS84,-97.465703,27.811817,-11.698108237568151,-306.47733183945934,-0.009625358192469924,-0.2521736025106664,9.085714,9.085714,1,"Annual average of quarterly means of daily PM2.5 means, micrograms per cubic metre at local conditions",Micrograms/cubic meter (LC),PM25 Annual 2024,Quarterly Means of Daily Means,24 HOUR,No Events,Y,Requested but not yet concurred,60,98,63
48,439,1002,48-439-1002,88101,3,59310,32.80581,-97.356529,NAD83,-97.356529,32.80581,-0.8903308691992112,247.1408573626209,-0.0007325760158667339,0.2033507664487008,9.902924,9.902924,1,"Annual average of quarterly means of daily PM2.5 means, micrograms per cubic metre at local conditions",Micrograms/cubic meter (LC),PM25 Annual 2024,Quarterly Means of Daily Means,24-HR BLK AVG,Events Included,Y,Requested but not yet concurred,342,93,342
48,439,1006,48-439-1006,88101,2,59336,32.759154,-97.342332,NAD83,-97.342332,32.759154,0.439881958501999,241.96665023483317,0.00036194069391403723,0.19909336038307346,9.12064,9.12064,1,"Annual average of quarterly means of daily PM2.5 means, micrograms per cubic metre at local conditions",Micrograms/cubic meter (LC),PM25 Annual 2024,Quarterly Means of Daily Means,24-HR BLK AVG,Events Included,Y,Requested but not yet concurred,344,94,344
48,439,1053,48-439-1053,88101,2,59358,32.664753,-97.337917,NAD83,-97.337917,32.664753,0.8545769845336749,231.49766715830322,0.0007031572466359247,0.19047934263113525,8.941441,9.5576575,2,"Annual average of quarterly means of daily PM2.5 means, micrograms per cubic metre at local conditions",Micrograms/cubic meter (LC),PM25 Annual 2024,Quarterly Means of Daily Means,24-HR BLK AVG,No Events,Y,Requested but not yet concurred,333,91,333
48,453,14,48-453-0014,88101,1,59560,30.354944,-97.761803,NAD83,-97.761803,30.354944,-39.87719713752908,-24.53688633682776,-0.03281148527313048,-0.02018927463514269,9.30084,9.30084,1,"Annual average of quarterly means of daily PM2.5 means, micrograms per cubic metre at local conditions",Micrograms/cubic meter (LC),PM25 Annual 2024,Quarterly Means of Daily Means,24-HR BLK AVG,Events Included,Y,Requested but not yet concurred,357,98,357
48,453,21,48-453-0021,88101,4,59609,30.263204,-97.712891,NAD83,-97.712891,30.263204,-35.20762293014586,-34.72322769982145,-0.028969297849352125,-0.0285707310465914,10.72459,10.72459,1,"Annual average of quarterly means of daily PM2.5 means, micrograms per cubic metre at local conditions",Micrograms/cubic meter (LC),PM25 Annual 2024,Quarterly Means of Daily Means,24-HR BLK AVG,Events Included,Y,Requested but not yet concurred,366,100,366
48,453,1068,48-453-1068,88101,2,59633,30.35386,-97.69166,NAD83,-97.69166,30.35386,-33.13396162869528,-24.679741313504753,-0.02726306190154092,-0.020306817599540738,9.954913,9.954913,1,"Annual average of quarterly means of daily PM2.5 means, micrograms per cubic metre at local conditions",Micrograms/cubic meter (LC),PM25 Annual 2024,Quarterly Means of Daily Means,24-HR BLK AVG,No Events,Y,Requested but not yet concurred,346,95,346
48,479,313,48-479-0313,88101,1,59775,27.599444,-99.533333,WGS84,-99.533333,27.599444,-215.92355428234848,-327.9829442876304,-0.17766475655305453,-0.2698687048945984,10.316471,10.316471,1,"Annual average of quarterly means of daily PM2.5 means, micrograms per cubic metre at local conditions",Micrograms/cubic meter (LC),PM25 Annual 2024,Quarterly Means of Daily Means,24-HR BLK AVG,Events Included,Y,Requested but not yet concurred,340,93,340
6,5,2,06-005-0002,44201,1,4726,38.342606,-120.764426,NAD83,-120.764426,38.342606,-91.83770954657525,230.22815562411,-0.09015868882918152,0.22601901490262688,0.043812,0.043812,1,"Annual average of daily maximum 8-hour ozone means, ppm; not an annual average of all hourly ozone samples",Parts per million,Ozone 8-hour 2015,Daily maximum of 8-hour running average,8-HR RUN AVG BEGIN HOUR,No Events,Y,Certified,356,97,6079
6,7,8,06-007-0008,44201,1,4795,39.76168,-121.84047,NAD83,-121.84047,39.76168,-182.3027741904527,389.3195475174511,-0.17896982810310622,0.3822018222475646,0.042626,0.042626,1,"Annual average of daily maximum 8-hour ozone means, ppm; not an annual average of all hourly ozone samples",Parts per million,Ozone 8-hour 2015,Daily maximum of 8-hour running average,8-HR RUN AVG BEGIN HOUR,No Events,Y,Certified,356,97,6103
6,7,2003,06-007-2003,44201,1,4873,39.75786,-121.60791,WGS84,-121.60791,39.75786,-162.37586078291895,388.47010360101217,-0.15940722801098667,0.38136790826911093,0.043226,0.043226,1,"Annual average of daily maximum 8-hour ozone means, ppm; not an annual average of all hourly ozone samples",Parts per million,Ozone 8-hour 2015,Daily maximum of 8-hour running average,8-HR RUN AVG BEGIN HOUR,No Events,Y,Certified,358,98,6160
6,9,1,06-009-0001,44201,1,4889,38.20185,-120.680277,NAD83,-120.680277,38.20185,-84.640855580251,214.52649147406106,-0.08309341117251455,0.21060441604999938,0.043831,0.043831,1,"Annual average of daily maximum 8-hour ozone means, ppm; not an annual average of all hourly ozone samples",Parts per million,Ozone 8-hour 2015,Daily maximum of 8-hour running average,8-HR RUN AVG BEGIN HOUR,No Events,Y,Certified,344,94,5919
6,17,20,06-017-0020,44201,1,5239,38.890941,-121.003373,WGS84,-121.003373,38.890941,-111.88943895485804,291.35190187076086,-0.10984382297651644,0.2860252677276806,0.052377,0.052377,1,"Annual average of daily maximum 8-hour ozone means, ppm; not an annual average of all hourly ozone samples",Parts per million,Ozone 8-hour 2015,Daily maximum of 8-hour running average,8-HR RUN AVG BEGIN HOUR,No Events,Y,Certified,199,93,3419
6,17,2004,06-017-2004,44201,1,5249,38.73196,-120.81162,WGS84,-120.81162,38.73196,-95.45673911003347,273.49430663829327,-0.09371155357163202,0.2684941535508293,0.043351,0.043351,1,"Annual average of daily maximum 8-hour ozone means, ppm; not an annual average of all hourly ozone samples",Parts per million,Ozone 8-hour 2015,Daily maximum of 8-hour running average,8-HR RUN AVG BEGIN HOUR,No Events,Y,Certified,365,100,6210
6,19,7,06-019-0007,44201,1,5351,36.705474,-119.741332,NAD83,-119.741332,36.705474,-2.4310903448951877,48.02110368697371,-0.0023866439940978088,0.047143159013041586,0.045603,0.045603,1,"Annual average of daily maximum 8-hour ozone means, ppm; not an annual average of all hourly ozone samples",Parts per million,Ozone 8-hour 2015,Daily maximum of 8-hour running average,8-HR RUN AVG BEGIN HOUR,No Events,Y,Certified,358,98,6152
6,19,11,06-019-0011,44201,1,5435,36.78538,-119.77321,NAD83,-119.77321,36.78538,-5.274087189390615,56.88977518531296,-0.005177663817117412,0.05584968923787794,0.040977,0.040977,1,"Annual average of daily maximum 8-hour ozone means, ppm; not an annual average of all hourly ozone samples",Parts per million,Ozone 8-hour 2015,Daily maximum of 8-hour running average,8-HR RUN AVG BEGIN HOUR,No Events,Y,Certified,347,95,5942
6,19,242,06-019-0242,44201,1,5601,36.841592,-119.874739,NAD83,-119.874739,36.841592,-14.32636931885743,63.13817229938341,-0.014064447816130966,0.06198385018189553,0.045643,0.045643,1,"Annual average of daily maximum 8-hour ozone means, ppm; not an annual average of all hourly ozone samples",Parts per million,Ozone 8-hour 2015,Daily maximum of 8-hour running average,8-HR RUN AVG BEGIN HOUR,No Events,Y,Certified,347,95,5972
6,19,500,06-019-0500,44201,1,5610,36.985119,-119.658339,WGS84,-119.658339,36.985119,4.966681609553791,79.05573238245687,0.00487587837240522,0.07761039785534127,0.050521,0.050521,1,"Annual average of daily maximum 8-hour ozone means, ppm; not an annual average of all hourly ozone samples",Parts per million,Ozone 8-hour 2015,Daily maximum of 8-hour running average,8-HR RUN AVG BEGIN HOUR,Events Included,Y,Certification not required,365,100,6201
6,19,2009,06-019-2009,44201,1,5634,36.634225,-120.382331,WGS84,-120.382331,36.634225,-59.76175548341517,40.320920968826854,-0.058669162625210394,0.039583754700359304,0.042595,0.042595,1,"Annual average of daily maximum 8-hour ozone means, ppm; not an annual average of all hourly ozone samples",Parts per million,Ozone 8-hour 2015,Daily maximum of 8-hour running average,8-HR RUN AVG BEGIN HOUR,No Events,Y,Certified,348,95,5925
6,19,4001,06-019-4001,44201,1,5718,36.597442,-119.503659,NAD83,-119.503659,36.597442,18.832294313404226,36.05284507875394,0.01848799334526841,0.03539370980516009,0.049138,0.049138,1,"Annual average of daily maximum 8-hour ozone means, ppm; not an annual average of all hourly ozone samples",Parts per million,Ozone 8-hour 2015,Daily maximum of 8-hour running average,8-HR RUN AVG BEGIN HOUR,No Events,Y,Certified,355,97,6116
6,19,5001,06-019-5001,44201,1,5797,36.819449,-119.716433,NAD83,-119.716433,36.819449,-0.20594497425632347,60.66893349449359,-0.00020217979021453156,0.059559755176106004,0.048107,0.048107,1,"Annual average of daily maximum 8-hour ozone means, ppm; not an annual average of all hourly ozone samples",Parts per million,Ozone 8-hour 2015,Daily maximum of 8-hour running average,8-HR RUN AVG BEGIN HOUR,No Events,Y,Certified,355,97,6123
6,21,3,06-021-0003,44201,1,5895,39.53387,-122.190834,NAD83,-122.190834,39.53387,-213.01625864257497,364.7640619865274,-0.20912179401395528,0.35809527179064965,0.040308,0.040308,1,"Annual average of daily maximum 8-hour ozone means, ppm; not an annual average of all hourly ozone samples",Parts per million,Ozone 8-hour 2015,Daily maximum of 8-hour running average,8-HR RUN AVG BEGIN HOUR,No Events,Y,Certified,344,94,5870
6,23,1004,06-023-1004,44201,1,5928,40.77678,-124.17949,NAD83,-124.17949,40.77678,-377.1973628466613,508.9904539461072,-0.3703012611266523,0.4996848482058231,0.032026,0.032026,1,"Annual average of daily maximum 8-hour ozone means, ppm; not an annual average of all hourly ozone samples",Parts per million,Ozone 8-hour 2015,Daily maximum of 8-hour running average,8-HR RUN AVG BEGIN HOUR,No Events,Y,Certified,341,93,5984
6,25,5,06-025-0005,44201,1,6013,32.67618,-115.48307,NAD83,-115.48307,32.67618,396.9874635100743,-390.5407582698548,0.38972954975035706,-0.38340070624374023,0.050161,0.050161,1,"Annual average of daily maximum 8-hour ozone means, ppm; not an annual average of all hourly ozone samples",Parts per million,Ozone 8-hour 2015,Daily maximum of 8-hour running average,8-HR RUN AVG BEGIN HOUR,No Events,Y,Certified,361,99,6140
6,25,4003,06-025-4003,44201,1,6143,33.0325,-115.62361,WGS84,-115.62361,33.0325,382.2292366284127,-351.5845033638514,0.37524113979693385,-0.34515666813171164,0.048208,0.048208,1,"Annual average of daily maximum 8-hour ozone means, ppm; not an annual average of all hourly ozone samples",Parts per million,Ozone 8-hour 2015,Daily maximum of 8-hour running average,8-HR RUN AVG BEGIN HOUR,No Events,Y,Certified,327,89,5578
6,27,2,06-027-0002,44201,1,6176,37.360684,-118.330783,WGS84,-118.330783,37.360684,122.55256845202598,121.61770774145815,0.12031200406494912,0.11939423492285213,0.043928,0.043928,1,"Annual average of daily maximum 8-hour ozone means, ppm; not an annual average of all hourly ozone samples",Parts per million,Ozone 8-hour 2015,Daily maximum of 8-hour running average,8-HR RUN AVG BEGIN HOUR,No Events,Y,Certified,363,99,6192
6,27,101,06-027-0101,44201,1,6354,36.508611,-116.847778,WGS84,-116.847778,36.508611,256.7337411924123,29.982064335989346,0.25204001273985926,0.0294339179654091,0.04978,0.04978,1,"Annual average of daily maximum 8-hour ozone means, ppm; not an annual average of all hourly ozone samples",Parts per million,Ozone 8-hour 2015,Daily maximum of 8-hour running average,8-HR RUN AVG BEGIN HOUR,No Events,Y,Certified,354,97,6061
6,29,7,06-029-0007,44201,1,6546,35.345607,-118.851825,NAD83,-118.851825,35.345607,78.38775095458834,-102.52296473494974,0.07695462878187229,-0.10064859109640306,0.052478,0.052478,1,"Annual average of daily maximum 8-hour ozone means, ppm; not an annual average of all hourly ozone samples",Parts per million,Ozone 8-hour 2015,Daily maximum of 8-hour running average,8-HR RUN AVG BEGIN HOUR,No Events,Y,Certified,360,98,6126
6,29,8,06-029-0008,44201,1,6556,35.051454,-119.40262,NAD83,-119.40262,35.051454,28.420985201703257,-135.4586960703023,0.027901379222873834,-0.13298217571525323,0.047203,0.047203,1,"Annual average of daily maximum 8-hour ozone means, ppm; not an annual average of all hourly ozone samples",Parts per million,Ozone 8-hour 2015,Daily maximum of 8-hour running average,8-HR RUN AVG BEGIN HOUR,No Events,Y,Certified,359,98,6128
6,29,14,06-029-0014,44201,1,6658,35.356615,-119.062613,NAD83,-119.062613,35.356615,59.218205224823,-101.45033527124683,0.05813554981115628,-0.09959557195508881,0.047942,0.047942,1,"Annual average of daily maximum 8-hour ozone means, ppm; not an annual average of all hourly ozone samples",Parts per million,Ozone 8-hour 2015,Daily maximum of 8-hour running average,8-HR RUN AVG BEGIN HOUR,No Events,Y,Certified,362,99,6169
6,29,20,06-029-0020,44201,1,6885,35.04944,-118.18893,WGS84,-118.18893,35.04944,139.15338205371717,-134.64219918517063,0.13660931369098098,-0.1321806064147988,0.05055,0.05055,1,"Annual average of daily maximum 8-hour ozone means, ppm; not an annual average of all hourly ozone samples",Parts per million,Ozone 8-hour 2015,Daily maximum of 8-hour running average,8-HR RUN AVG BEGIN HOUR,No Events,Y,Certified,362,99,6179
6,29,232,06-029-0232,44201,1,6907,35.438035,-119.016787,NAD83,-119.016787,35.438035,63.319280276849945,-92.38824498554912,0.0621616470571171,-0.0906991591172249,0.049871,0.049871,1,"Annual average of daily maximum 8-hour ozone means, ppm; not an annual average of all hourly ozone samples",Parts per million,Ozone 8-hour 2015,Daily maximum of 8-hour running average,8-HR RUN AVG BEGIN HOUR,No Events,Y,Certified,364,99,6184
6,29,2012,06-029-2012,44201,1,6978,35.331612,-118.999961,NAD83,-118.999961,35.331612,64.93292543633116,-104.18445254775504,0.06374579078775533,-0.10227970279820592,0.048647,0.048647,1,"Annual average of daily maximum 8-hour ozone means, ppm; not an annual average of all hourly ozone samples",Parts per million,Ozone 8-hour 2015,Daily maximum of 8-hour running average,8-HR RUN AVG BEGIN HOUR,No Events,Y,Certified,329,90,5686
6,29,5002,06-029-5002,44201,1,7014,35.23918,-118.78863,NAD83,-118.78863,35.23918,84.24344349886854,-114.27778343645845,0.08270326476795785,-0.11218850260753774,0.05164,0.05164,1,"Annual average of daily maximum 8-hour ozone means, ppm; not an annual average of all hourly ozone samples",Parts per million,Ozone 8-hour 2015,Daily maximum of 8-hour running average,8-HR RUN AVG BEGIN HOUR,No Events,Y,Certified,339,93,5929
6,29,6001,06-029-6001,44201,1,7070,35.503587,-119.272606,WGS84,-119.272606,35.503587,40.058012252880346,-85.25100786484667,0.03932565260669287,-0.08369240836263259,0.046706,0.046706,1,"Annual average of daily maximum 8-hour ozone means, ppm; not an annual average of all hourly ozone samples",Parts per million,Ozone 8-hour 2015,Daily maximum of 8-hour running average,8-HR RUN AVG BEGIN HOUR,No Events,Y,Certified,340,93,5828
6,31,1004,06-031-1004,44201,1,7157,36.31567,-119.643447,NAD83,-119.643447,36.31567,6.34707736550908,4.7671149317430626,0.0062310370761311535,0.0046799602675848245,0.045899,0.045899,1,"Annual average of daily maximum 8-hour ozone means, ppm; not an annual average of all hourly ozone samples",Parts per million,Ozone 8-hour 2015,Daily maximum of 8-hour running average,8-HR RUN AVG BEGIN HOUR,No Events,Y,Certified,357,98,6152
6,33,3002,06-033-3002,44201,1,7180,39.01893,-122.91333,NAD83,-122.91333,39.01893,-277.1136710452346,309.4783585338974,-0.27204734701499494,0.303820327882557,0.034769,0.034769,1,"Annual average of daily maximum 8-hour ozone means, ppm; not an annual average of all hourly ozone samples",Parts per million,Ozone 8-hour 2015,Daily maximum of 8-hour running average,8-HR RUN AVG BEGIN HOUR,No Events,Y,Certified,360,98,6178
6,37,16,06-037-0016,44201,1,7225,34.14435,-117.85036,WGS84,-117.85036,34.14435,171.92099292316237,-234.50540829207682,0.16877785150230085,-0.23021806880149873,0.057311,0.057311,1,"Annual average of daily maximum 8-hour ozone means, ppm; not an annual average of all hourly ozone samples",Parts per million,Ozone 8-hour 2015,Daily maximum of 8-hour running average,8-HR RUN AVG BEGIN HOUR,No Events,Y,Certified,328,90,5675
6,37,113,06-037-0113,44201,1,7243,34.05111,-118.45636,WGS84,-118.45636,34.05111,116.15457106486988,-245.73349094783276,0.11403097791124281,-0.2412408743059766,0.040598,0.040598,1,"Annual average of daily maximum 8-hour ozone means, ppm; not an annual average of all hourly ozone samples",Parts per million,Ozone 8-hour 2015,Daily maximum of 8-hour running average,8-HR RUN AVG BEGIN HOUR,No Events,Y,Certified,356,97,6127
6,37,1103,06-037-1103,44201,1,7422,34.06659,-118.22688,WGS84,-118.22688,34.06659,137.32014527774328,-243.72138454411996,0.13480959302230056,-0.23926555418922713,0.043953,0.043953,1,"Annual average of daily maximum 8-hour ozone means, ppm; not an annual average of all hourly ozone samples",Parts per million,Ozone 8-hour 2015,Daily maximum of 8-hour running average,8-HR RUN AVG BEGIN HOUR,No Events,Y,Certified,358,98,6145
6,37,1201,06-037-1201,44201,1,7769,34.19925,-118.53276,WGS84,-118.53276,34.19925,108.90574361206006,-229.38878394992645,0.10691467697210771,-0.22519498902090163,0.051414,0.051414,1,"Annual average of daily maximum 8-hour ozone means, ppm; not an annual average of all hourly ozone samples",Parts per million,Ozone 8-hour 2015,Daily maximum of 8-hour running average,8-HR RUN AVG BEGIN HOUR,No Events,Y,Certified,350,96,6089
6,37,1302,06-037-1302,44201,1,7806,33.901389,-118.205,WGS84,-118.205,33.901389,139.61541032960926,-262.01443548692095,0.1370628949460243,-0.2572241628678542,0.041295,0.041295,1,"Annual average of daily maximum 8-hour ozone means, ppm; not an annual average of all hourly ozone samples",Parts per million,Ozone 8-hour 2015,Daily maximum of 8-hour running average,8-HR RUN AVG BEGIN HOUR,No Events,Y,Certified,339,93,5867
6,37,1602,06-037-1602,44201,1,7853,34.01029,-118.0685,NAD83,-118.0685,34.01029,152.0447643160867,-249.73366193737147,0.14926500956699326,-0.24516791226554632,0.046406,0.046406,1,"Annual average of daily maximum 8-hour ozone means, ppm; not an annual average of all hourly ozone samples",Parts per million,Ozone 8-hour 2015,Daily maximum of 8-hour running average,8-HR RUN AVG BEGIN HOUR,No Events,Y,Certified,340,93,5965
6,37,1701,06-037-1701,44201,1,7887,34.06703,-117.7514,WGS84,-117.7514,34.06703,181.21615446005916,-242.90420878020612,0.17790307447181583,-0.23846331842157556,0.053149,0.053149,1,"Annual average of daily maximum 8-hour ozone means, ppm; not an annual average of all hourly ozone samples",Parts per million,Ozone 8-hour 2015,Daily maximum of 8-hour running average,8-HR RUN AVG BEGIN HOUR,No Events,Y,Certified,356,97,6090
6,37,2005,06-037-2005,44201,1,7901,34.1326,-118.1272,WGS84,-118.1272,34.1326,146.40717977981873,-236.25604963673862,0.14373049403450583,-0.2319367040878548,0.050202,0.050202,1,"Annual average of daily maximum 8-hour ozone means, ppm; not an annual average of all hourly ozone samples",Parts per million,Ozone 8-hour 2015,Daily maximum of 8-hour running average,8-HR RUN AVG BEGIN HOUR,No Events,Y,Certified,362,99,6157
6,37,4009,06-037-4009,44201,1,7976,33.793713,-118.171019,NAD83,-118.171019,33.793713,142.94187862103058,-273.90874727215794,0.140328547160862,-0.26890101718376674,0.040221,0.040221,1,"Annual average of daily maximum 8-hour ozone means, ppm; not an annual average of all hourly ozone samples",Parts per million,Ozone 8-hour 2015,Daily maximum of 8-hour running average,8-HR RUN AVG BEGIN HOUR,No Events,Y,Certified,340,93,5872
6,37,4010,06-037-4010,44201,1,8019,34.181977,-118.363036,NAD83,-118.363036,34.181977,124.57692854193576,-231.1035270431293,0.12229935384017221,-0.2268783823647182,0.050287,0.050287,1,"Annual average of daily maximum 8-hour ozone means, ppm; not an annual average of all hourly ozone samples",Parts per million,Ozone 8-hour 2015,Daily maximum of 8-hour running average,8-HR RUN AVG BEGIN HOUR,No Events,Y,Certified,356,97,6130
6,37,6012,06-037-6012,44201,1,8037,34.38344,-118.5284,WGS84,-118.5284,34.38344,109.06535207325578,-208.9526706451094,0.10707136739544794,-0.20513249846638185,0.057262,0.057262,1,"Annual average of daily maximum 8-hour ozone means, ppm; not an annual average of all hourly ozone samples",Parts per million,Ozone 8-hour 2015,Daily maximum of 8-hour running average,8-HR RUN AVG BEGIN HOUR,No Events,Y,Certified,355,97,6081
6,37,9035,06-037-9035,44201,1,8056,34.725389,-118.178601,WGS84,-118.178601,34.725389,140.65319385399422,-170.57567530557333,0.13808170521806865,-0.1674571296217196,0.052737,0.052737,1,"Annual average of daily maximum 8-hour ozone means, ppm; not an annual average of all hourly ozone samples",Parts per million,Ozone 8-hour 2015,Daily maximum of 8-hour running average,8-HR RUN AVG BEGIN HOUR,No Events,Y,Certified,365,100,6205
6,39,4,06-039-0004,44201,1,8123,36.867125,-120.010158,NAD83,-120.010158,36.867125,-26.396621137594025,66.00029604933603,-0.025914025546109498,0.06479364722318304,0.046086,0.046086,1,"Annual average of daily maximum 8-hour ozone means, ppm; not an annual average of all hourly ozone samples",Parts per million,Ozone 8-hour 2015,Daily maximum of 8-hour running average,8-HR RUN AVG BEGIN HOUR,No Events,Y,Certified,327,89,5603
6,39,2010,06-039-2010,44201,1,8151,36.953256,-120.034203,WGS84,-120.034203,36.953256,-28.508741619121366,75.56559787336299,-0.027987531235699793,0.07418407164652177,0.045379,0.045379,1,"Annual average of daily maximum 8-hour ozone means, ppm; not an annual average of all hourly ozone samples",Parts per million,Ozone 8-hour 2015,Daily maximum of 8-hour running average,8-HR RUN AVG BEGIN HOUR,No Events,Y,Certified,364,99,6197
6,43,3,06-043-0003,44201,1,8272,37.71325,-119.7062,WGS84,-119.7062,37.71325,0.6988292010527648,159.8653608912933,0.0006860528729814268,0.15694262627328784,0.048694,0.048694,1,"Annual average of daily maximum 8-hour ozone means, ppm; not an annual average of all hourly ozone samples",Parts per million,Ozone 8-hour 2015,Daily maximum of 8-hour running average,8-HR RUN AVG BEGIN HOUR,No Events,Y,Certified,363,99,6200
6,43,6,06-043-0006,44201,1,8357,37.54377,-119.83957,NAD83,-119.83957,37.54377,-11.086972055643605,141.0620914855488,-0.010884274755520387,0.13848312718850248,0.047716,0.047716,1,"Annual average of daily maximum 8-hour ozone means, ppm; not an annual average of all hourly ozone samples",Parts per million,Ozone 8-hour 2015,Daily maximum of 8-hour running average,8-HR RUN AVG BEGIN HOUR,No Events,Y,Certified,204,95,3532
6,47,2024,06-047-2024,44201,1,8401,37.289732,-120.429718,WGS84,-120.429718,37.289732,-63.45637899969269,113.09664886261842,-0.06229623927585475,0.11102896209815445,0.047086,0.047086,1,"Annual average of daily maximum 8-hour ozone means, ppm; not an annual average of all hourly ozone samples",Parts per million,Ozone 8-hour 2015,Daily maximum of 8-hour running average,8-HR RUN AVG BEGIN HOUR,No Events,Y,Certified,359,98,6138
6,59,7,06-059-0007,44201,1,8632,33.83062,-117.93845,WGS84,-117.93845,33.83062,164.41108629934868,-269.4533503820714,0.16140524456583052,-0.2645270759802342,0.037928,0.037928,1,"Annual average of daily maximum 8-hour ozone means, ppm; not an annual average of all hourly ozone samples",Parts per million,Ozone 8-hour 2015,Daily maximum of 8-hour running average,8-HR RUN AVG BEGIN HOUR,No Events,Y,Certified,361,99,6156
6,59,5001,06-059-5001,44201,1,8749,33.92513,-117.95264,WGS84,-117.95264,33.92513,162.91391719661888,-258.99434154546583,0.15993544742123575,-0.2542592837212934,0.045167,0.045167,1,"Annual average of daily maximum 8-hour ozone means, ppm; not an annual average of all hourly ozone samples",Parts per million,Ozone 8-hour 2015,Daily maximum of 8-hour running average,8-HR RUN AVG BEGIN HOUR,No Events,Y,Certified,353,96,6063
6,61,3,06-061-0003,44201,1,8759,38.93568,-121.09959,NAD83,-121.09959,38.93568,-120.1651671214554,296.43602769094434,-0.11796825034182162,0.29101644313975755,0.045607,0.045607,1,"Annual average of daily maximum 8-hour ozone means, ppm; not an annual average of all hourly ozone samples",Parts per million,Ozone 8-hour 2015,Daily maximum of 8-hour running average,8-HR RUN AVG BEGIN HOUR,No Events,Y,Certified,361,99,6193
6,61,4,06-061-0004,44201,1,8772,39.100174,-120.953832,WGS84,-120.953832,39.100174,-107.28000851381454,314.52179303615,-0.10531866433672005,0.30877155591474503,0.043396,0.043396,1,"Annual average of daily maximum 8-hour ozone means, ppm; not an annual average of all hourly ozone samples",Parts per million,Ozone 8-hour 2015,Daily maximum of 8-hour running average,8-HR RUN AVG BEGIN HOUR,No Events,Y,Certified,364,99,6211
6,61,6,06-061-0006,44201,1,8829,38.74643,-121.26498,NAD83,-121.26498,38.74643,-134.85881002452388,275.65023670500034,-0.132393257071688,0.27061066787791127,0.043871,0.043871,1,"Annual average of daily maximum 8-hour ozone means, ppm; not an annual average of all hourly ozone samples",Parts per million,Ozone 8-hour 2015,Daily maximum of 8-hour running average,8-HR RUN AVG BEGIN HOUR,No Events,Y,Certified,356,97,6096
6,61,1004,06-061-1004,44201,1,8857,39.166017,-120.148833,WGS84,-120.148833,39.166017,-37.58481916381953,321.21577032170165,-0.03689767561083767,0.3153431507214686,0.044933,0.044933,1,"Annual average of daily maximum 8-hour ozone means, ppm; not an annual average of all hourly ozone samples",Parts per million,Ozone 8-hour 2015,Daily maximum of 8-hour running average,8-HR RUN AVG BEGIN HOUR,No Events,Y,Certified,326,89,5660
6,61,2003,06-061-2003,44201,1,8863,38.867937,-121.338353,NAD83,-121.338353,38.867937,-141.00320938853454,289.24472709302523,-0.13842532160201163,0.28395661732217137,0.038062,0.038062,1,"Annual average of daily maximum 8-hour ozone means, ppm; not an annual average of all hourly ozone samples",Parts per million,Ozone 8-hour 2015,Daily maximum of 8-hour running average,8-HR RUN AVG BEGIN HOUR,No Events,Y,Certified,357,98,6128
6,65,9,06-065-0009,44201,1,8939,33.447867,-117.088649,WGS84,-117.088649,33.447867,244.18256364891246,-310.1485763212703,0.23971830179812106,-0.3044782924293415,0.048785,0.048785,1,"Annual average of daily maximum 8-hour ozone means, ppm; not an annual average of all hourly ozone samples",Parts per million,Ozone 8-hour 2015,Daily maximum of 8-hour running average,8-HR RUN AVG BEGIN HOUR,No Events,Y,Certification not required,312,85,5369
6,65,10,06-065-0010,44201,1,8960,33.747236,-115.820124,NAD83,-115.820124,33.747236,360.83325341128204,-273.068543274337,0.35423632812870115,-0.26807617419534097,0.050258,0.050258,1,"Annual average of daily maximum 8-hour ozone means, ppm; not an annual average of all hourly ozone samples",Parts per million,Ozone 8-hour 2015,Daily maximum of 8-hour running average,8-HR RUN AVG BEGIN HOUR,No Events,Y,Certified,361,99,6167
6,65,12,06-065-0012,44201,1,8976,33.92086,-116.85841,WGS84,-116.85841,33.92086,264.10667143029383,-257.09998194113143,0.2592781475578809,-0.25239955770089284,0.05685,0.05685,1,"Annual average of daily maximum 8-hour ozone means, ppm; not an annual average of all hourly ozone samples",Parts per million,Ozone 8-hour 2015,Daily maximum of 8-hour running average,8-HR RUN AVG BEGIN HOUR,No Events,Y,Certified,361,99,6170
6,65,16,06-065-0016,44201,1,8991,33.583018,-117.072202,NAD83,-117.072202,33.583018,245.3207664001023,-295.1194351988728,0.24083569538486985,-0.289723921218277,0.047446,0.047446,1,"Annual average of daily maximum 8-hour ozone means, ppm; not an annual average of all hourly ozone samples",Parts per million,Ozone 8-hour 2015,Daily maximum of 8-hour running average,8-HR RUN AVG BEGIN HOUR,No Events,Y,Certified,350,96,6010
6,65,1016,06-065-1016,44201,1,9030,33.944713,-116.830074,NAD83,-116.830074,33.944713,266.65067663688114,-254.37830447509572,0.26177564205042597,-0.24972763923771227,0.058674,0.058674,1,"Annual average of daily maximum 8-hour ozone means, ppm; not an annual average of all hourly ozone samples",Parts per million,Ozone 8-hour 2015,Daily maximum of 8-hour running average,8-HR RUN AVG BEGIN HOUR,No Events,Y,Certified,353,96,6045
6,65,2007,06-065-2007,44201,1,9063,33.72537,-116.206842,WGS84,-116.206842,33.72537,325.09834851380015,-276.8359653289982,0.31915474577109093,-0.2717747184468408,0.051989,0.051989,1,"Annual average of daily maximum 8-hour ozone means, ppm; not an annual average of all hourly ozone samples",Parts per million,Ozone 8-hour 2015,Daily maximum of 8-hour running average,8-HR RUN AVG BEGIN HOUR,No Events,Y,Certified,363,99,6187
6,65,5001,06-065-5001,44201,1,9108,33.85275,-116.54101,WGS84,-116.54101,33.85275,293.68972846350204,-263.7566137835389,0.2883203530619315,-0.25893448983163886,0.054379,0.054379,1,"Annual average of daily maximum 8-hour ozone means, ppm; not an annual average of all hourly ozone samples",Parts per million,Ozone 8-hour 2015,Daily maximum of 8-hour running average,8-HR RUN AVG BEGIN HOUR,No Events,Y,Certified,359,98,6155
6,65,8001,06-065-8001,44201,1,9346,33.99958,-117.41601,WGS84,-117.41601,33.99958,212.3484746131074,-249.71592397115,0.20846621872995577,-0.24515049859326596,0.057974,0.057974,1,"Annual average of daily maximum 8-hour ozone means, ppm; not an annual average of all hourly ozone samples",Parts per million,Ozone 8-hour 2015,Daily maximum of 8-hour running average,8-HR RUN AVG BEGIN HOUR,No Events,Y,Certified,352,96,6066
6,65,8005,06-065-8005,44201,1,9677,33.99636,-117.4924,NAD83,-117.4924,33.99636,205.29904185460396,-250.23484043111952,0.201545667056421,-0.24565992797552863,0.054912,0.054912,1,"Annual average of daily maximum 8-hour ozone means, ppm; not an annual average of all hourly ozone samples",Parts per million,Ozone 8-hour 2015,Daily maximum of 8-hour running average,8-HR RUN AVG BEGIN HOUR,No Events,Y,Certified,352,96,6094
6,65,9001,06-065-9001,44201,1,9785,33.67649,-117.33098,WGS84,-117.33098,33.67649,221.0517821762375,-285.3631122058168,0.21701040828175377,-0.2801459679658406,0.052499,0.052499,1,"Annual average of daily maximum 8-hour ozone means, ppm; not an annual average of all hourly ozone samples",Parts per million,Ozone 8-hour 2015,Daily maximum of 8-hour running average,8-HR RUN AVG BEGIN HOUR,No Events,Y,Certified,353,96,6111
6,65,9003,06-065-9003,44201,1,9799,33.61235,-114.60209,NAD83,-114.60209,33.61235,474.37163724158665,-282.8773029646713,0.4656989491856125,-0.277705605472398,0.040266,0.040266,1,"Annual average of daily maximum 8-hour ozone means, ppm; not an annual average of all hourly ozone samples",Parts per million,Ozone 8-hour 2015,Daily maximum of 8-hour running average,8-HR RUN AVG BEGIN HOUR,No Events,Y,Certified,346,95,5921
6,67,6,06-067-0006,44201,1,9815,38.613779,-121.368014,WGS84,-121.368014,38.613779,-144.0786067094713,261.07687421356655,-0.14144449304534795,0.2563037425359449,0.045072,0.045072,1,"Annual average of daily maximum 8-hour ozone means, ppm; not an annual average of all hourly ozone samples",Parts per million,Ozone 8-hour 2015,Daily maximum of 8-hour running average,8-HR RUN AVG BEGIN HOUR,No Events,Y,Certified,335,92,5852
6,67,10,06-067-0010,44201,1,9939,38.56844,-121.49311,NAD83,-121.49311,38.56844,-155.07095570538206,256.2410330998602,-0.1522358746849507,0.2515563125711666,0.040612,0.040612,1,"Annual average of daily maximum 8-hour ozone means, ppm; not an annual average of all hourly ozone samples",Parts per million,Ozone 8-hour 2015,Daily maximum of 8-hour running average,8-HR RUN AVG BEGIN HOUR,No Events,Y,Certified,358,98,6139
6,67,11,06-067-0011,44201,1,10023,38.302591,-121.420838,WGS84,-121.420838,38.302591,-149.3097696616947,226.61713805676618,-0.14658001738663243,0.22247401567716438,0.026776,0.026776,1,"Annual average of daily maximum 8-hour ozone means, ppm; not an annual average of all hourly ozone samples",Parts per million,Ozone 8-hour 2015,Daily maximum of 8-hour running average,8-HR RUN AVG BEGIN HOUR,No Events,Y,Certified,317,87,5590
6,67,12,06-067-0012,44201,1,10042,38.683304,-121.164457,WGS84,-121.164457,38.683304,-126.22729075740395,268.50486311011815,-0.12391954334810386,0.2635959294040328,0.036664,0.036664,1,"Annual average of daily maximum 8-hour ozone means, ppm; not an annual average of all hourly ozone samples",Parts per million,Ozone 8-hour 2015,Daily maximum of 8-hour running average,8-HR RUN AVG BEGIN HOUR,No Events,Y,Certified,327,89,5800
6,69,3,06-069-0003,44201,1,10137,36.48324,-121.15688,WGS84,-121.15688,36.48324,-129.2813607742787,24.324098690377898,-0.12691777740330207,0.023879393940719893,0.043154,0.043154,1,"Annual average of daily maximum 8-hour ozone means, ppm; not an annual average of all hourly ozone samples",Parts per million,Ozone 8-hour 2015,Daily maximum of 8-hour running average,8-HR RUN AVG BEGIN HOUR,No Events,Y,Certified,350,96,6032
6,71,1,06-071-0001,44201,1,10201,34.89405,-117.02471,WGS84,-117.02471,34.89405,245.8208327240366,-149.58976745397962,0.2413266192582563,-0.14685489612600985,0.051418,0.051418,1,"Annual average of daily maximum 8-hour ozone means, ppm; not an annual average of all hourly ozone samples",Parts per million,Ozone 8-hour 2015,Daily maximum of 8-hour running average,8-HR RUN AVG BEGIN HOUR,No Events,Y,Certified,354,97,6089
6,71,5,06-071-0005,44201,1,10213,34.2431,-117.27235,WGS84,-117.27235,34.2431,224.9623328992922,-222.38718742386703,0.22084946445520737,-0.21832139901504102,0.059975,0.059975,1,"Annual average of daily maximum 8-hour ozone means, ppm; not an annual average of all hourly ozone samples",Parts per million,Ozone 8-hour 2015,Daily maximum of 8-hour running average,8-HR RUN AVG BEGIN HOUR,No Events,Y,Certified,361,99,6140
6,71,306,06-071-0306,44201,1,10287,34.510961,-117.32554,NAD83,-117.32554,34.510961,219.3519579445331,-192.79672658286066,0.21534166104570887,-0.18927192506313037,0.054612,0.054612,1,"Annual average of daily maximum 8-hour ozone means, ppm; not an annual average of all hourly ozone samples",Parts per million,Ozone 8-hour 2015,Daily maximum of 8-hour running average,8-HR RUN AVG BEGIN HOUR,No Events,Y,Certified,348,95,6044
6,71,1234,06-071-1234,44201,1,10320,35.77446,-117.3721,WGS84,-117.3721,35.77446,211.7474834799284,-52.73713958507581,0.2078762152027238,-0.05177297409819026,0.049456,0.049456,1,"Annual average of daily maximum 8-hour ozone means, ppm; not an annual average of all hourly ozone samples",Parts per million,Ozone 8-hour 2015,Daily maximum of 8-hour running average,8-HR RUN AVG BEGIN HOUR,No Events,Y,Certified,333,91,5929
6,71,2002,06-071-2002,44201,1,10344,34.10002,-117.49201,WGS84,-117.49201,34.10002,205.0805275344799,-238.73665736212192,0.20133114771910243,-0.2343719601621221,0.055205,0.055205,1,"Annual average of daily maximum 8-hour ozone means, ppm; not an annual average of all hourly ozone samples",Parts per million,Ozone 8-hour 2015,Daily maximum of 8-hour running average,8-HR RUN AVG BEGIN HOUR,No Events,Y,Certified,351,96,6039
6,71,4001,06-071-4001,44201,1,10436,34.41651,-117.28563,WGS84,-117.28563,34.41651,223.2715266560139,-203.1832957927052,0.21918957033643194,-0.19946860207104528,0.055305,0.055305,1,"Annual average of daily maximum 8-hour ozone means, ppm; not an annual average of all hourly ozone samples",Parts per million,Ozone 8-hour 2015,Daily maximum of 8-hour running average,8-HR RUN AVG BEGIN HOUR,No Events,Y,Certified,354,97,6100
6,71,4003,06-071-4003,44201,1,10448,34.05977,-117.14731,WGS84,-117.14731,34.05977,237.00076668172687,-242.4276996861328,0.2326678058613679,-0.23799552109356137,0.059534,0.059534,1,"Annual average of daily maximum 8-hour ozone means, ppm; not an annual average of all hourly ozone samples",Parts per million,Ozone 8-hour 2015,Daily maximum of 8-hour running average,8-HR RUN AVG BEGIN HOUR,No Events,Y,Certified,363,99,6186
6,71,9002,06-071-9002,44201,1,10496,34.06957,-116.38893,WGS84,-116.38893,34.06957,306.9648365128188,-239.24755966007442,0.3013527592674143,-0.23487352190109223,0.05512,0.05512,1,"Annual average of daily maximum 8-hour ozone means, ppm; not an annual average of all hourly ozone samples",Parts per million,Ozone 8-hour 2015,Daily maximum of 8-hour running average,8-HR RUN AVG BEGIN HOUR,No Events,Y,Certified,349,95,5995
6,71,9004,06-071-9004,44201,1,10559,34.106678,-117.274063,NAD83,-117.274063,34.106678,225.17317838140693,-237.52228632338534,0.22105645515986316,-0.2331797908327129,0.058983,0.058983,1,"Annual average of daily maximum 8-hour ozone means, ppm; not an annual average of all hourly ozone samples",Parts per million,Ozone 8-hour 2015,Daily maximum of 8-hour running average,8-HR RUN AVG BEGIN HOUR,No Events,Y,Certified,352,96,6091
6,73,1,06-073-0001,44201,1,10683,32.631242,-117.059088,NAD83,-117.059088,32.631242,249.28718511626724,-400.63377786693303,0.2447295981461925,-0.39330920045262857,0.043341,0.043341,1,"Annual average of daily maximum 8-hour ozone means, ppm; not an annual average of all hourly ozone samples",Parts per million,Ozone 8-hour 2015,Daily maximum of 8-hour running average,8-HR RUN AVG BEGIN HOUR,No Events,Y,Certified,349,95,6071
6,73,1006,06-073-1006,44201,1,10736,32.842318,-116.768293,NAD83,-116.768293,32.842318,275.91101979584255,-376.4614676217027,0.27086668320816326,-0.36957881988845614,0.053716,0.053716,1,"Annual average of daily maximum 8-hour ozone means, ppm; not an annual average of all hourly ozone samples",Parts per million,Ozone 8-hour 2015,Daily maximum of 8-hour running average,8-HR RUN AVG BEGIN HOUR,No Events,Y,Certified,356,97,6129
6,73,1008,06-073-1008,44201,1,10754,33.217046,-117.396249,WGS84,-117.396249,33.217046,216.16385269084435,-336.460877821279,0.21221184224969208,-0.3303095399096131,0.042808,0.042808,1,"Annual average of daily maximum 8-hour ozone means, ppm; not an annual average of all hourly ozone samples",Parts per million,Ozone 8-hour 2015,Daily maximum of 8-hour running average,8-HR RUN AVG BEGIN HOUR,No Events,Y,Certified,349,95,6012
6,73,1014,06-073-1014,44201,1,10861,32.578165,-116.921374,WGS84,-116.921374,32.578165,262.3741380623361,-406.165964427041,0.25757728918958006,-0.3987402449449218,0.046173,0.046173,1,"Annual average of daily maximum 8-hour ozone means, ppm; not an annual average of all hourly ozone samples",Parts per million,Ozone 8-hour 2015,Daily maximum of 8-hour running average,8-HR RUN AVG BEGIN HOUR,No Events,Y,Certified,359,98,6161
6,73,1016,06-073-1016,44201,1,10911,32.845709,-117.123964,NAD83,-117.123964,32.845709,242.59664394557083,-377.01194029823995,0.23816137663363693,-0.3701192285615157,0.045743,0.045743,1,"Annual average of daily maximum 8-hour ozone means, ppm; not an annual average of all hourly ozone samples",Parts per million,Ozone 8-hour 2015,Daily maximum of 8-hour running average,8-HR RUN AVG BEGIN HOUR,No Events,Y,Certified,358,98,6140
6,73,1022,06-073-1022,44201,1,11057,32.789565,-116.944308,NAD83,-116.944308,32.789565,259.58763382732826,-382.78458422521624,0.25484172915127296,-0.375786334264647,0.0484,0.0484,1,"Annual average of daily maximum 8-hour ozone means, ppm; not an annual average of all hourly ozone samples",Parts per million,Ozone 8-hour 2015,Daily maximum of 8-hour running average,8-HR RUN AVG BEGIN HOUR,No Events,Y,Certified,345,94,5166
6,73,1026,06-073-1026,44201,1,11303,32.710177,-117.142665,NAD83,-117.142665,32.710177,241.2224940929843,-392.08650151116996,0.23681234964270156,-0.3849181894713992,0.041246,0.041246,1,"Annual average of daily maximum 8-hour ozone means, ppm; not an annual average of all hourly ozone samples",Parts per million,Ozone 8-hour 2015,Daily maximum of 8-hour running average,8-HR RUN AVG BEGIN HOUR,No Events,Y,Certified,358,98,6162
6,73,1201,06-073-1201,44201,1,11335,33.362593,-117.09023,WGS84,-117.09023,33.362593,244.28018426544082,-319.6093546890699,0.23981413766807413,-0.313766104344029,0.031038,0.031038,1,"Annual average of daily maximum 8-hour ozone means, ppm; not an annual average of all hourly ozone samples",Parts per million,Ozone 8-hour 2015,Daily maximum of 8-hour running average,8-HR RUN AVG BEGIN HOUR,Events Included,Y,Certification not required,365,100,6217
6,73,9991,06-073-9991,44201,1,11540,32.725189,-116.36441,WGS84,-116.36441,32.725189,314.1507720117073,-388.25255962753477,0.308407318073264,-0.3811543415380998,0.054574,0.054574,1,"Annual average of daily maximum 8-hour ozone means, ppm; not an annual average of all hourly ozone samples",Parts per million,Ozone 8-hour 2015,Daily maximum of 8-hour running average,8-HR RUN AVG BEGIN HOUR,No Events,Y,Certified,324,89,5599
6,77,1003,06-077-1003,44201,1,11713,37.961578,-121.281414,WGS84,-121.281414,37.961578,-137.744262396466,188.5576995622916,-0.13522595622999423,0.1851103979521765,0.038686,0.038686,1,"Annual average of daily maximum 8-hour ozone means, ppm; not an annual average of all hourly ozone samples",Parts per million,Ozone 8-hour 2015,Daily maximum of 8-hour running average,8-HR RUN AVG BEGIN HOUR,No Events,Y,Certified,344,94,6020
6,77,3005,06-077-3005,44201,1,11762,37.682635,-121.442495,NAD83,-121.442495,37.682635,-152.46584224007486,157.84318803047805,-0.14967838914395704,0.1549574237391959,0.039105,0.039105,1,"Annual average of daily maximum 8-hour ozone means, ppm; not an annual average of all hourly ozone samples",Parts per million,Ozone 8-hour 2015,Daily maximum of 8-hour running average,8-HR RUN AVG BEGIN HOUR,No Events,Y,Certified,352,96,6095
6,79,5,06-079-0005,44201,1,11777,35.614668,-120.656912,NAD83,-120.656912,35.614668,-85.41731267210874,-72.6036201317626,-0.08385567270625315,-0.07127624619178873,0.039327,0.039327,1,"Annual average of daily maximum 8-hour ozone means, ppm; not an annual average of all hourly ozone samples",Parts per million,Ozone 8-hour 2015,Daily maximum of 8-hour running average,8-HR RUN AVG BEGIN HOUR,No Events,Y,Certified,364,99,6199
6,79,3003,06-079-3003,44201,1,11840,35.361589,-120.836819,WGS84,-120.836819,35.361589,-102.03784812984402,-100.50903360350799,-0.10017234362397003,-0.09867147961246547,0.034933,0.034933,1,"Annual average of daily maximum 8-hour ozone means, ppm; not an annual average of all hourly ozone samples",Parts per million,Ozone 8-hour 2015,Daily maximum of 8-hour running average,8-HR RUN AVG BEGIN HOUR,No Events,Y,Certified,357,98,6114
6,79,4002,06-079-4002,44201,1,11852,35.03146,-120.50103,WGS84,-120.50103,35.03146,-71.81245611777517,-137.43323433918403,-0.07049954661487078,-0.1349206145356937,0.035466,0.035466,1,"Annual average of daily maximum 8-hour ozone means, ppm; not an annual average of all hourly ozone samples",Parts per million,Ozone 8-hour 2015,Daily maximum of 8-hour running average,8-HR RUN AVG BEGIN HOUR,No Events,Y,Certified,341,93,5916
6,79,8002,06-079-8002,44201,1,11867,35.49453,-120.66617,WGS84,-120.66617,35.49453,-86.38561604596849,-85.92463103415257,-0.08480627309695425,-0.08435371603253672,0.037216,0.037216,1,"Annual average of daily maximum 8-hour ozone means, ppm; not an annual average of all hourly ozone samples",Parts per million,Ozone 8-hour 2015,Daily maximum of 8-hour running average,8-HR RUN AVG BEGIN HOUR,No Events,Y,Certified,348,95,6050
6,79,8005,06-079-8005,44201,1,11887,35.64368,-120.23135,WGS84,-120.23135,35.64368,-46.84453094391734,-69.67381956135438,-0.04598809693288029,-0.06840000962988893,0.047615,0.047615,1,"Annual average of daily maximum 8-hour ozone means, ppm; not an annual average of all hourly ozone samples",Parts per million,Ozone 8-hour 2015,Daily maximum of 8-hour running average,8-HR RUN AVG BEGIN HOUR,No Events,Y,Certified,361,99,6151
6,79,8006,06-079-8006,44201,1,11895,35.35472,-120.04019,WGS84,-120.04019,35.35472,-29.638078040451717,-101.80879737514658,-0.029096220591051658,-0.09994748048418993,0.045499,0.045499,1,"Annual average of daily maximum 8-hour ozone means, ppm; not an annual average of all hourly ozone samples",Parts per million,Ozone 8-hour 2015,Daily maximum of 8-hour running average,8-HR RUN AVG BEGIN HOUR,No Events,Y,Certified,359,98,6146
6,83,11,06-083-0011,44201,1,11951,34.427775,-119.691218,WGS84,-119.691218,34.427775,2.1059346274992095,-204.69205757834115,0.002067432928289749,-0.20094977995559962,0.030843,0.030843,1,"Annual average of daily maximum 8-hour ozone means, ppm; not an annual average of all hourly ozone samples",Parts per million,Ozone 8-hour 2015,Daily maximum of 8-hour running average,8-HR RUN AVG BEGIN HOUR,No Events,Y,Certified,350,96,5946
6,83,1009,06-083-1009,44201,1,11974,34.890667,-120.432844,WGS84,-120.432844,34.890667,-65.70347148734996,-153.10054151274602,-0.06450224934911707,-0.15030148454243109,0.032275,0.032275,1,"Annual average of daily maximum 8-hour ozone means, ppm; not an annual average of all hourly ozone samples",Parts per million,Ozone 8-hour 2015,Daily maximum of 8-hour running average,8-HR RUN AVG BEGIN HOUR,No Events,Y,Certified,360,98,6160
6,83,1013,06-083-1013,44201,1,12007,34.725352,-120.428717,NAD83,-120.428717,34.725352,-65.45838029806772,-171.44269775197654,-0.06426163903361191,-0.16830830075108602,0.031468,0.031468,1,"Annual average of daily maximum 8-hour ozone means, ppm; not an annual average of all hourly ozone samples",Parts per million,Ozone 8-hour 2015,Daily maximum of 8-hour running average,8-HR RUN AVG BEGIN HOUR,Events Included,Y,Certified,333,91,5705
6,83,1014,06-083-1014,44201,1,12021,34.54166,-119.79146,WGS84,-119.79146,34.54166,-7.100003290685694,-192.05611058399177,-0.006970197651177892,-0.1885448493584595,0.04314,0.04314,1,"Annual average of daily maximum 8-hour ozone means, ppm; not an annual average of all hourly ozone samples",Parts per million,Ozone 8-hour 2015,Daily maximum of 8-hour running average,8-HR RUN AVG BEGIN HOUR,No Events,Y,Certified,336,92,5735
6,83,1021,06-083-1021,44201,1,12035,34.403052,-119.457914,NAD83,-119.457914,34.403052,23.561736764458704,-207.40411763800788,0.02313096987838735,-0.20361225684241196,0.020695,0.020695,1,"Annual average of daily maximum 8-hour ozone means, ppm; not an annual average of all hourly ozone samples",Parts per million,Ozone 8-hour 2015,Daily maximum of 8-hour running average,8-HR RUN AVG BEGIN HOUR,No Events,Y,Certified,348,95,5910
6,83,1025,06-083-1025,44201,1,12066,34.48974,-120.04692,WGS84,-120.04692,34.48974,-30.57250376859964,-197.7666948616255,-0.030013562703284372,-0.19415103001629577,0.037261,0.037261,1,"Annual average of daily maximum 8-hour ozone means, ppm; not an annual average of all hourly ozone samples",Parts per million,Ozone 8-hour 2015,Daily maximum of 8-hour running average,8-HR RUN AVG BEGIN HOUR,No Events,Y,Certified,329,90,5628
6,83,2004,06-083-2004,44201,1,12093,34.63782,-120.4575,WGS84,-120.4575,34.63782,-68.16758068538306,-181.13334140146836,-0.06692130852996392,-0.17782177544097824,0.034413,0.034413,1,"Annual average of daily maximum 8-hour ozone means, ppm; not an annual average of all hourly ozone samples",Parts per million,Ozone 8-hour 2015,Daily maximum of 8-hour running average,8-HR RUN AVG BEGIN HOUR,No Events,Y,Certified,341,93,5810
6,83,2011,06-083-2011,44201,1,12116,34.44551,-119.8284,WGS84,-119.8284,34.44551,-10.503626470315222,-202.71884684572666,-0.0103115941718346,-0.19901264440077648,0.034623,0.034623,1,"Annual average of daily maximum 8-hour ozone means, ppm; not an annual average of all hourly ozone samples",Parts per million,Ozone 8-hour 2015,Daily maximum of 8-hour running average,8-HR RUN AVG BEGIN HOUR,No Events,Y,Certified,350,96,6015
6,83,3001,06-083-3001,44201,1,12138,34.605819,-120.075069,WGS84,-120.075069,34.605819,-33.111743218655924,-184.88067998193463,-0.03250637856912762,-0.18150060339391735,0.03644,0.03644,1,"Annual average of daily maximum 8-hour ozone means, ppm; not an annual average of all hourly ozone samples",Parts per million,Ozone 8-hour 2015,Daily maximum of 8-hour running average,8-HR RUN AVG BEGIN HOUR,No Events,Y,Certified,350,96,5996
6,89,4,06-089-0004,44201,1,12443,40.55013,-122.38092,NAD83,-122.38092,40.55013,-226.0674393650397,478.02900017801716,-0.22193436683855694,0.4692894464720653,0.04109,0.04109,1,"Annual average of daily maximum 8-hour ozone means, ppm; not an annual average of all hourly ozone samples",Parts per million,Ozone 8-hour 2015,Daily maximum of 8-hour running average,8-HR RUN AVG BEGIN HOUR,No Events,Y,Certified,311,85,5372
6,93,2001,06-093-2001,44201,1,12600,41.726892,-122.633579,WGS84,-122.633579,41.726892,-243.2344675572034,609.3231292595257,-0.23878753925042043,0.5981831937943987,0.039909,0.039909,1,"Annual average of daily maximum 8-hour ozone means, ppm; not an annual average of all hourly ozone samples",Parts per million,Ozone 8-hour 2015,Daily maximum of 8-hour running average,8-HR RUN AVG BEGIN HOUR,No Events,Y,Certified,361,99,6189
6,95,3003,06-095-3003,44201,1,12675,38.35655,-121.94986,NAD83,-121.94986,38.35655,-195.44022768617484,233.56332029503034,-0.1918670964210618,0.2292932045056144,0.037978,0.037978,1,"Annual average of daily maximum 8-hour ozone means, ppm; not an annual average of all hourly ozone samples",Parts per million,Ozone 8-hour 2015,Daily maximum of 8-hour running average,8-HR RUN AVG BEGIN HOUR,No Events,Y,Certified,362,99,6178
6,99,5,06-099-0005,44201,1,12731,37.642165,-120.994212,NAD83,-120.994212,37.642165,-112.98464347900494,152.7304366281729,-0.11091900445027475,0.1499381460915144,0.042764,0.042764,1,"Annual average of daily maximum 8-hour ozone means, ppm; not an annual average of all hourly ozone samples",Parts per million,Ozone 8-hour 2015,Daily maximum of 8-hour running average,8-HR RUN AVG BEGIN HOUR,No Events,Y,Certified,351,96,6012
6,99,6,06-099-0006,44201,1,12807,37.488317,-120.836008,NAD83,-120.836008,37.488317,-99.22360228478658,135.48053983635256,-0.09740954916093224,0.1330036201231757,0.046101,0.046101,1,"Annual average of daily maximum 8-hour ozone means, ppm; not an annual average of all hourly ozone samples",Parts per million,Ozone 8-hour 2015,Daily maximum of 8-hour running average,8-HR RUN AVG BEGIN HOUR,No Events,Y,Certified,357,98,6151
6,101,3,06-101-0003,44201,1,12833,39.138773,-121.618549,WGS84,-121.618549,39.138773,-164.70772031744193,319.76133228174893,-0.1616964553796178,0.3139153034100228,0.040986,0.040986,1,"Annual average of daily maximum 8-hour ozone means, ppm; not an annual average of all hourly ozone samples",Parts per million,Ozone 8-hour 2015,Daily maximum of 8-hour running average,8-HR RUN AVG BEGIN HOUR,No Events,Y,Certified,356,97,6133
6,101,4,06-101-0004,44201,1,12864,39.205572,-121.820362,WGS84,-121.820362,39.205572,-181.99038132007297,327.5461268605473,-0.17866314654787058,0.32155777266904795,0.052816,0.052816,1,"Annual average of daily maximum 8-hour ozone means, ppm; not an annual average of all hourly ozone samples",Parts per million,Ozone 8-hour 2015,Daily maximum of 8-hour running average,8-HR RUN AVG BEGIN HOUR,No Events,Y,Certified,206,96,3540
6,103,4,06-103-0004,44201,1,12874,40.262072,-122.092766,WGS84,-122.092766,40.262072,-202.48325598567163,445.389239071612,-0.19878136072495778,0.43724642101356564,0.051473,0.051473,1,"Annual average of daily maximum 8-hour ozone means, ppm; not an annual average of all hourly ozone samples",Parts per million,Ozone 8-hour 2015,Daily maximum of 8-hour running average,8-HR RUN AVG BEGIN HOUR,No Events,Y,Certified,207,97,3570
6,103,7,06-103-0007,44201,1,12884,40.17093,-122.25556,WGS84,-122.25556,40.17093,-216.62003369804668,435.63393094438214,-0.2126596831385949,0.4276694640726954,0.033742,0.033742,1,"Annual average of daily maximum 8-hour ozone means, ppm; not an annual average of all hourly ozone samples",Parts per million,Ozone 8-hour 2015,Daily maximum of 8-hour running average,8-HR RUN AVG BEGIN HOUR,No Events,Y,Certified,360,98,6156
6,107,9,06-107-0009,44201,1,12973,36.48947,-118.82915,WGS84,-118.82915,36.48947,79.29567905126274,24.41370998068402,0.077845957704942,0.02396736691476487,0.05243,0.05243,1,"Annual average of daily maximum 8-hour ozone means, ppm; not an annual average of all hourly ozone samples",Parts per million,Ozone 8-hour 2015,Daily maximum of 8-hour running average,8-HR RUN AVG BEGIN HOUR,No Events,Y,Certified,349,95,6014
6,107,2003,06-107-2003,44201,1,13043,36.30815,-119.3129,WGS84,-119.3129,36.30815,36.034545421435006,4.005009651401745,0.03537574471088624,0.003931788158713548,0.049773,0.049773,1,"Annual average of daily maximum 8-hour ozone means, ppm; not an annual average of all hourly ozone samples",Parts per million,Ozone 8-hour 2015,Daily maximum of 8-hour running average,8-HR RUN AVG BEGIN HOUR,No Events,Y,Certified,353,96,6045
6,107,2010,06-107-2010,44201,1,13115,36.031831,-119.055018,WGS84,-119.055018,36.031831,59.403326814586215,-26.528847540960033,0.05831728691990419,-0.02604383452343413,0.049489,0.049489,1,"Annual average of daily maximum 8-hour ozone means, ppm; not an annual average of all hourly ozone samples",Parts per million,Ozone 8-hour 2015,Daily maximum of 8-hour running average,8-HR RUN AVG BEGIN HOUR,No Events,Y,Certified,350,96,5992
6,109,5,06-109-0005,44201,1,13127,37.98178,-120.378551,NAD83,-120.378551,37.98178,-58.380767498361685,189.8734267260913,-0.05731342251980052,0.1864020703657286,0.043895,0.043895,1,"Annual average of daily maximum 8-hour ozone means, ppm; not an annual average of all hourly ozone samples",Parts per million,Ozone 8-hour 2015,Daily maximum of 8-hour running average,8-HR RUN AVG BEGIN HOUR,No Events,Y,Certified,351,96,6054
6,111,7,06-111-0007,44201,1,13137,34.210169,-118.870509,NAD83,-118.870509,34.210169,77.76058036622966,-228.49777941696897,0.07633892442472073,-0.22432027425690196,0.044356,0.044356,1,"Annual average of daily maximum 8-hour ozone means, ppm; not an annual average of all hourly ozone samples",Parts per million,Ozone 8-hour 2015,Daily maximum of 8-hour running average,8-HR RUN AVG BEGIN HOUR,No Events,Y,Certified,365,100,6216
6,111,9,06-111-0009,44201,1,13159,34.404281,-118.80998,NAD83,-118.80998,34.404281,83.14494721346028,-206.91610746818543,0.08162485171448434,-0.2031331687067896,0.045155,0.045155,1,"Annual average of daily maximum 8-hour ozone means, ppm; not an annual average of all hourly ozone samples",Parts per million,Ozone 8-hour 2015,Daily maximum of 8-hour running average,8-HR RUN AVG BEGIN HOUR,No Events,Y,Certified,361,99,6157
6,111,1004,06-111-1004,44201,1,13199,34.44806,-119.2313,NAD83,-119.2313,34.44806,44.37739470753553,-202.33305727570817,0.04356606605544057,-0.1986339080192991,0.043633,0.043633,1,"Annual average of daily maximum 8-hour ozone means, ppm; not an annual average of all hourly ozone samples",Parts per million,Ozone 8-hour 2015,Daily maximum of 8-hour running average,8-HR RUN AVG BEGIN HOUR,No Events,Y,Certified,365,100,6217
6,111,2002,06-111-2002,44201,1,13251,34.276316,-118.683685,NAD83,-118.683685,34.276316,94.90502448395954,-220.9965359947833,0.0931699256549484,-0.2169561721372841,0.04936,0.04936,1,"Annual average of daily maximum 8-hour ozone means, ppm; not an annual average of all hourly ozone samples",Parts per million,Ozone 8-hour 2015,Daily maximum of 8-hour running average,8-HR RUN AVG BEGIN HOUR,No Events,Y,Certified,364,99,6208
6,111,3001,06-111-3001,44201,1,13289,34.25239,-119.143182,NAD83,-119.143182,34.25239,52.600477336277265,-223.99493517775997,0.05163881037367059,-0.21989975315926688,0.038504,0.038504,1,"Annual average of daily maximum 8-hour ozone means, ppm; not an annual average of all hourly ozone samples",Parts per million,Ozone 8-hour 2015,Daily maximum of 8-hour running average,8-HR RUN AVG BEGIN HOUR,No Events,Y,Certified,363,99,6195
6,113,4,06-113-0004,44201,1,13318,38.53445,-121.7734,WGS84,-121.7734,38.53445,-179.58284570489664,252.9613295762484,-0.17629962664471172,0.24833657014839502,0.040251,0.040251,1,"Annual average of daily maximum 8-hour ozone means, ppm; not an annual average of all hourly ozone samples",Parts per million,Ozone 8-hour 2015,Daily maximum of 8-hour running average,8-HR RUN AVG BEGIN HOUR,No Events,Y,Certified,350,96,6027
6,113,1003,06-113-1003,44201,1,13330,38.66121,-121.73269,WGS84,-121.73269,38.66121,-175.72907672314335,266.9552002902242,-0.17251631410173895,0.2620745982573962,0.040903,0.040903,1,"Annual average of daily maximum 8-hour ozone means, ppm; not an annual average of all hourly ozone samples",Parts per million,Ozone 8-hour 2015,Daily maximum of 8-hour running average,8-HR RUN AVG BEGIN HOUR,No Events,Y,Certified,361,99,6175
8,1,3001,08-001-3001,44201,2,13719,39.838119,-104.94984,WGS84,-104.94984,39.838119,90.00206011100384,48.00975374580718,0.16689543501150442,0.08902694812006925,0.050804,0.050804,1,"Annual average of daily maximum 8-hour ozone means, ppm; not an annual average of all hourly ozone samples",Parts per million,Ozone 8-hour 2015,Daily maximum of 8-hour running average,8-HR RUN AVG BEGIN HOUR,No Events,Y,Certified,321,88,5449
8,5,2,08-005-0002,44201,1,13810,39.567887,-104.957193,WGS84,-104.957193,39.567887,89.72129189048331,17.999883489191628,0.16637479210351558,0.03337810691644096,0.046036,0.046036,1,"Annual average of daily maximum 8-hour ozone means, ppm; not an annual average of all hourly ozone samples",Parts per million,Ozone 8-hour 2015,Daily maximum of 8-hour running average,8-HR RUN AVG BEGIN HOUR,No Events,Y,Certified,357,98,6058
8,5,6,08-005-0006,44201,1,13843,39.638522,-104.569335,WGS84,-104.569335,39.638522,122.92189516360888,26.29951184264897,0.2279403731477567,0.04876853334418809,0.051816,0.051816,1,"Annual average of daily maximum 8-hour ozone means, ppm; not an annual average of all hourly ozone samples",Parts per million,Ozone 8-hour 2015,Daily maximum of 8-hour running average,8-HR RUN AVG BEGIN HOUR,No Events,Y,Certified,364,99,6187
8,7,7004,08-007-7004,44201,1,13859,37.205862,-107.254118,NAD83,-107.254118,37.205862,-111.2344764291022,-243.95356803807744,-0.2062677933040136,-0.45237561018167965,0.035314,0.035314,1,"Annual average of daily maximum 8-hour ozone means, ppm; not an annual average of all hourly ozone samples",Parts per million,Ozone 8-hour 2015,Daily maximum of 8-hour running average,8-HR RUN AVG BEGIN HOUR,No Events,Y,Certified,299,82,5214
8,13,14,08-013-0014,44201,1,13907,40.070016,-105.220238,NAD83,-105.220238,40.070016,66.63372629931646,73.52193795069566,0.12356233538927942,0.1363354994545283,0.048254,0.048254,1,"Annual average of daily maximum 8-hour ozone means, ppm; not an annual average of all hourly ozone samples",Parts per million,Ozone 8-hour 2015,Daily maximum of 8-hour running average,8-HR RUN AVG BEGIN HOUR,No Events,Y,Certified,334,91,5737
8,19,6,08-019-0006,44201,1,13937,39.794391,-105.76398,WGS84,-105.76398,39.794391,20.32984228077657,42.65547265871911,0.03769866897469662,0.07909823015404371,0.052799,0.052799,1,"Annual average of daily maximum 8-hour ozone means, ppm; not an annual average of all hourly ozone samples",Parts per million,Ozone 8-hour 2015,Daily maximum of 8-hour running average,8-HR RUN AVG BEGIN HOUR,Events Included,Y,Certification not required,344,94,5910
8,31,2,08-031-0002,44201,6,13951,39.751184,-104.987625,WGS84,-104.987625,39.751184,86.87704327004975,38.32049624566792,0.16110055604488904,0.07105966111097428,0.049153,0.049153,1,"Annual average of daily maximum 8-hour ozone means, ppm; not an annual average of all hourly ozone samples",Parts per million,Ozone 8-hour 2015,Daily maximum of 8-hour running average,8-HR RUN AVG BEGIN HOUR,No Events,Y,Certified,295,81,5023
8,31,26,08-031-0026,44201,1,14018,39.77949,-105.00518,WGS84,-105.00518,39.77949,85.33774717466756,41.44642258880796,0.15824616036624042,0.07685622661412873,0.049994,0.049994,1,"Annual average of daily maximum 8-hour ozone means, ppm; not an annual average of all hourly ozone samples",Parts per million,Ozone 8-hour 2015,Daily maximum of 8-hour running average,8-HR RUN AVG BEGIN HOUR,No Events,Y,Certified,330,90,5671
8,35,4,08-035-0004,44201,1,14270,39.534488,-105.070358,WGS84,-105.070358,39.534488,80.03596118259972,14.185295643746999,0.1484147867466506,0.026304521077740343,0.051533,0.051533,1,"Annual average of daily maximum 8-hour ozone means, ppm; not an annual average of all hourly ozone samples",Parts per million,Ozone 8-hour 2015,Daily maximum of 8-hour running average,8-HR RUN AVG BEGIN HOUR,No Events,Y,Certified,351,96,6019
8,41,13,08-041-0013,44201,1,14307,38.958341,-104.817215,WGS84,-104.817215,38.958341,102.63472411411715,-49.52065001148936,0.19032083162524258,-0.09182868053827481,0.047652,0.047652,1,"Annual average of daily maximum 8-hour ozone means, ppm; not an annual average of all hourly ozone samples",Parts per million,Ozone 8-hour 2015,Daily maximum of 8-hour running average,8-HR RUN AVG BEGIN HOUR,No Events,Y,Certified,351,96,5990
8,41,16,08-041-0016,44201,1,14311,38.853097,-104.901289,WGS84,-104.901289,38.853097,95.48932689531384,-61.29567649124301,0.1770707551748662,-0.11366371591620611,0.051593,0.051593,1,"Annual average of daily maximum 8-hour ozone means, ppm; not an annual average of all hourly ozone samples",Parts per million,Ozone 8-hour 2015,Daily maximum of 8-hour running average,8-HR RUN AVG BEGIN HOUR,No Events,Y,Certified,364,99,6207
8,45,12,08-045-0012,44201,1,14331,39.54182,-107.784125,WGS84,-107.784125,39.54182,-153.2416685758105,16.10126939129916,-0.28416388366338946,0.029857409441339532,0.041099,0.041099,1,"Annual average of daily maximum 8-hour ozone means, ppm; not an annual average of all hourly ozone samples",Parts per million,Ozone 8-hour 2015,Daily maximum of 8-hour running average,8-HR RUN AVG BEGIN HOUR,No Events,Y,Certified,354,97,6037
8,45,16,08-045-0016,44201,1,14339,39.426,-107.38,WGS84,-107.38,39.426,-118.70432400572815,2.634091551930359,-0.2201195146894244,0.004884531030482461,0.051435,0.051435,1,"Annual average of daily maximum 8-hour ozone means, ppm; not an annual average of all hourly ozone samples",Parts per million,Ozone 8-hour 2015,Daily maximum of 8-hour running average,8-HR RUN AVG BEGIN HOUR,Events Included,Y,Certification not required,352,96,6011
8,45,19,08-045-0019,44201,1,14350,39.43806,-108.02611,WGS84,-108.02611,39.43806,-174.29727584189186,5.022031719296263,-0.32320837586467854,0.009312610926903091,0.046833,0.046833,1,"Annual average of daily maximum 8-hour ozone means, ppm; not an annual average of all hourly ozone samples",Parts per million,Ozone 8-hour 2015,Daily maximum of 8-hour running average,8-HR RUN AVG BEGIN HOUR,Events Included,Y,Certification not required,341,93,5988
8,45,21,08-045-0021,44201,1,14374,39.4125,-107.23056,WGS84,-107.23056,39.4125,-105.85862147817821,0.9494061705152764,-0.19629906981605516,0.001760532543758751,0.046802,0.046802,1,"Annual average of daily maximum 8-hour ozone means, ppm; not an annual average of all hourly ozone samples",Parts per million,Ozone 8-hour 2015,Daily maximum of 8-hour running average,8-HR RUN AVG BEGIN HOUR,Events Included,Y,Certification not required,334,91,5750
8,47,3,08-047-0003,44201,1,14387,39.792519,-105.49127,NAD83,-105.49127,39.792519,43.68844143515082,42.5446115258881,0.08101371712271138,0.07889265467091722,0.052189,0.052189,1,"Annual average of daily maximum 8-hour ozone means, ppm; not an annual average of all hourly ozone samples",Parts per million,Ozone 8-hour 2015,Daily maximum of 8-hour running average,8-HR RUN AVG BEGIN HOUR,No Events,Y,Certified,355,97,6145
8,51,9991,08-051-9991,44201,1,14410,38.9564,-106.9858,WGS84,-106.9858,38.9564,-85.33178987845398,-49.94339106458909,-0.15823511344640512,-0.09261259094951745,0.050845,0.050845,1,"Annual average of daily maximum 8-hour ozone means, ppm; not an annual average of all hourly ozone samples",Parts per million,Ozone 8-hour 2015,Daily maximum of 8-hour running average,8-HR RUN AVG BEGIN HOUR,No Events,Y,Certified,362,99,6174
8,57,5,08-057-0005,44201,1,14420,40.5506,-106.385,WGS84,-106.385,40.5506,-32.49962129181627,126.66620298385273,-0.06026571421273137,0.23488363513204735,0.048659,0.048659,1,"Annual average of daily maximum 8-hour ozone means, ppm; not an annual average of all hourly ozone samples",Parts per million,Ozone 8-hour 2015,Daily maximum of 8-hour running average,8-HR RUN AVG BEGIN HOUR,Events Included,Y,Certification not required,346,95,6009
8,59,6,08-059-0006,44201,1,14544,39.912799,-105.188587,WGS84,-105.188587,39.912799,69.49222115385162,56.089755302732016,0.12886298897029078,0.10401010931741757,0.052419,0.052419,1,"Annual average of daily maximum 8-hour ozone means, ppm; not an annual average of all hourly ozone samples",Parts per million,Ozone 8-hour 2015,Daily maximum of 8-hour running average,8-HR RUN AVG BEGIN HOUR,No Events,Y,Certified,360,98,6131
8,59,11,08-059-0011,44201,1,14576,39.743724,-105.177989,WGS84,-105.177989,39.743724,70.57063039608293,37.32577898949397,0.13086273852469701,0.0692151058977064,0.051844,0.051844,1,"Annual average of daily maximum 8-hour ozone means, ppm; not an annual average of all hourly ozone samples",Parts per million,Ozone 8-hour 2015,Daily maximum of 8-hour running average,8-HR RUN AVG BEGIN HOUR,No Events,Y,Certified,358,98,6090
8,59,14,08-059-0014,44201,1,14580,39.620408,-105.33872,WGS84,-105.33872,39.620408,56.89532580293268,23.52068601324005,0.10550392000239085,0.04361561412157905,0.053151,0.053151,1,"Annual average of daily maximum 8-hour ozone means, ppm; not an annual average of all hourly ozone samples",Parts per million,Ozone 8-hour 2015,Daily maximum of 8-hour running average,8-HR RUN AVG BEGIN HOUR,No Events,Y,Certified,352,96,6034
8,67,1004,08-067-1004,44201,1,14595,37.30389,-107.484167,WGS84,-107.484167,37.30389,-131.4856595041158,-232.77007132757933,-0.2438206004801327,-0.43163747878617276,0.047344,0.047344,1,"Annual average of daily maximum 8-hour ozone means, ppm; not an annual average of all hourly ozone samples",Parts per million,Ozone 8-hour 2015,Daily maximum of 8-hour running average,8-HR RUN AVG BEGIN HOUR,No Events,Y,Certification not required,331,90,5809
8,67,7001,08-067-7001,44201,1,14657,37.13678,-107.62863,WGS84,-107.62863,37.13678,-144.61830220129605,-251.09745109016575,-0.268173133223198,-0.46562287883507597,0.0492,0.0492,1,"Annual average of daily maximum 8-hour ozone means, ppm; not an annual average of all hourly ozone samples",Parts per million,Ozone 8-hour 2015,Daily maximum of 8-hour running average,8-HR RUN AVG BEGIN HOUR,No Events,Y,Certified,355,97,6043
8,67,7003,08-067-7003,44201,1,14678,37.10258,-107.870219,WGS84,-107.870219,37.10258,-166.16178330575534,-254.48339084764922,-0.3081223148992213,-0.47190160054490116,0.046758,0.046758,1,"Annual average of daily maximum 8-hour ozone means, ppm; not an annual average of all hourly ozone samples",Parts per million,Ozone 8-hour 2015,Daily maximum of 8-hour running average,8-HR RUN AVG BEGIN HOUR,No Events,Y,Certified,277,76,4965
8,69,7,08-069-0007,44201,1,14710,40.27813,-105.54564,WGS84,-105.54564,40.27813,38.75691442535512,96.43923684917878,0.07186893371935671,0.17883222190992223,0.052247,0.05206,2,"Annual average of daily maximum 8-hour ozone means, ppm; not an annual average of all hourly ozone samples",Parts per million,Ozone 8-hour 2015,Daily maximum of 8-hour running average,8-HR RUN AVG BEGIN HOUR,No Events,Y,Certified,364,99,6191
8,69,11,08-069-0011,44201,1,14780,40.592543,-105.141122,WGS84,-105.141122,40.592543,72.82244240517181,131.6041243295406,0.135038388997114,0.244040275880323,0.049895,0.049895,1,"Annual average of daily maximum 8-hour ozone means, ppm; not an annual average of all hourly ozone samples",Parts per million,Ozone 8-hour 2015,Daily maximum of 8-hour running average,8-HR RUN AVG BEGIN HOUR,No Events,Y,Certified,351,96,5984
8,69,1004,08-069-1004,44201,1,14834,40.57747,-105.07892,WGS84,-105.07892,40.57747,78.10541560721667,129.98281951568464,0.1448348770955192,0.24103380722992757,0.047076,0.047076,1,"Annual average of daily maximum 8-hour ozone means, ppm; not an annual average of all hourly ozone samples",Parts per million,Ozone 8-hour 2015,Daily maximum of 8-hour running average,8-HR RUN AVG BEGIN HOUR,No Events,Y,Certified,357,98,6060
8,77,20,08-077-0020,44201,1,15017,39.130575,-108.313835,WGS84,-108.313835,39.130575,-199.93348441923953,-28.514254774545197,-0.37074691195246523,-0.05287544472601194,0.046958,0.046958,1,"Annual average of daily maximum 8-hour ozone means, ppm; not an annual average of all hourly ozone samples",Parts per million,Ozone 8-hour 2015,Daily maximum of 8-hour running average,8-HR RUN AVG BEGIN HOUR,No Events,Y,Certified,360,98,6131
8,83,6,08-083-0006,44201,1,15031,37.350054,-108.592334,WGS84,-108.592334,37.350054,-229.58627940192838,-225.46260027633448,-0.4257336101662514,-0.41808686051779853,0.04639,0.04639,1,"Annual average of daily maximum 8-hour ozone means, ppm; not an annual average of all hourly ozone samples",Parts per million,Ozone 8-hour 2015,Daily maximum of 8-hour running average,8-HR RUN AVG BEGIN HOUR,No Events,Y,Certified,326,89,5586
8,83,101,08-083-0101,44201,1,15045,37.1984,-108.49046,WGS84,-108.49046,37.1984,-221.0117313059213,-242.54115187966073,-0.40983338596310337,-0.4497564944760447,0.050387,0.050387,1,"Annual average of daily maximum 8-hour ozone means, ppm; not an annual average of all hourly ozone samples",Parts per million,Ozone 8-hour 2015,Daily maximum of 8-hour running average,8-HR RUN AVG BEGIN HOUR,No Events,Y,Certified,331,90,5657
8,83,8001,08-083-8001,44201,1,15130,37.20006,-108.7331,WGS84,-108.7331,37.20006,-242.544602312321,-241.74342404765153,-0.44976289279025106,-0.44827722685283966,0.046202,0.046202,1,"Annual average of daily maximum 8-hour ozone means, ppm; not an annual average of all hourly ozone samples",Parts per million,Ozone 8-hour 2015,Daily maximum of 8-hour running average,8-HR RUN AVG BEGIN HOUR,No Events,Y,Certification not required,362,99,6181
8,93,1,08-093-0001,44201,1,15134,39.417,-105.755,WGS84,-105.755,39.417,21.21366483544568,0.7570036390244224,0.03933758645672485,0.0014037506639787037,0.05414,0.05414,1,"Annual average of daily maximum 8-hour ozone means, ppm; not an annual average of all hourly ozone samples",Parts per million,Ozone 8-hour 2015,Daily maximum of 8-hour running average,8-HR RUN AVG BEGIN HOUR,Events Included,Y,Certification not required,322,88,5643
8,101,16,08-101-0016,44201,1,15219,38.30333,-104.7225,WGS84,-104.7225,38.30333,111.86267147959155,-122.11721521233646,0.20743268759747963,-0.2264482138533249,0.048496,0.048496,1,"Annual average of daily maximum 8-hour ozone means, ppm; not an annual average of all hourly ozone samples",Parts per million,Ozone 8-hour 2015,Daily maximum of 8-hour running average,8-HR RUN AVG BEGIN HOUR,No Events,Y,Certified,341,93,5858
8,103,6,08-103-0006,44201,1,15233,40.086944,-108.761389,WGS84,-108.761389,40.086944,-235.36028406200484,78.72879782264144,-0.43644064307542474,0.14599084670214194,0.046085,0.046085,1,"Annual average of daily maximum 8-hour ozone means, ppm; not an annual average of all hourly ozone samples",Parts per million,Ozone 8-hour 2015,Daily maximum of 8-hour running average,8-HR RUN AVG BEGIN HOUR,Events Included,Y,Certification not required,354,97,6069
8,103,7,08-103-0007,44201,1,15259,39.8723,-108.2183,WGS84,-108.2183,39.8723,-189.64976271759016,53.61631887835966,-0.35167727949275024,0.09942348932772185,0.048974,0.048974,1,"Annual average of daily maximum 8-hour ozone means, ppm; not an annual average of all hourly ozone samples",Parts per million,Ozone 8-hour 2015,Daily maximum of 8-hour running average,8-HR RUN AVG BEGIN HOUR,Events Included,Y,Certification not required,347,95,6019
8,123,9,08-123-0009,44201,1,15529,40.386368,-104.73744,WGS84,-104.73744,40.386368,107.3200910764107,109.11636317561356,0.19900914783040585,0.2023400672896465,0.047584,0.047584,1,"Annual average of daily maximum 8-hour ozone means, ppm; not an annual average of all hourly ozone samples",Parts per million,Ozone 8-hour 2015,Daily maximum of 8-hour running average,8-HR RUN AVG BEGIN HOUR,No Events,Y,Certified,356,97,6088
8,123,11,08-123-0011,44201,1,15539,40.65,-104.33,WGS84,-104.33,40.65,141.36236808883774,138.9551137001402,0.2621354876471154,0.2576715923997231,0.049078,0.049078,1,"Annual average of daily maximum 8-hour ozone means, ppm; not an annual average of all hourly ozone samples",Parts per million,Ozone 8-hour 2015,Daily maximum of 8-hour running average,8-HR RUN AVG BEGIN HOUR,Events Included,Y,Certification not required,348,95,5996
8,123,15,08-123-0015,44201,1,15736,40.2614,-104.70645,WGS84,-104.70645,40.2614,110.1530093451223,95.27813000032654,0.204262373436859,0.1766791219431545,0.049784,0.049784,1,"Annual average of daily maximum 8-hour ozone means, ppm; not an annual average of all hourly ozone samples",Parts per million,Ozone 8-hour 2015,Daily maximum of 8-hour running average,8-HR RUN AVG BEGIN HOUR,No Events,Y,Certified,306,84,5244
48,27,1045,48-027-1045,44201,1,55861,31.122419,-97.431052,WGS84,-97.431052,31.122419,-8.01477363035748,60.47896420114835,-0.006594661757018458,0.049762891719202826,0.0407,0.0407,1,"Annual average of daily maximum 8-hour ozone means, ppm; not an annual average of all hourly ozone samples",Parts per million,Ozone 8-hour 2015,Daily maximum of 8-hour running average,8-HR RUN AVG BEGIN HOUR,No Events,Y,Requested but not yet concurred,260,95,5891
48,27,1047,48-027-1047,44201,1,55884,31.088002,-97.679734,WGS84,-97.679734,31.088002,-31.74626941162384,56.70722598432153,-0.02612125038988815,0.04665945562441653,0.046297,0.046297,1,"Annual average of daily maximum 8-hour ozone means, ppm; not an annual average of all hourly ozone samples",Parts per million,Ozone 8-hour 2015,Daily maximum of 8-hour running average,8-HR RUN AVG BEGIN HOUR,No Events,Y,Requested but not yet concurred,263,96,6025
48,29,32,48-029-0032,44201,2,55898,29.51509,-98.620166,WGS84,-98.620166,29.51509,-123.43791831595726,-117.0187360106026,-0.10156635194298104,-0.09628456383356891,0.044344,0.044344,1,"Annual average of daily maximum 8-hour ozone means, ppm; not an annual average of all hourly ozone samples",Parts per million,Ozone 8-hour 2015,Daily maximum of 8-hour running average,8-HR RUN AVG BEGIN HOUR,No Events,Y,Requested but not yet concurred,253,92,5923
48,29,52,48-029-0052,44201,1,55930,29.632058,-98.564936,WGS84,-98.564936,29.632058,-117.94584616729497,-104.11198503434248,-0.09704740233367637,-0.08566471840860126,0.044074,0.044074,1,"Annual average of daily maximum 8-hour ozone means, ppm; not an annual average of all hourly ozone samples",Parts per million,Ozone 8-hour 2015,Daily maximum of 8-hour running average,8-HR RUN AVG BEGIN HOUR,No Events,Y,Requested but not yet concurred,270,98,6178
48,29,59,48-029-0059,44201,1,55952,29.275381,-98.311692,WGS84,-98.311692,29.275381,-93.75278401372132,-143.88266202648515,-0.077141030784387,-0.11838855749713197,0.042899,0.042899,1,"Annual average of daily maximum 8-hour ozone means, ppm; not an annual average of all hourly ozone samples",Parts per million,Ozone 8-hour 2015,Daily maximum of 8-hour running average,8-HR RUN AVG BEGIN HOUR,No Events,Y,Requested but not yet concurred,267,97,6030
48,39,1004,48-039-1004,44201,1,56043,29.520443,-95.392509,WGS84,-95.392509,29.520443,189.4855607515534,-115.48863337515145,0.15591122577216593,-0.09502557514596542,0.037205,0.037205,1,"Annual average of daily maximum 8-hour ozone means, ppm; not an annual average of all hourly ozone samples",Parts per million,Ozone 8-hour 2015,Daily maximum of 8-hour running average,8-HR RUN AVG BEGIN HOUR,No Events,Y,Requested but not yet concurred,356,97,6100
48,39,1016,48-039-1016,44201,1,56128,29.043759,-95.472946,WGS84,-95.472946,29.043759,182.54488918941544,-168.45574762595064,0.15020034940436822,-0.13860761736439214,0.037429,0.037429,1,"Annual average of daily maximum 8-hour ozone means, ppm; not an annual average of all hourly ozone samples",Parts per million,Ozone 8-hour 2015,Daily maximum of 8-hour running average,8-HR RUN AVG BEGIN HOUR,No Events,Y,Requested but not yet concurred,329,90,5951
48,43,101,48-043-0101,44201,1,56165,29.30265,-103.17781,WGS84,-103.17781,29.30265,-566.2850030991538,-126.77017163560758,-0.46594679098185604,-0.10430817405116398,0.046515,0.046515,1,"Annual average of daily maximum 8-hour ozone means, ppm; not an annual average of all hourly ozone samples",Parts per million,Ozone 8-hour 2015,Daily maximum of 8-hour running average,8-HR RUN AVG BEGIN HOUR,No Events,Y,Certified,291,80,5050
48,61,1023,48-061-1023,44201,1,56236,26.200335,-97.712684,WGS84,-97.712684,26.200335,-36.58193745815962,-484.9846081733979,-0.030100102021497283,-0.39905175065075865,0.03413,0.03413,1,"Annual average of daily maximum 8-hour ozone means, ppm; not an annual average of all hourly ozone samples",Parts per million,Ozone 8-hour 2015,Daily maximum of 8-hour running average,8-HR RUN AVG BEGIN HOUR,No Events,Y,Requested but not yet concurred,347,95,5957
48,85,5,48-085-0005,44201,1,56286,33.1324,-96.786419,WGS84,-96.786419,33.1324,52.32908718420965,283.49443349669576,0.043057065108649865,0.23326296975213326,0.048584,0.048584,1,"Annual average of daily maximum 8-hour ozone means, ppm; not an annual average of all hourly ozone samples",Parts per million,Ozone 8-hour 2015,Daily maximum of 8-hour running average,8-HR RUN AVG BEGIN HOUR,No Events,Y,Requested but not yet concurred,274,100,6190
48,113,69,48-113-0069,44201,3,56435,32.820061,-96.860117,WGS84,-96.860117,32.820061,45.60671185487682,248.822027371409,0.037525805768677936,0.20473405536930214,0.040537,0.040537,1,"Annual average of daily maximum 8-hour ozone means, ppm; not an annual average of all hourly ozone samples",Parts per million,Ozone 8-hour 2015,Daily maximum of 8-hour running average,8-HR RUN AVG BEGIN HOUR,No Events,Y,Requested but not yet concurred,307,84,5292
48,113,75,48-113-0075,44201,1,56577,32.919206,-96.808498,WGS84,-96.808498,32.919206,50.38667069780631,259.83989904182874,0.04145881913067645,0.2137997059166169,0.045702,0.045702,1,"Annual average of daily maximum 8-hour ozone means, ppm; not an annual average of all hourly ozone samples",Parts per million,Ozone 8-hour 2015,Daily maximum of 8-hour running average,8-HR RUN AVG BEGIN HOUR,No Events,Y,Requested but not yet concurred,248,90,5784
48,113,87,48-113-0087,44201,1,56592,32.676451,-96.87206,WGS84,-96.87206,32.676451,44.55809953392941,232.8908160720104,0.03666299368067367,0.19162564398495738,0.04765,0.04765,1,"Annual average of daily maximum 8-hour ozone means, ppm; not an annual average of all hourly ozone samples",Parts per million,Ozone 8-hour 2015,Daily maximum of 8-hour running average,8-HR RUN AVG BEGIN HOUR,No Events,Y,Requested but not yet concurred,263,96,6055
48,121,34,48-121-0034,44201,1,56689,33.219069,-97.196284,WGS84,-97.196284,33.219069,14.057279962129396,292.98282779117324,0.011566515892953775,0.24107014608363894,0.048409,0.048409,1,"Annual average of daily maximum 8-hour ozone means, ppm; not an annual average of all hourly ozone samples",Parts per million,Ozone 8-hour 2015,Daily maximum of 8-hour running average,8-HR RUN AVG BEGIN HOUR,No Events,Y,Requested but not yet concurred,264,96,5982
48,121,1032,48-121-1032,44201,1,56730,33.410648,-96.94459,WGS84,-96.94459,33.410648,37.44877515997954,314.2899865021208,0.030813347548492735,0.25860195810757275,0.049948,0.049948,1,"Annual average of daily maximum 8-hour ozone means, ppm; not an annual average of all hourly ozone samples",Parts per million,Ozone 8-hour 2015,Daily maximum of 8-hour running average,8-HR RUN AVG BEGIN HOUR,No Events,Y,Requested but not yet concurred,271,99,6121
48,139,1044,48-139-1044,44201,1,56835,32.175417,-96.870189,WGS84,-96.870189,32.175417,44.97741397908434,177.32981849654365,0.0370080111525527,0.14590932025687434,0.042523,0.042523,1,"Annual average of daily maximum 8-hour ozone means, ppm; not an annual average of all hourly ozone samples",Parts per million,Ozone 8-hour 2015,Daily maximum of 8-hour running average,8-HR RUN AVG BEGIN HOUR,No Events,Y,Requested but not yet concurred,266,97,6119
48,141,29,48-141-0029,44201,1,56866,31.785769,-106.323578,WGS84,-106.323578,31.785769,-849.3169904582935,168.34419251881772,-0.6988292539350861,0.13851582834666828,0.041199,0.041199,1,"Annual average of daily maximum 8-hour ozone means, ppm; not an annual average of all hourly ozone samples",Parts per million,Ozone 8-hour 2015,Daily maximum of 8-hour running average,8-HR RUN AVG BEGIN HOUR,No Events,Y,Requested but not yet concurred,361,99,6168
48,141,44,48-141-0044,44201,1,56930,31.765685,-106.455227,WGS84,-106.455227,31.765685,-861.9295731993624,167.1328684133567,-0.7092070538450815,0.13751913485012568,0.045758,0.045758,1,"Annual average of daily maximum 8-hour ozone means, ppm; not an annual average of all hourly ozone samples",Parts per million,Ozone 8-hour 2015,Daily maximum of 8-hour running average,8-HR RUN AVG BEGIN HOUR,No Events,Y,Requested but not yet concurred,359,98,6159
48,141,55,48-141-0055,44201,1,57074,31.746775,-106.402806,WGS84,-106.402806,31.746775,-857.152856017072,164.63074895428713,-0.7052767077643354,0.13546035786287322,0.042622,0.042622,1,"Annual average of daily maximum 8-hour ozone means, ppm; not an annual average of all hourly ozone samples",Parts per million,Ozone 8-hour 2015,Daily maximum of 8-hour running average,8-HR RUN AVG BEGIN HOUR,No Events,Y,Requested but not yet concurred,360,98,6174
48,141,57,48-141-0057,44201,1,57109,31.6675,-106.288,WGS84,-106.288,31.6675,-847.024742126919,154.9621991319245,-0.6969431616877333,0.12750494718004918,0.04697,0.04697,1,"Annual average of daily maximum 8-hour ozone means, ppm; not an annual average of all hourly ozone samples",Parts per million,Ozone 8-hour 2015,Daily maximum of 8-hour running average,8-HR RUN AVG BEGIN HOUR,No Events,Y,Requested but not yet concurred,363,99,6192
48,141,58,48-141-0058,44201,1,57144,31.893913,-106.425827,WGS84,-106.425827,31.893913,-857.9770384505428,181.11902736339476,-0.7059548559723183,0.14902713143359048,0.049198,0.049198,1,"Annual average of daily maximum 8-hour ozone means, ppm; not an annual average of all hourly ozone samples",Parts per million,Ozone 8-hour 2015,Daily maximum of 8-hour running average,8-HR RUN AVG BEGIN HOUR,No Events,Y,Requested but not yet concurred,339,93,5841
48,141,1021,48-141-1021,44201,1,57166,31.86247,-106.5473,WGS84,-106.5473,31.86247,-869.7227949047909,178.58011911280263,-0.7156194197477307,0.1469380841420562,0.047045,0.047045,1,"Annual average of daily maximum 8-hour ozone means, ppm; not an annual average of all hourly ozone samples",Parts per million,Ozone 8-hour 2015,Daily maximum of 8-hour running average,8-HR RUN AVG BEGIN HOUR,No Events,Y,Requested but not yet concurred,357,98,6083
48,167,1034,48-167-1034,44201,1,57200,29.254474,-94.861289,WGS84,-94.861289,29.254474,241.61427977936805,-143.9645110946427,0.19880342531140063,-0.11845590399305564,0.041328,0.041328,1,"Annual average of daily maximum 8-hour ozone means, ppm; not an annual average of all hourly ozone samples",Parts per million,Ozone 8-hour 2015,Daily maximum of 8-hour running average,8-HR RUN AVG BEGIN HOUR,No Events,Y,Requested but not yet concurred,351,96,6019
48,183,1,48-183-0001,44201,2,57233,32.378696,-94.711813,NAD83,-94.711813,32.378696,247.99739437652028,202.72819110388755,0.20405553643342475,0.16680743719055063,0.04227,0.04227,1,"Annual average of daily maximum 8-hour ozone means, ppm; not an annual average of all hourly ozone samples",Parts per million,Ozone 8-hour 2015,Daily maximum of 8-hour running average,8-HR RUN AVG BEGIN HOUR,No Events,Y,Requested but not yet concurred,263,96,5924
48,201,24,48-201-0024,44201,2,57252,29.901036,-95.326137,WGS84,-95.326137,29.901036,195.17539575138542,-73.18847220759702,0.1605928972712852,-0.06022044301961411,0.042964,0.042964,1,"Annual average of daily maximum 8-hour ozone means, ppm; not an annual average of all hourly ozone samples",Parts per million,Ozone 8-hour 2015,Daily maximum of 8-hour running average,8-HR RUN AVG BEGIN HOUR,No Events,Y,Requested but not yet concurred,329,90,5860
48,201,26,48-201-0026,44201,3,57325,29.802707,-95.125495,WGS84,-95.125495,29.802707,214.7627908743721,-83.72563878480699,0.17670966506718472,-0.06889056305779669,0.038205,0.038205,1,"Annual average of daily maximum 8-hour ozone means, ppm; not an annual average of all hourly ozone samples",Parts per million,Ozone 8-hour 2015,Daily maximum of 8-hour running average,8-HR RUN AVG BEGIN HOUR,No Events,Y,Requested but not yet concurred,352,96,5981
48,201,29,48-201-0029,44201,2,57353,30.039524,-95.673951,WGS84,-95.673951,30.039524,161.36120578961652,-58.38408880714701,0.13277013449969477,-0.048039200535435304,0.040771,0.040771,1,"Annual average of daily maximum 8-hour ozone means, ppm; not an annual average of all hourly ozone samples",Parts per million,Ozone 8-hour 2015,Daily maximum of 8-hour running average,8-HR RUN AVG BEGIN HOUR,No Events,Y,Requested but not yet concurred,358,98,6125
48,201,46,48-201-0046,44201,1,57367,29.828086,-95.284096,WGS84,-95.284096,29.828086,199.38128042822458,-81.20184465433702,0.16405355481596298,-0.06681395186421821,0.03743,0.03743,1,"Annual average of daily maximum 8-hour ozone means, ppm; not an annual average of all hourly ozone samples",Parts per million,Ozone 8-hour 2015,Daily maximum of 8-hour running average,8-HR RUN AVG BEGIN HOUR,No Events,Y,Requested but not yet concurred,344,94,5979
48,201,47,48-201-0047,44201,2,57394,29.834167,-95.489167,WGS84,-95.489167,29.834167,179.5521489769231,-80.87024838310187,0.14773788317160272,-0.06654111006611656,0.038274,0.038274,1,"Annual average of daily maximum 8-hour ozone means, ppm; not an annual average of all hourly ozone samples",Parts per million,Ozone 8-hour 2015,Daily maximum of 8-hour running average,8-HR RUN AVG BEGIN HOUR,No Events,Y,Requested but not yet concurred,325,89,5674
48,201,51,48-201-0051,44201,2,57405,29.623889,-95.474167,WGS84,-95.474167,29.623889,181.38283113005158,-104.15526142899178,0.14924419266221203,-0.08570032679854934,0.037603,0.037603,1,"Annual average of daily maximum 8-hour ozone means, ppm; not an annual average of all hourly ozone samples",Parts per million,Ozone 8-hour 2015,Daily maximum of 8-hour running average,8-HR RUN AVG BEGIN HOUR,No Events,Y,Requested but not yet concurred,345,94,6011
48,201,55,48-201-0055,44201,1,57419,29.695729,-95.499219,WGS84,-95.499219,29.695729,178.82851165252615,-96.23174007943548,0.14714246480930784,-0.07918074862519706,0.042096,0.042096,1,"Annual average of daily maximum 8-hour ozone means, ppm; not an annual average of all hourly ozone samples",Parts per million,Ozone 8-hour 2015,Daily maximum of 8-hour running average,8-HR RUN AVG BEGIN HOUR,No Events,Y,Requested but not yet concurred,355,97,6060
48,201,62,48-201-0062,44201,1,57456,29.625556,-95.267222,WGS84,-95.267222,29.625556,201.41961682262482,-103.62205675812449,0.1657307249629994,-0.08526159894249194,0.033949,0.033949,1,"Annual average of daily maximum 8-hour ozone means, ppm; not an annual average of all hourly ozone samples",Parts per million,Ozone 8-hour 2015,Daily maximum of 8-hour running average,8-HR RUN AVG BEGIN HOUR,No Events,Y,Requested but not yet concurred,315,86,5522
48,201,66,48-201-0066,44201,1,57462,29.723333,-95.635833,WGS84,-95.635833,29.723333,165.56250327365447,-93.37900486144804,0.13622701764145945,-0.07683348035380079,0.039119,0.039119,1,"Annual average of daily maximum 8-hour ozone means, ppm; not an annual average of all hourly ozone samples",Parts per million,Ozone 8-hour 2015,Daily maximum of 8-hour running average,8-HR RUN AVG BEGIN HOUR,No Events,Y,Requested but not yet concurred,335,92,5858
48,201,416,48-201-0416,44201,1,57491,29.686389,-95.294722,WGS84,-95.294722,29.686389,198.63600119439886,-96.92732943801914,0.1634403292043257,-0.0797530887502214,0.039754,0.039754,1,"Annual average of daily maximum 8-hour ozone means, ppm; not an annual average of all hourly ozone samples",Parts per million,Ozone 8-hour 2015,Daily maximum of 8-hour running average,8-HR RUN AVG BEGIN HOUR,No Events,Y,Requested but not yet concurred,342,93,5909
48,201,417,48-201-0417,44201,1,57511,29.772915,-95.395784,WGS84,-95.395784,29.772915,188.69210343977858,-87.50845854942078,0.15525835860072534,-0.07200311719668126,0.041347,0.041347,1,"Annual average of daily maximum 8-hour ozone means, ppm; not an annual average of all hourly ozone samples",Parts per million,Ozone 8-hour 2015,Daily maximum of 8-hour running average,8-HR RUN AVG BEGIN HOUR,No Events,Y,Requested but not yet concurred,360,98,6137
48,201,1015,48-201-1015,44201,1,57523,29.758889,-95.079444,NAD83,-95.079444,29.758889,219.31038029184305,-88.4947421817068,0.18045148179229165,-0.07281464441521354,0.038795,0.038795,1,"Annual average of daily maximum 8-hour ozone means, ppm; not an annual average of all hourly ozone samples",Parts per million,Ozone 8-hour 2015,Daily maximum of 8-hour running average,8-HR RUN AVG BEGIN HOUR,No Events,Y,Requested but not yet concurred,341,93,5904
48,201,1017,48-201-1017,44201,1,57535,29.827158,-94.988423,WGS84,-94.988423,29.827158,227.95625045583006,-80.7478445026579,0.18756541812489508,-0.0664403945342122,0.03973,0.03973,1,"Annual average of daily maximum 8-hour ozone means, ppm; not an annual average of all hourly ozone samples",Parts per million,Ozone 8-hour 2015,Daily maximum of 8-hour running average,8-HR RUN AVG BEGIN HOUR,No Events,Y,Requested but not yet concurred,363,99,6182
48,201,1034,48-201-1034,44201,2,57551,29.767997,-95.220582,WGS84,-95.220582,29.767997,205.64301788918323,-87.7493017891773,0.16920579522483303,-0.07220128620006307,0.039121,0.039121,1,"Annual average of daily maximum 8-hour ozone means, ppm; not an annual average of all hourly ozone samples",Parts per million,Ozone 8-hour 2015,Daily maximum of 8-hour running average,8-HR RUN AVG BEGIN HOUR,No Events,Y,Requested but not yet concurred,331,90,5776
48,201,1035,48-201-1035,44201,3,57632,29.733726,-95.257593,WGS84,-95.257593,29.733726,202.13351438250814,-91.6146406931926,0.16631812931822149,-0.07538173817835411,0.03793,0.03793,1,"Annual average of daily maximum 8-hour ozone means, ppm; not an annual average of all hourly ozone samples",Parts per million,Ozone 8-hour 2015,Daily maximum of 8-hour running average,8-HR RUN AVG BEGIN HOUR,No Events,Y,Requested but not yet concurred,343,94,5904
48,201,1039,48-201-1039,44201,1,57824,29.670025,-95.128508,WGS84,-95.128508,29.670025,214.75648377338655,-98.43885159175385,0.17670447550106777,-0.08099678917169865,0.039908,0.039908,1,"Annual average of daily maximum 8-hour ozone means, ppm; not an annual average of all hourly ozone samples",Parts per million,Ozone 8-hour 2015,Daily maximum of 8-hour running average,8-HR RUN AVG BEGIN HOUR,No Events,Y,Requested but not yet concurred,347,95,6029
48,201,1050,48-201-1050,44201,1,58043,29.583047,-95.015544,WGS84,-95.015544,29.583047,225.8859825300948,-107.8610817354302,0.1858619742915077,-0.08874952476475091,0.0369,0.0369,1,"Annual average of daily maximum 8-hour ozone means, ppm; not an annual average of all hourly ozone samples",Parts per million,Ozone 8-hour 2015,Daily maximum of 8-hour running average,8-HR RUN AVG BEGIN HOUR,No Events,Y,Requested but not yet concurred,340,93,5873
48,203,2,48-203-0002,44201,1,58101,32.669001,-94.167468,NAD83,-94.167468,32.669001,298.2682054881514,236.26654027348292,0.24541902476408467,0.19440323450970678,0.03818,0.03818,1,"Annual average of daily maximum 8-hour ozone means, ppm; not an annual average of all hourly ozone samples",Parts per million,Ozone 8-hour 2015,Daily maximum of 8-hour running average,8-HR RUN AVG BEGIN HOUR,No Events,Y,Requested but not yet concurred,261,95,6075
48,221,1,48-221-0001,44201,1,58289,32.442304,-97.803529,WGS84,-97.803529,32.442304,-42.93554647126704,206.9174150944601,-0.03532793555868958,0.17025438610219207,0.04664,0.04664,1,"Annual average of daily maximum 8-hour ozone means, ppm; not an annual average of all hourly ozone samples",Parts per million,Ozone 8-hour 2015,Daily maximum of 8-hour running average,8-HR RUN AVG BEGIN HOUR,No Events,Y,Requested but not yet concurred,264,96,5955
48,231,1006,48-231-1006,44201,1,58316,33.153088,-96.115572,WGS84,-96.115572,33.153088,114.920161792669,286.2995646122991,0.09455782920854441,0.23557106873841327,0.043348,0.043348,1,"Annual average of daily maximum 8-hour ozone means, ppm; not an annual average of all hourly ozone samples",Parts per million,Ozone 8-hour 2015,Daily maximum of 8-hour running average,8-HR RUN AVG BEGIN HOUR,No Events,Y,Requested but not yet concurred,250,91,5829
48,245,9,48-245-0009,44201,2,58387,30.036422,-94.071061,WGS84,-94.071061,30.036422,315.9309129041815,-55.348873720977934,0.2599521340562438,-0.045541785414779934,0.03705,0.03705,1,"Annual average of daily maximum 8-hour ozone means, ppm; not an annual average of all hourly ozone samples",Parts per million,Ozone 8-hour 2015,Daily maximum of 8-hour running average,8-HR RUN AVG BEGIN HOUR,No Events,Y,Requested but not yet concurred,358,98,6109
48,245,11,48-245-0011,44201,1,58416,29.897516,-93.991084,WGS84,-93.991084,29.897516,324.09500580761926,-70.52079547943698,0.2666696576862462,-0.058025443321475356,0.034657,0.034657,1,"Annual average of daily maximum 8-hour ozone means, ppm; not an annual average of all hourly ozone samples",Parts per million,Ozone 8-hour 2015,Daily maximum of 8-hour running average,8-HR RUN AVG BEGIN HOUR,No Events,Y,Requested but not yet concurred,353,96,6069
48,245,22,48-245-0022,44201,1,58476,29.863957,-94.317802,WGS84,-94.317802,29.863957,292.64926651107345,-75.1295319577559,0.24079568745025168,-0.06181757265705961,0.03667,0.03667,1,"Annual average of daily maximum 8-hour ozone means, ppm; not an annual average of all hourly ozone samples",Parts per million,Ozone 8-hour 2015,Daily maximum of 8-hour running average,8-HR RUN AVG BEGIN HOUR,No Events,Y,Requested but not yet concurred,303,83,5782
48,245,101,48-245-0101,44201,1,58497,29.727931,-93.894081,NAD83,-93.894081,29.727931,334.0278810808464,-89.03769464054446,0.2748425588463584,-0.07326139288015006,0.039088,0.039088,1,"Annual average of daily maximum 8-hour ozone means, ppm; not an annual average of all hourly ozone samples",Parts per million,Ozone 8-hour 2015,Daily maximum of 8-hour running average,8-HR RUN AVG BEGIN HOUR,No Events,Y,Requested but not yet concurred,320,87,5711
48,245,102,48-245-0102,44201,1,58501,29.9425,-94.000556,WGS84,-94.000556,29.9425,323.0342450571484,-65.56134881620818,0.2657968497097389,-0.053944745006792076,0.036572,0.036572,1,"Annual average of daily maximum 8-hour ozone means, ppm; not an annual average of all hourly ozone samples",Parts per million,Ozone 8-hour 2015,Daily maximum of 8-hour running average,8-HR RUN AVG BEGIN HOUR,No Events,Y,Requested but not yet concurred,332,91,5812
48,245,1035,48-245-1035,44201,1,58543,29.979958,-94.004746,WGS84,-94.004746,29.979958,322.50814588012764,-61.42103228741517,0.2653639683480051,-0.05053803780161742,0.038087,0.038087,1,"Annual average of daily maximum 8-hour ozone means, ppm; not an annual average of all hourly ozone samples",Parts per million,Ozone 8-hour 2015,Daily maximum of 8-hour running average,8-HR RUN AVG BEGIN HOUR,No Events,Y,Requested but not yet concurred,357,98,6139
48,251,3,48-251-0003,44201,1,58582,32.353595,-97.436742,WGS84,-97.436742,32.353595,-8.446278457596916,196.9949518136276,-0.006949709636522679,0.1620900520671449,0.046273,0.046273,1,"Annual average of daily maximum 8-hour ozone means, ppm; not an annual average of all hourly ozone samples",Parts per million,Ozone 8-hour 2015,Daily maximum of 8-hour running average,8-HR RUN AVG BEGIN HOUR,No Events,Y,Requested but not yet concurred,260,95,5948
48,257,5,48-257-0005,44201,1,58620,32.564968,-96.317687,WGS84,-96.317687,32.564968,96.68213406731873,220.88215653779636,0.07955133875593193,0.18174476007784643,0.046457,0.046457,1,"Annual average of daily maximum 8-hour ozone means, ppm; not an annual average of all hourly ozone samples",Parts per million,Ozone 8-hour 2015,Daily maximum of 8-hour running average,8-HR RUN AVG BEGIN HOUR,No Events,Y,Requested but not yet concurred,254,92,5867
48,309,1037,48-309-1037,44201,1,58710,31.653086,-97.070704,NAD83,-97.070704,31.653086,26.209789947249426,119.34676664269877,0.021565761853825846,0.09820009823125937,0.046304,0.046304,1,"Annual average of daily maximum 8-hour ozone means, ppm; not an annual average of all hourly ozone samples",Parts per million,Ozone 8-hour 2015,Daily maximum of 8-hour running average,8-HR RUN AVG BEGIN HOUR,No Events,Y,Requested but not yet concurred,253,92,5866
48,339,78,48-339-0078,44201,1,58743,30.350302,-95.425128,WGS84,-95.425128,30.350302,184.77353866010873,-23.551696016502515,0.15203411166791014,-0.01937864700815332,0.044926,0.044926,1,"Annual average of daily maximum 8-hour ozone means, ppm; not an annual average of all hourly ozone samples",Parts per million,Ozone 8-hour 2015,Daily maximum of 8-hour running average,8-HR RUN AVG BEGIN HOUR,No Events,Y,Requested but not yet concurred,338,92,5858
48,349,1051,48-349-1051,44201,1,58774,32.031934,-96.399141,WGS84,-96.399141,32.031934,89.54596618292123,161.70468288602757,0.07367960542828704,0.1330527519979026,0.047217,0.047217,1,"Annual average of daily maximum 8-hour ozone means, ppm; not an annual average of all hourly ozone samples",Parts per million,Ozone 8-hour 2015,Daily maximum of 8-hour running average,8-HR RUN AVG BEGIN HOUR,No Events,Y,Requested but not yet concurred,272,99,6158
48,355,25,48-355-0025,44201,2,58814,27.76534,-97.434262,WGS84,-97.434262,27.76534,-8.602731343614808,-311.6304852883534,-0.0070784411405902916,-0.2564136853308163,0.036132,0.036132,1,"Annual average of daily maximum 8-hour ozone means, ppm; not an annual average of all hourly ozone samples",Parts per million,Ozone 8-hour 2015,Daily maximum of 8-hour running average,8-HR RUN AVG BEGIN HOUR,No Events,Y,Requested but not yet concurred,363,99,6200
48,355,26,48-355-0026,44201,1,58832,27.832413,-97.555387,NAD83,-97.555387,27.832413,-20.534283104575515,-304.1824684495043,-0.016895879751939354,-0.25028535855852335,0.035648,0.035648,1,"Annual average of daily maximum 8-hour ozone means, ppm; not an annual average of all hourly ozone samples",Parts per million,Ozone 8-hour 2015,Daily maximum of 8-hour running average,8-HR RUN AVG BEGIN HOUR,No Events,Y,Requested but not yet concurred,364,99,6193
48,361,1001,48-361-1001,44201,2,59018,30.085263,-93.761341,WGS84,-93.761341,30.085263,345.6198451976599,-49.02936515083504,0.28438058025226937,-0.040342010173116255,0.035297,0.035297,1,"Annual average of daily maximum 8-hour ozone means, ppm; not an annual average of all hourly ozone samples",Parts per million,Ozone 8-hour 2015,Daily maximum of 8-hour running average,8-HR RUN AVG BEGIN HOUR,No Events,Y,Requested but not yet concurred,354,97,6048
48,367,81,48-367-0081,44201,1,59052,32.868773,-97.905931,WGS84,-97.905931,32.868773,-52.32238810415819,254.25626212265846,-0.043051553016972666,0.2092054156029819,0.043078,0.043078,1,"Annual average of daily maximum 8-hour ozone means, ppm; not an annual average of all hourly ozone samples",Parts per million,Ozone 8-hour 2015,Daily maximum of 8-hour running average,8-HR RUN AVG BEGIN HOUR,No Events,Y,Requested but not yet concurred,257,93,6020
48,373,9991,48-373-9991,44201,1,59074,30.7017,-94.6742,WGS84,-94.6742,30.7017,256.033410704827,16.873877928227017,0.2106676769632998,0.01388404995549616,0.035871,0.035871,1,"Annual average of daily maximum 8-hour ozone means, ppm; not an annual average of all hourly ozone samples",Parts per million,Ozone 8-hour 2015,Daily maximum of 8-hour running average,8-HR RUN AVG BEGIN HOUR,No Events,Y,Certified,349,95,5965
48,381,9991,48-381-9991,44201,1,59133,34.8803,-101.6649,WGS84,-101.6649,34.8803,-395.0041038664204,485.13859628150027,-0.32501460150622413,0.399178454102955,0.04924,0.04924,1,"Annual average of daily maximum 8-hour ozone means, ppm; not an annual average of all hourly ozone samples",Parts per million,Ozone 8-hour 2015,Daily maximum of 8-hour running average,8-HR RUN AVG BEGIN HOUR,No Events,Y,Certified,271,99,6136
48,397,1,48-397-0001,44201,1,59149,32.936523,-96.459211,WGS84,-96.459211,32.936523,83.05088489795473,261.97210567513815,0.06833536663451034,0.21555411373787928,0.041407,0.041407,1,"Annual average of daily maximum 8-hour ozone means, ppm; not an annual average of all hourly ozone samples",Parts per million,Ozone 8-hour 2015,Daily maximum of 8-hour running average,8-HR RUN AVG BEGIN HOUR,No Events,Y,Requested but not yet concurred,243,88,5827
48,423,7,48-423-0007,44201,1,59177,32.344027,-95.415754,NAD83,-95.415754,32.344027,181.8264900852539,197.51663596914545,0.14960924111897064,0.16251930069078727,0.044591,0.044591,1,"Annual average of daily maximum 8-hour ozone means, ppm; not an annual average of all hourly ozone samples",Parts per million,Ozone 8-hour 2015,Daily maximum of 8-hour running average,8-HR RUN AVG BEGIN HOUR,No Events,Y,Requested but not yet concurred,269,98,6146
48,439,75,48-439-0075,44201,1,59194,32.987891,-97.477175,WGS84,-97.477175,32.987891,-12.16815492258178,267.34127682652206,-0.010012118822356163,0.2199719387809727,0.048663,0.048663,1,"Annual average of daily maximum 8-hour ozone means, ppm; not an annual average of all hourly ozone samples",Parts per million,Ozone 8-hour 2015,Daily maximum of 8-hour running average,8-HR RUN AVG BEGIN HOUR,No Events,Y,Requested but not yet concurred,255,93,5984
48,439,1002,48-439-1002,44201,2,59258,32.80581,-97.356529,NAD83,-97.356529,32.80581,-0.8903308691992112,247.1408573626209,-0.0007325760158667339,0.2033507664487008,0.045547,0.045547,1,"Annual average of daily maximum 8-hour ozone means, ppm; not an annual average of all hourly ozone samples",Parts per million,Ozone 8-hour 2015,Daily maximum of 8-hour running average,8-HR RUN AVG BEGIN HOUR,No Events,Y,Requested but not yet concurred,254,92,5930
48,439,2003,48-439-2003,44201,2,59375,32.922492,-97.282099,NAD83,-97.282099,32.922492,6.074543499718665,260.0828823862435,0.004998214741487712,0.21399963582641934,0.0485,0.0485,1,"Annual average of daily maximum 8-hour ozone means, ppm; not an annual average of all hourly ozone samples",Parts per million,Ozone 8-hour 2015,Daily maximum of 8-hour running average,8-HR RUN AVG BEGIN HOUR,No Events,Y,Requested but not yet concurred,256,93,5959
48,439,3009,48-439-3009,44201,1,59458,32.98426,-97.063721,WGS84,-97.063721,32.98426,26.488106981836697,266.9654888636294,0.0217947647912722,0.2196627354744377,0.045102,0.045102,1,"Annual average of daily maximum 8-hour ozone means, ppm; not an annual average of all hourly ozone samples",Parts per million,Ozone 8-hour 2015,Daily maximum of 8-hour running average,8-HR RUN AVG BEGIN HOUR,No Events,Y,Requested but not yet concurred,274,100,6184
48,453,14,48-453-0014,44201,2,59528,30.354944,-97.761803,NAD83,-97.761803,30.354944,-39.87719713752908,-24.53688633682776,-0.03281148527313048,-0.02018927463514269,0.044228,0.044228,1,"Annual average of daily maximum 8-hour ozone means, ppm; not an annual average of all hourly ozone samples",Parts per million,Ozone 8-hour 2015,Daily maximum of 8-hour running average,8-HR RUN AVG BEGIN HOUR,No Events,Y,Requested but not yet concurred,272,99,6140
48,453,20,48-453-0020,44201,1,59566,30.483163,-97.875084,NAD83,-97.875084,30.483163,-50.701651016193885,-10.277108764252546,-0.04171798910299061,-0.008456141029813787,0.041681,0.041681,1,"Annual average of daily maximum 8-hour ozone means, ppm; not an annual average of all hourly ozone samples",Parts per million,Ozone 8-hour 2015,Daily maximum of 8-hour running average,8-HR RUN AVG BEGIN HOUR,No Events,Y,Requested but not yet concurred,263,96,6083
48,469,3,48-469-0003,44201,1,59637,28.836214,-97.005525,NAD83,-97.005525,28.836214,33.3327734901285,-192.90515833128384,0.027426646930875907,-0.1587249158928731,0.03828,0.03828,1,"Annual average of daily maximum 8-hour ozone means, ppm; not an annual average of all hourly ozone samples",Parts per million,Ozone 8-hour 2015,Daily maximum of 8-hour running average,8-HR RUN AVG BEGIN HOUR,No Events,Y,Requested but not yet concurred,354,97,6116
48,479,16,48-479-0016,44201,1,59651,27.507904,-99.523949,WGS84,-99.523949,27.507904,-215.1812818058112,-338.1442747941908,-0.1770540049410855,-0.2782295820425472,0.040927,0.040927,1,"Annual average of daily maximum 8-hour ozone means, ppm; not an annual average of all hourly ozone samples",Parts per million,Ozone 8-hour 2015,Daily maximum of 8-hour running average,8-HR RUN AVG BEGIN HOUR,No Events,Y,Requested but not yet concurred,356,97,6153
6,7,8,06-007-0008,42602,1,4763,39.76168,-121.84047,NAD83,-121.84047,39.76168,-182.3027741904527,389.3195475174511,-0.17896982810310622,0.3822018222475646,4.35105,4.35105,1,"Annual arithmetic mean of observed hourly NO2 values, ppb",Parts per billion,NO2 Annual 1971,Observed values,1 HOUR,No Events,Y,Certified,351,93,8194
6,19,7,06-019-0007,42602,1,5346,36.705474,-119.741332,NAD83,-119.741332,36.705474,-2.4310903448951877,48.02110368697371,-0.0023866439940978088,0.047143159013041586,9.732734,9.732734,1,"Annual arithmetic mean of observed hourly NO2 values, ppb",Parts per billion,NO2 Annual 1971,Observed values,1 HOUR,No Events,Y,Certified,364,94,8288
6,19,11,06-019-0011,42602,3,5393,36.78538,-119.77321,NAD83,-119.77321,36.78538,-5.274087189390615,56.88977518531296,-0.005177663817117412,0.05584968923787794,7.132034,7.132034,1,"Annual arithmetic mean of observed hourly NO2 values, ppb",Parts per billion,NO2 Annual 1971,Observed values,1 HOUR,No Events,Y,Certified,363,95,8363
6,19,242,06-019-0242,42602,1,5596,36.841592,-119.874739,NAD83,-119.874739,36.841592,-14.32636931885743,63.13817229938341,-0.014064447816130966,0.06198385018189553,5.626224,5.626224,1,"Annual arithmetic mean of observed hourly NO2 values, ppb",Parts per billion,NO2 Annual 1971,Observed values,1 HOUR,No Events,Y,Certified,350,91,8027
6,19,2016,06-019-2016,42602,1,5653,36.710833,-119.7775,WGS84,-119.7775,36.710833,-5.662477338640642,48.61732015107385,-0.005558953232799037,0.04772847516396734,16.242171,16.242171,1,"Annual arithmetic mean of observed hourly NO2 values, ppb",Parts per billion,NO2 Annual 1971,Observed values,1 HOUR,No Events,Y,Certified,352,92,8105
6,19,4001,06-019-4001,42602,1,5671,36.597442,-119.503659,NAD83,-119.503659,36.597442,18.832294313404226,36.05284507875394,0.01848799334526841,0.03539370980516009,5.610074,5.610074,1,"Annual arithmetic mean of observed hourly NO2 values, ppb",Parts per billion,NO2 Annual 1971,Observed values,1 HOUR,No Events,Y,Certified,358,93,8189
6,19,5001,06-019-5001,42602,1,5747,36.819449,-119.716433,NAD83,-119.716433,36.819449,-0.20594497425632347,60.66893349449359,-0.00020217979021453156,0.059559755176106004,6.902672,6.902672,1,"Annual arithmetic mean of observed hourly NO2 values, ppb",Parts per billion,NO2 Annual 1971,Observed values,1 HOUR,No Events,Y,Certified,358,93,8197
6,23,1004,06-023-1004,42602,1,5924,40.77678,-124.17949,NAD83,-124.17949,40.77678,-377.1973628466613,508.9904539461072,-0.3703012611266523,0.4996848482058231,1.498372,1.498372,1,"Annual arithmetic mean of observed hourly NO2 values, ppb",Parts per billion,NO2 Annual 1971,Observed values,1 HOUR,No Events,Y,Certified,341,92,8109
6,25,5,06-025-0005,42602,1,5981,32.67618,-115.48307,NAD83,-115.48307,32.67618,396.9874635100743,-390.5407582698548,0.38972954975035706,-0.38340070624374023,10.633836,10.633836,1,"Annual arithmetic mean of observed hourly NO2 values, ppb",Parts per billion,NO2 Annual 1971,Observed values,1 HOUR,No Events,Y,Certified,360,94,8296
6,25,1003,06-025-1003,42602,1,6118,32.79222,-115.56306,WGS84,-115.56306,32.79222,388.96568891804037,-377.99085154942236,0.38185443305949235,-0.3710802428912772,6.638445,6.638445,1,"Annual arithmetic mean of observed hourly NO2 values, ppb",Parts per billion,NO2 Annual 1971,Observed values,1 HOUR,No Events,Y,Certified,352,87,7616
6,29,7,06-029-0007,42602,1,6541,35.345607,-118.851825,NAD83,-118.851825,35.345607,78.38775095458834,-102.52296473494974,0.07695462878187229,-0.10064859109640306,4.422731,4.422731,1,"Annual arithmetic mean of observed hourly NO2 values, ppb",Parts per billion,NO2 Annual 1971,Observed values,1 HOUR,No Events,Y,Certified,340,91,7989
6,29,14,06-029-0014,42602,1,6620,35.356615,-119.062613,NAD83,-119.062613,35.356615,59.218205224823,-101.45033527124683,0.05813554981115628,-0.09959557195508881,9.73805,9.73805,1,"Annual arithmetic mean of observed hourly NO2 values, ppb",Parts per billion,NO2 Annual 1971,Observed values,1 HOUR,No Events,Y,Certified,289,77,6728
6,29,2012,06-029-2012,42602,1,6928,35.331612,-118.999961,NAD83,-118.999961,35.331612,64.93292543633116,-104.18445254775504,0.06374579078775533,-0.10227970279820592,10.761369,10.761369,1,"Annual arithmetic mean of observed hourly NO2 values, ppb",Parts per billion,NO2 Annual 1971,Observed values,1 HOUR,No Events,Y,Certified,347,90,7872
6,29,2019,06-029-2019,42602,1,7004,35.376953,-119.043889,NAD83,-119.043889,35.376953,60.90467727105504,-99.18237814921267,0.05979118897273877,-0.09736907870462609,15.250572,15.250572,1,"Annual arithmetic mean of observed hourly NO2 values, ppb",Parts per billion,NO2 Annual 1971,Observed values,1 HOUR,No Events,Y,Certified,365,96,8396
6,29,6001,06-029-6001,42602,1,7023,35.503587,-119.272606,WGS84,-119.272606,35.503587,40.058012252880346,-85.25100786484667,0.03932565260669287,-0.08369240836263259,6.096875,6.096875,1,"Annual arithmetic mean of observed hourly NO2 values, ppb",Parts per billion,NO2 Annual 1971,Observed values,1 HOUR,No Events,Y,Certified,326,88,7713
6,31,1004,06-031-1004,42602,1,7152,36.31567,-119.643447,NAD83,-119.643447,36.31567,6.34707736550908,4.7671149317430626,0.0062310370761311535,0.0046799602675848245,7.163583,7.163583,1,"Annual arithmetic mean of observed hourly NO2 values, ppb",Parts per billion,NO2 Annual 1971,Observed values,1 HOUR,No Events,Y,Certified,361,94,8279
6,37,16,06-037-0016,42602,1,7220,34.14435,-117.85036,WGS84,-117.85036,34.14435,171.92099292316237,-234.50540829207682,0.16877785150230085,-0.23021806880149873,9.103884,9.103884,1,"Annual arithmetic mean of observed hourly NO2 values, ppb",Parts per billion,NO2 Annual 1971,Observed values,1 HOUR,No Events,Y,Certified,336,92,8084
6,37,113,06-037-0113,42602,1,7238,34.05111,-118.45636,WGS84,-118.45636,34.05111,116.15457106486988,-245.73349094783276,0.11403097791124281,-0.2412408743059766,9.498555,9.498555,1,"Annual arithmetic mean of observed hourly NO2 values, ppb",Parts per billion,NO2 Annual 1971,Observed values,1 HOUR,No Events,Y,Certified,364,99,8722
6,37,1103,06-037-1103,42602,3,7308,34.06659,-118.22688,WGS84,-118.22688,34.06659,137.32014527774328,-243.72138454411996,0.13480959302230056,-0.23926555418922713,15.513726,16.0033275,2,"Annual arithmetic mean of observed hourly NO2 values, ppb",Parts per billion,NO2 Annual 1971,Observed values,1 HOUR,No Events,Y,Certified,363,99,8655
6,37,1201,06-037-1201,42602,2,7764,34.19925,-118.53276,WGS84,-118.53276,34.19925,108.90574361206006,-229.38878394992645,0.10691467697210771,-0.22519498902090163,9.278232,9.278232,1,"Annual arithmetic mean of observed hourly NO2 values, ppb",Parts per billion,NO2 Annual 1971,Observed values,1 HOUR,No Events,Y,Certified,340,92,8113
6,37,1302,06-037-1302,42602,1,7801,33.901389,-118.205,WGS84,-118.205,33.901389,139.61541032960926,-262.01443548692095,0.1370628949460243,-0.2572241628678542,12.644452,12.644452,1,"Annual arithmetic mean of observed hourly NO2 values, ppb",Parts per billion,NO2 Annual 1971,Observed values,1 HOUR,No Events,Y,Certified,348,95,8355
6,37,1602,06-037-1602,42602,1,7848,34.01029,-118.0685,NAD83,-118.0685,34.01029,152.0447643160867,-249.73366193737147,0.14926500956699326,-0.24516791226554632,15.876761,15.876761,1,"Annual arithmetic mean of observed hourly NO2 values, ppb",Parts per billion,NO2 Annual 1971,Observed values,1 HOUR,No Events,Y,Certified,363,98,8615
6,37,1701,06-037-1701,42602,2,7882,34.06703,-117.7514,WGS84,-117.7514,34.06703,181.21615446005916,-242.90420878020612,0.17790307447181583,-0.23846331842157556,17.082737,17.082737,1,"Annual arithmetic mean of observed hourly NO2 values, ppb",Parts per billion,NO2 Annual 1971,Observed values,1 HOUR,No Events,Y,Certified,359,97,8550
6,37,2005,06-037-2005,42602,1,7896,34.1326,-118.1272,WGS84,-118.1272,34.1326,146.40717977981873,-236.25604963673862,0.14373049403450583,-0.2319367040878548,12.543706,12.543706,1,"Annual arithmetic mean of observed hourly NO2 values, ppb",Parts per billion,NO2 Annual 1971,Observed values,1 HOUR,No Events,Y,Certified,366,99,8715
6,37,4008,06-037-4008,42602,1,7929,33.859662,-118.200707,NAD83,-118.200707,33.859662,140.0821310958189,-266.636550797541,0.13752108290104373,-0.26176177446640403,20.535499,20.535499,1,"Annual arithmetic mean of observed hourly NO2 values, ppb",Parts per billion,NO2 Annual 1971,Observed values,1 HOUR,No Events,Y,Certified,363,99,8710
6,37,4009,06-037-4009,42602,1,7971,33.793713,-118.171019,NAD83,-118.171019,33.793713,142.94187862103058,-273.90874727215794,0.140328547160862,-0.26890101718376674,10.986857,10.986857,1,"Annual arithmetic mean of observed hourly NO2 values, ppb",Parts per billion,NO2 Annual 1971,Observed values,1 HOUR,No Events,Y,Certified,355,97,8537
6,37,4010,06-037-4010,42602,1,8014,34.181977,-118.363036,NAD83,-118.363036,34.181977,124.57692854193576,-231.1035270431293,0.12229935384017221,-0.2268783823647182,13.123433,13.123433,1,"Annual arithmetic mean of observed hourly NO2 values, ppb",Parts per billion,NO2 Annual 1971,Observed values,1 HOUR,No Events,Y,Certified,360,98,8616
6,37,6012,06-037-6012,42602,1,8032,34.38344,-118.5284,WGS84,-118.5284,34.38344,109.06535207325578,-208.9526706451094,0.10707136739544794,-0.20513249846638185,9.61663,9.61663,1,"Annual arithmetic mean of observed hourly NO2 values, ppb",Parts per billion,NO2 Annual 1971,Observed values,1 HOUR,No Events,Y,Certified,365,99,8695
6,37,9035,06-037-9035,42602,1,8051,34.725389,-118.178601,WGS84,-118.178601,34.725389,140.65319385399422,-170.57567530557333,0.13808170521806865,-0.1674571296217196,3.335433,3.335433,1,"Annual arithmetic mean of observed hourly NO2 values, ppb",Parts per billion,NO2 Annual 1971,Observed values,1 HOUR,No Events,Y,Certified,365,96,8399
6,39,4,06-039-0004,42602,1,8076,36.867125,-120.010158,NAD83,-120.010158,36.867125,-26.396621137594025,66.00029604933603,-0.025914025546109498,0.06479364722318304,4.87254,4.87254,1,"Annual arithmetic mean of observed hourly NO2 values, ppb",Parts per billion,NO2 Annual 1971,Observed values,1 HOUR,No Events,Y,Certified,356,93,8150
6,59,7,06-059-0007,42602,5,8627,33.83062,-117.93845,WGS84,-117.93845,33.83062,164.41108629934868,-269.4533503820714,0.16140524456583052,-0.2645270759802342,10.548101,10.548101,1,"Annual arithmetic mean of observed hourly NO2 values, ppb",Parts per billion,NO2 Annual 1971,Observed values,1 HOUR,No Events,Y,Certified,365,99,8713
6,59,8,06-059-0008,42602,1,8732,33.819305,-117.918759,WGS84,-117.918759,33.819305,166.2564602516229,-270.67536915589284,0.16321688051317731,-0.26572675322519546,19.827193,19.827193,1,"Annual arithmetic mean of observed hourly NO2 values, ppb",Parts per billion,NO2 Annual 1971,Observed values,1 HOUR,No Events,Y,Certified,362,99,8653
6,59,5001,06-059-5001,42602,2,8744,33.92513,-117.95264,WGS84,-117.95264,33.92513,162.91391719661888,-258.99434154546583,0.15993544742123575,-0.2542592837212934,11.677721,11.677721,1,"Annual arithmetic mean of observed hourly NO2 values, ppb",Parts per billion,NO2 Annual 1971,Observed values,1 HOUR,No Events,Y,Certified,359,98,8600
6,61,6,06-061-0006,42602,1,8797,38.74643,-121.26498,NAD83,-121.26498,38.74643,-134.85881002452388,275.65023670500034,-0.132393257071688,0.27061066787791127,5.45736,5.45736,1,"Annual arithmetic mean of observed hourly NO2 values, ppb",Parts per billion,NO2 Annual 1971,Observed values,1 HOUR,No Events,Y,Certified,361,95,8349
6,65,12,06-065-0012,42602,1,8971,33.92086,-116.85841,WGS84,-116.85841,33.92086,264.10667143029383,-257.09998194113143,0.2592781475578809,-0.25239955770089284,8.480794,8.480794,1,"Annual arithmetic mean of observed hourly NO2 values, ppb",Parts per billion,NO2 Annual 1971,Observed values,1 HOUR,No Events,Y,Certified,358,97,8560
6,65,5001,06-065-5001,42602,2,9103,33.85275,-116.54101,WGS84,-116.54101,33.85275,293.68972846350204,-263.7566137835389,0.2883203530619315,-0.25893448983163886,6.420903,6.420903,1,"Annual arithmetic mean of observed hourly NO2 values, ppb",Parts per billion,NO2 Annual 1971,Observed values,1 HOUR,No Events,Y,Certified,364,99,8707
6,65,8001,06-065-8001,42602,2,9210,33.99958,-117.41601,WGS84,-117.41601,33.99958,212.3484746131074,-249.71592397115,0.20846621872995577,-0.24515049859326596,12.741806,12.1239275,2,"Annual arithmetic mean of observed hourly NO2 values, ppb",Parts per billion,NO2 Annual 1971,Observed values,1 HOUR,No Events,Y,Certified,359,98,8573
6,65,8005,06-065-8005,42602,1,9672,33.99636,-117.4924,NAD83,-117.4924,33.99636,205.29904185460396,-250.23484043111952,0.201545667056421,-0.24565992797552863,11.544906,11.544906,1,"Annual arithmetic mean of observed hourly NO2 values, ppb",Parts per billion,NO2 Annual 1971,Observed values,1 HOUR,No Events,Y,Certified,357,98,8598
6,65,9001,06-065-9001,42602,1,9780,33.67649,-117.33098,WGS84,-117.33098,33.67649,221.0517821762375,-285.3631122058168,0.21701040828175377,-0.2801459679658406,7.391575,7.391575,1,"Annual arithmetic mean of observed hourly NO2 values, ppb",Parts per billion,NO2 Annual 1971,Observed values,1 HOUR,No Events,Y,Certified,360,99,8653
6,67,6,06-067-0006,42602,1,9810,38.613779,-121.368014,WGS84,-121.368014,38.613779,-144.0786067094713,261.07687421356655,-0.14144449304534795,0.2563037425359449,4.323757,4.323757,1,"Annual arithmetic mean of observed hourly NO2 values, ppb",Parts per billion,NO2 Annual 1971,Observed values,1 HOUR,No Events,Y,Certified,365,96,8389
6,67,10,06-067-0010,42602,1,9934,38.56844,-121.49311,NAD83,-121.49311,38.56844,-155.07095570538206,256.2410330998602,-0.1522358746849507,0.2515563125711666,6.456821,6.456821,1,"Annual arithmetic mean of observed hourly NO2 values, ppb",Parts per billion,NO2 Annual 1971,Observed values,1 HOUR,No Events,Y,Certified,351,92,8122
6,67,12,06-067-0012,42602,1,10037,38.683304,-121.164457,WGS84,-121.164457,38.683304,-126.22729075740395,268.50486311011815,-0.12391954334810386,0.2635959294040328,1.892219,1.892219,1,"Annual arithmetic mean of observed hourly NO2 values, ppb",Parts per billion,NO2 Annual 1971,Observed values,1 HOUR,No Events,Y,Certified,331,89,7840
6,67,15,06-067-0015,42602,1,10071,38.593322,-121.503795,WGS84,-121.503795,38.593322,-155.94932257384738,259.0203830272475,-0.15309818283225554,0.2542848491003103,8.494383,8.494383,1,"Annual arithmetic mean of observed hourly NO2 values, ppb",Parts per billion,NO2 Annual 1971,Observed values,1 HOUR,No Events,Y,Certified,354,94,8279
6,71,1,06-071-0001,42602,1,10197,34.89405,-117.02471,WGS84,-117.02471,34.89405,245.8208327240366,-149.58976745397962,0.2413266192582563,-0.14685489612600985,14.098339,14.098339,1,"Annual arithmetic mean of observed hourly NO2 values, ppb",Parts per billion,NO2 Annual 1971,Observed values,1 HOUR,No Events,Y,Certified,357,90,7945
6,71,26,06-071-0026,42602,1,10236,34.06812,-117.52579,NAD83,-117.52579,34.06812,202.04064360237075,-242.34462905297454,0.19834684039191608,-0.23791396919725716,26.106899,26.106899,1,"Annual arithmetic mean of observed hourly NO2 values, ppb",Parts per billion,NO2 Annual 1971,Observed values,1 HOUR,No Events,Y,Certified,362,99,8682
6,71,27,06-071-0027,42602,1,10247,34.030833,-117.61722,WGS84,-117.61722,34.030833,193.68694081676458,-246.66385202765022,0.19014586397669994,-0.24215422608171425,26.448276,26.448276,1,"Annual arithmetic mean of observed hourly NO2 values, ppb",Parts per billion,NO2 Annual 1971,Observed values,1 HOUR,No Events,Y,Certified,360,98,8644
6,71,306,06-071-0306,42602,1,10283,34.510961,-117.32554,NAD83,-117.32554,34.510961,219.3519579445331,-192.79672658286066,0.21534166104570887,-0.18927192506313037,10.586001,10.586001,1,"Annual arithmetic mean of observed hourly NO2 values, ppb",Parts per billion,NO2 Annual 1971,Observed values,1 HOUR,No Events,Y,Certified,353,90,7915
6,71,1234,06-071-1234,42602,1,10316,35.77446,-117.3721,WGS84,-117.3721,35.77446,211.7474834799284,-52.73713958507581,0.2078762152027238,-0.05177297409819026,2.887043,2.887043,1,"Annual arithmetic mean of observed hourly NO2 values, ppb",Parts per billion,NO2 Annual 1971,Observed values,1 HOUR,No Events,Y,Certified,337,89,7826
6,71,2002,06-071-2002,42602,1,10339,34.10002,-117.49201,WGS84,-117.49201,34.10002,205.0805275344799,-238.73665736212192,0.20133114771910243,-0.2343719601621221,19.415822,19.415822,1,"Annual arithmetic mean of observed hourly NO2 values, ppb",Parts per billion,NO2 Annual 1971,Observed values,1 HOUR,No Events,Y,Certified,359,98,8621
6,71,9004,06-071-9004,42602,1,10554,34.106678,-117.274063,NAD83,-117.274063,34.106678,225.17317838140693,-237.52228632338534,0.22105645515986316,-0.2331797908327129,15.666942,15.666942,1,"Annual arithmetic mean of observed hourly NO2 values, ppb",Parts per billion,NO2 Annual 1971,Observed values,1 HOUR,No Events,Y,Certified,359,98,8582
6,73,1,06-073-0001,42602,2,10652,32.631242,-117.059088,NAD83,-117.059088,32.631242,249.28718511626724,-400.63377786693303,0.2447295981461925,-0.39330920045262857,7.617069,7.617069,1,"Annual arithmetic mean of observed hourly NO2 values, ppb",Parts per billion,NO2 Annual 1971,Observed values,1 HOUR,No Events,Y,Certified,358,91,7950
6,73,1006,06-073-1006,42602,2,10732,32.842318,-116.768293,NAD83,-116.768293,32.842318,275.91101979584255,-376.4614676217027,0.27086668320816326,-0.36957881988845614,3.662034,3.662034,1,"Annual arithmetic mean of observed hourly NO2 values, ppb",Parts per billion,NO2 Annual 1971,Observed values,1 HOUR,No Events,Y,Certified,355,90,7936
6,73,1008,06-073-1008,42602,2,10750,33.217046,-117.396249,WGS84,-117.396249,33.217046,216.16385269084435,-336.460877821279,0.21221184224969208,-0.3303095399096131,4.949291,4.949291,1,"Annual arithmetic mean of observed hourly NO2 values, ppb",Parts per billion,NO2 Annual 1971,Observed values,1 HOUR,No Events,Y,Certified,352,89,7833
6,73,1014,06-073-1014,42602,2,10779,32.578165,-116.921374,WGS84,-116.921374,32.578165,262.3741380623361,-406.165964427041,0.25757728918958006,-0.3987402449449218,7.558121,7.558121,1,"Annual arithmetic mean of observed hourly NO2 values, ppb",Parts per billion,NO2 Annual 1971,Observed values,1 HOUR,No Events,Y,Certified,358,91,7985
6,73,1016,06-073-1016,42602,2,10907,32.845709,-117.123964,NAD83,-117.123964,32.845709,242.59664394557083,-377.01194029823995,0.23816137663363693,-0.3701192285615157,5.800263,5.800263,1,"Annual arithmetic mean of observed hourly NO2 values, ppb",Parts per billion,NO2 Annual 1971,Observed values,1 HOUR,No Events,Y,Certified,362,91,7972
6,73,1017,06-073-1017,42602,2,10938,32.985428,-117.082198,WGS84,-117.082198,32.985428,246.1088639989685,-361.415628852712,0.24160938460832734,-0.354808056305121,13.061395,13.061395,1,"Annual arithmetic mean of observed hourly NO2 values, ppb",Parts per billion,NO2 Annual 1971,Observed values,1 HOUR,No Events,Y,Certified,348,89,7841
6,73,1022,06-073-1022,42602,2,10983,32.789565,-116.944308,NAD83,-116.944308,32.789565,259.58763382732826,-382.78458422521624,0.25484172915127296,-0.375786334264647,6.838937,6.838937,1,"Annual arithmetic mean of observed hourly NO2 values, ppb",Parts per billion,NO2 Annual 1971,Observed values,1 HOUR,No Events,Y,Certified,344,86,7543
6,73,1025,06-073-1025,42602,2,11189,32.552824,-117.047345,WGS84,-117.047345,32.552824,250.61502327542408,-409.29982033299643,0.2460331601361202,-0.4018168062056013,10.820148,10.820148,1,"Annual arithmetic mean of observed hourly NO2 values, ppb",Parts per billion,NO2 Annual 1971,Observed values,1 HOUR,No Events,Y,Certified,359,91,7976
6,73,1026,06-073-1026,42602,2,11260,32.710177,-117.142665,NAD83,-117.142665,32.710177,241.2224940929843,-392.08650151116996,0.23681234964270156,-0.3849181894713992,9.993928,9.993928,1,"Annual arithmetic mean of observed hourly NO2 values, ppb",Parts per billion,NO2 Annual 1971,Observed values,1 HOUR,No Events,Y,Certified,362,91,8004
6,77,3005,06-077-3005,42602,1,11757,37.682635,-121.442495,NAD83,-121.442495,37.682635,-152.46584224007486,157.84318803047805,-0.14967838914395704,0.1549574237391959,3.754095,3.754095,1,"Annual arithmetic mean of observed hourly NO2 values, ppb",Parts per billion,NO2 Annual 1971,Observed values,1 HOUR,No Events,Y,Certified,363,94,8254
6,79,4002,06-079-4002,42602,1,11847,35.03146,-120.50103,WGS84,-120.50103,35.03146,-71.81245611777517,-137.43323433918403,-0.07049954661487078,-0.1349206145356937,1.836777,1.836777,1,"Annual arithmetic mean of observed hourly NO2 values, ppb",Parts per billion,NO2 Annual 1971,Observed values,1 HOUR,No Events,Y,Certified,355,94,8266
6,79,8002,06-079-8002,42602,1,11862,35.49453,-120.66617,WGS84,-120.66617,35.49453,-86.38561604596849,-85.92463103415257,-0.08480627309695425,-0.08435371603253672,3.241414,3.241414,1,"Annual arithmetic mean of observed hourly NO2 values, ppb",Parts per billion,NO2 Annual 1971,Observed values,1 HOUR,No Events,Y,Certified,356,94,8275
6,83,1013,06-083-1013,42602,1,12001,34.725352,-120.428717,NAD83,-120.428717,34.725352,-65.45838029806772,-171.44269775197654,-0.06426163903361191,-0.16830830075108602,-0.308877,-0.308877,1,"Annual arithmetic mean of observed hourly NO2 values, ppb",Parts per billion,NO2 Annual 1971,Observed values,1 HOUR,Events Included,Y,Certified,344,87,7615
6,83,1014,06-083-1014,42602,1,12016,34.54166,-119.79146,WGS84,-119.79146,34.54166,-7.100003290685694,-192.05611058399177,-0.006970197651177892,-0.1885448493584595,1.423521,1.423521,1,"Annual arithmetic mean of observed hourly NO2 values, ppb",Parts per billion,NO2 Annual 1971,Observed values,1 HOUR,Events Included,Y,Certified,357,89,7793
6,83,1021,06-083-1021,42602,1,12030,34.403052,-119.457914,NAD83,-119.457914,34.403052,23.561736764458704,-207.40411763800788,0.02313096987838735,-0.20361225684241196,1.035719,1.035719,1,"Annual arithmetic mean of observed hourly NO2 values, ppb",Parts per billion,NO2 Annual 1971,Observed values,1 HOUR,Events Included,Y,Certified,315,86,7559
6,83,1025,06-083-1025,42602,1,12060,34.48974,-120.04692,WGS84,-120.04692,34.48974,-30.57250376859964,-197.7666948616255,-0.030013562703284372,-0.19415103001629577,0.68525,0.68525,1,"Annual arithmetic mean of observed hourly NO2 values, ppb",Parts per billion,NO2 Annual 1971,Observed values,1 HOUR,Events Included,Y,Certified,346,91,8000
6,83,2004,06-083-2004,42602,1,12088,34.63782,-120.4575,WGS84,-120.4575,34.63782,-68.16758068538306,-181.13334140146836,-0.06692130852996392,-0.17782177544097824,2.300117,2.300117,1,"Annual arithmetic mean of observed hourly NO2 values, ppb",Parts per billion,NO2 Annual 1971,Observed values,1 HOUR,No Events,Y,Certified,292,78,6834
6,99,6,06-099-0006,42602,1,12802,37.488317,-120.836008,NAD83,-120.836008,37.488317,-99.22360228478658,135.48053983635256,-0.09740954916093224,0.1330036201231757,7.129771,7.129771,1,"Annual arithmetic mean of observed hourly NO2 values, ppb",Parts per billion,NO2 Annual 1971,Observed values,1 HOUR,No Events,Y,Certified,361,94,8280
6,101,3,06-101-0003,42602,1,12828,39.138773,-121.618549,WGS84,-121.618549,39.138773,-164.70772031744193,319.76133228174893,-0.1616964553796178,0.3139153034100228,5.042522,5.042522,1,"Annual arithmetic mean of observed hourly NO2 values, ppb",Parts per billion,NO2 Annual 1971,Observed values,1 HOUR,No Events,Y,Certified,333,88,7756
6,107,2003,06-107-2003,42602,1,13038,36.30815,-119.3129,WGS84,-119.3129,36.30815,36.034545421435006,4.005009651401745,0.03537574471088624,0.003931788158713548,7.208809,7.208809,1,"Annual arithmetic mean of observed hourly NO2 values, ppb",Parts per billion,NO2 Annual 1971,Observed values,1 HOUR,No Events,Y,Certified,333,88,7731
6,111,2002,06-111-2002,42602,1,13240,34.276316,-118.683685,NAD83,-118.683685,34.276316,94.90502448395954,-220.9965359947833,0.0931699256549484,-0.2169561721372841,6.589416,6.589416,1,"Annual arithmetic mean of observed hourly NO2 values, ppb",Parts per billion,NO2 Annual 1971,Observed values,1 HOUR,No Events,Y,Certified,363,95,8371
6,111,3001,06-111-3001,42602,1,13284,34.25239,-119.143182,NAD83,-119.143182,34.25239,52.600477336277265,-223.99493517775997,0.05163881037367059,-0.21989975315926688,3.714252,3.714252,1,"Annual arithmetic mean of observed hourly NO2 values, ppb",Parts per billion,NO2 Annual 1971,Observed values,1 HOUR,No Events,Y,Certified,365,95,8371
6,113,4,06-113-0004,42602,1,13313,38.53445,-121.7734,WGS84,-121.7734,38.53445,-179.58284570489664,252.9613295762484,-0.17629962664471172,0.24833657014839502,3.247852,3.247852,1,"Annual arithmetic mean of observed hourly NO2 values, ppb",Parts per billion,NO2 Annual 1971,Observed values,1 HOUR,No Events,Y,Certified,353,93,8192
8,1,3001,08-001-3001,42602,1,13714,39.838119,-104.94984,WGS84,-104.94984,39.838119,90.00206011100384,48.00975374580718,0.16689543501150442,0.08902694812006925,14.399495,14.399495,1,"Annual arithmetic mean of observed hourly NO2 values, ppb",Parts per billion,NO2 Annual 1971,Observed values,1 HOUR,No Events,Y,Certified,365,95,8319
8,31,2,08-031-0002,42602,1,13946,39.751184,-104.987625,WGS84,-104.987625,39.751184,86.87704327004975,38.32049624566792,0.16110055604488904,0.07105966111097428,13.620165,13.620165,1,"Annual arithmetic mean of observed hourly NO2 values, ppb",Parts per billion,NO2 Annual 1971,Observed values,1 HOUR,No Events,Y,Certified,287,77,6769
8,31,26,08-031-0026,42602,1,14013,39.77949,-105.00518,WGS84,-105.00518,39.77949,85.33774717466756,41.44642258880796,0.15824616036624042,0.07685622661412873,14.546463,14.546463,1,"Annual arithmetic mean of observed hourly NO2 values, ppb",Parts per billion,NO2 Annual 1971,Observed values,1 HOUR,No Events,Y,Certified,338,90,7873
8,31,27,08-031-0027,42602,1,14139,39.73217,-105.0153,WGS84,-105.0153,39.73217,84.52852001567493,36.183100926791624,0.1567455689513703,0.06709617937405125,20.292086,20.292086,1,"Annual arithmetic mean of observed hourly NO2 values, ppb",Parts per billion,NO2 Annual 1971,Observed values,1 HOUR,No Events,Y,Certified,355,93,8150
8,31,28,08-031-0028,42602,1,14175,39.7861,-104.9886,WGS84,-104.9886,39.7861,86.74976285405087,42.19616033125737,0.1608645334430688,0.07824650375352211,23.296234,23.296234,1,"Annual arithmetic mean of observed hourly NO2 values, ppb",Parts per billion,NO2 Annual 1971,Observed values,1 HOUR,No Events,Y,Certified,355,93,8204
8,45,19,08-045-0019,42602,1,14342,39.43806,-108.02611,WGS84,-108.02611,39.43806,-174.29727584189186,5.022031719296263,-0.32320837586467854,0.009312610926903091,2.65544,2.65544,1,"Annual arithmetic mean of observed hourly NO2 values, ppb",Parts per billion,NO2 Annual 1971,Observed values,1 HOUR,Events Included,Y,Certification not required,341,92,8106
8,57,5,08-057-0005,42602,1,14414,40.5506,-106.385,WGS84,-106.385,40.5506,-32.49962129181627,126.66620298385273,-0.06026571421273137,0.23488363513204735,1.413103,1.413103,1,"Annual arithmetic mean of observed hourly NO2 values, ppb",Parts per billion,NO2 Annual 1971,Observed values,1 HOUR,Events Included,Y,Certification not required,347,91,8021
8,59,6,08-059-0006,42602,1,14493,39.912799,-105.188587,WGS84,-105.188587,39.912799,69.49222115385162,56.089755302732016,0.12886298897029078,0.10401010931741757,2.50083,2.50083,1,"Annual arithmetic mean of observed hourly NO2 values, ppb",Parts per billion,NO2 Annual 1971,Observed values,1 HOUR,No Events,Y,Certified,355,93,8191
8,103,6,08-103-0006,42602,1,15228,40.086944,-108.761389,WGS84,-108.761389,40.086944,-235.36028406200484,78.72879782264144,-0.43644064307542474,0.14599084670214194,1.289028,1.289028,1,"Annual arithmetic mean of observed hourly NO2 values, ppb",Parts per billion,NO2 Annual 1971,Observed values,1 HOUR,No Events,Y,Certification not required,335,91,7975
8,103,7,08-103-0007,42602,1,15254,39.8723,-108.2183,WGS84,-108.2183,39.8723,-189.64976271759016,53.61631887835966,-0.35167727949275024,0.09942348932772185,0.566084,0.566084,1,"Annual arithmetic mean of observed hourly NO2 values, ppb",Parts per billion,NO2 Annual 1971,Observed values,1 HOUR,Events Included,Y,Certification not required,359,97,8524
8,123,15,08-123-0015,42602,1,15680,40.2614,-104.70645,WGS84,-104.70645,40.2614,110.1530093451223,95.27813000032654,0.204262373436859,0.1766791219431545,6.304616,6.304616,1,"Annual arithmetic mean of observed hourly NO2 values, ppb",Parts per billion,NO2 Annual 1971,Observed values,1 HOUR,No Events,Y,Certified,309,83,7258
48,27,1047,48-027-1047,42602,1,55879,31.088002,-97.679734,WGS84,-97.679734,31.088002,-31.74626941162384,56.70722598432153,-0.02612125038988815,0.04665945562441653,3.247215,3.247215,1,"Annual arithmetic mean of observed hourly NO2 values, ppb",Parts per billion,NO2 Annual 1971,Observed values,1 HOUR,No Events,Y,Requested but not yet concurred,360,95,8366
48,29,32,48-029-0032,42602,1,55893,29.51509,-98.620166,WGS84,-98.620166,29.51509,-123.43791831595726,-117.0187360106026,-0.10156635194298104,-0.09628456383356891,5.764417,5.764417,1,"Annual arithmetic mean of observed hourly NO2 values, ppb",Parts per billion,NO2 Annual 1971,Observed values,1 HOUR,No Events,Y,Requested but not yet concurred,355,95,8327
48,29,52,48-029-0052,42602,2,55925,29.632058,-98.564936,WGS84,-98.564936,29.632058,-117.94584616729497,-104.11198503434248,-0.09704740233367637,-0.08566471840860126,1.773713,1.773713,1,"Annual arithmetic mean of observed hourly NO2 values, ppb",Parts per billion,NO2 Annual 1971,Observed values,1 HOUR,No Events,Y,Requested but not yet concurred,351,95,8316
48,29,59,48-029-0059,42602,1,55947,29.275381,-98.311692,WGS84,-98.311692,29.275381,-93.75278401372132,-143.88266202648515,-0.077141030784387,-0.11838855749713197,4.691774,4.691774,1,"Annual arithmetic mean of observed hourly NO2 values, ppb",Parts per billion,NO2 Annual 1971,Observed values,1 HOUR,No Events,Y,Requested but not yet concurred,352,94,8266
48,29,1069,48-029-1069,42602,1,55984,29.529432,-98.391403,NAD83,-98.391403,29.529432,-101.24435215954513,-115.65481619452112,-0.08330519214812578,-0.0951623125678958,8.83979,8.83979,1,"Annual arithmetic mean of observed hourly NO2 values, ppb",Parts per billion,NO2 Annual 1971,Observed values,1 HOUR,No Events,Y,Requested but not yet concurred,337,91,8017
48,39,1004,48-039-1004,42602,1,56038,29.520443,-95.392509,WGS84,-95.392509,29.520443,189.4855607515534,-115.48863337515145,0.15591122577216593,-0.09502557514596542,6.449799,6.449799,1,"Annual arithmetic mean of observed hourly NO2 values, ppb",Parts per billion,NO2 Annual 1971,Observed values,1 HOUR,No Events,Y,Requested but not yet concurred,353,96,8462
48,39,1016,48-039-1016,42602,1,56123,29.043759,-95.472946,WGS84,-95.472946,29.043759,182.54488918941544,-168.45574762595064,0.15020034940436822,-0.13860761736439214,1.550221,1.550221,1,"Annual arithmetic mean of observed hourly NO2 values, ppb",Parts per billion,NO2 Annual 1971,Observed values,1 HOUR,No Events,Y,Requested but not yet concurred,319,88,7694
48,113,69,48-113-0069,42602,4,56379,32.820061,-96.860117,WGS84,-96.860117,32.820061,45.60671185487682,248.822027371409,0.037525805768677936,0.20473405536930214,9.39492,9.39492,1,"Annual arithmetic mean of observed hourly NO2 values, ppb",Parts per billion,NO2 Annual 1971,Observed values,1 HOUR,No Events,Y,Requested but not yet concurred,361,97,8543
48,113,75,48-113-0075,42602,1,56572,32.919206,-96.808498,WGS84,-96.808498,32.919206,50.38667069780631,259.83989904182874,0.04145881913067645,0.2137997059166169,7.759833,7.759833,1,"Annual arithmetic mean of observed hourly NO2 values, ppb",Parts per billion,NO2 Annual 1971,Observed values,1 HOUR,No Events,Y,Requested but not yet concurred,334,89,7775
48,113,87,48-113-0087,42602,1,56587,32.676451,-96.87206,WGS84,-96.87206,32.676451,44.55809953392941,232.8908160720104,0.03666299368067367,0.19162564398495738,6.411713,6.411713,1,"Annual arithmetic mean of observed hourly NO2 values, ppb",Parts per billion,NO2 Annual 1971,Observed values,1 HOUR,No Events,Y,Requested but not yet concurred,315,85,7453
48,113,1067,48-113-1067,42602,1,56601,32.92118,-96.75355,WGS84,-96.75355,32.92118,55.52656164905234,260.085252681154,0.0456879893923343,0.21400158613642434,10.576491,10.576491,1,"Annual arithmetic mean of observed hourly NO2 values, ppb",Parts per billion,NO2 Annual 1971,Observed values,1 HOUR,No Events,Y,Requested but not yet concurred,342,90,7865
48,121,34,48-121-0034,42602,1,56616,33.219069,-97.196284,WGS84,-97.196284,33.219069,14.057279962129396,292.98282779117324,0.011566515892953775,0.24107014608363894,5.084077,5.084077,1,"Annual arithmetic mean of observed hourly NO2 values, ppb",Parts per billion,NO2 Annual 1971,Observed values,1 HOUR,No Events,Y,Requested but not yet concurred,295,83,7310
48,139,1044,48-139-1044,42602,1,56762,32.175417,-96.870189,WGS84,-96.870189,32.175417,44.97741397908434,177.32981849654365,0.0370080111525527,0.14590932025687434,2.379683,2.379683,1,"Annual arithmetic mean of observed hourly NO2 values, ppb",Parts per billion,NO2 Annual 1971,Observed values,1 HOUR,No Events,Y,Requested but not yet concurred,260,75,6620
48,141,55,48-141-0055,42602,1,57069,31.746775,-106.402806,WGS84,-106.402806,31.746775,-857.152856017072,164.63074895428713,-0.7052767077643354,0.13546035786287322,12.934028,12.934028,1,"Annual arithmetic mean of observed hourly NO2 values, ppb",Parts per billion,NO2 Annual 1971,Observed values,1 HOUR,No Events,Y,Requested but not yet concurred,313,82,7241
48,167,1034,48-167-1034,42602,1,57195,29.254474,-94.861289,WGS84,-94.861289,29.254474,241.61427977936805,-143.9645110946427,0.19880342531140063,-0.11845590399305564,2.908202,2.908202,1,"Annual arithmetic mean of observed hourly NO2 values, ppb",Parts per billion,NO2 Annual 1971,Observed values,1 HOUR,No Events,Y,Requested but not yet concurred,320,86,7596
48,183,1,48-183-0001,42602,1,57228,32.378696,-94.711813,NAD83,-94.711813,32.378696,247.99739437652028,202.72819110388755,0.20405553643342475,0.16680743719055063,1.960022,1.960022,1,"Annual arithmetic mean of observed hourly NO2 values, ppb",Parts per billion,NO2 Annual 1971,Observed values,1 HOUR,No Events,Y,Requested but not yet concurred,341,92,8092
48,201,24,48-201-0024,42602,1,57247,29.901036,-95.326137,WGS84,-95.326137,29.901036,195.17539575138542,-73.18847220759702,0.1605928972712852,-0.06022044301961411,7.642987,7.642987,1,"Annual arithmetic mean of observed hourly NO2 values, ppb",Parts per billion,NO2 Annual 1971,Observed values,1 HOUR,No Events,Y,Requested but not yet concurred,290,82,7237
48,201,26,48-201-0026,42602,2,57283,29.802707,-95.125495,WGS84,-95.125495,29.802707,214.7627908743721,-83.72563878480699,0.17670966506718472,-0.06889056305779669,9.781563,9.781563,1,"Annual arithmetic mean of observed hourly NO2 values, ppb",Parts per billion,NO2 Annual 1971,Observed values,1 HOUR,No Events,Y,Requested but not yet concurred,357,95,8369
48,201,29,48-201-0029,42602,1,57348,30.039524,-95.673951,WGS84,-95.673951,30.039524,161.36120578961652,-58.38408880714701,0.13277013449969477,-0.048039200535435304,3.016768,3.016768,1,"Annual arithmetic mean of observed hourly NO2 values, ppb",Parts per billion,NO2 Annual 1971,Observed values,1 HOUR,No Events,Y,Requested but not yet concurred,295,82,7234
48,201,47,48-201-0047,42602,1,57389,29.834167,-95.489167,WGS84,-95.489167,29.834167,179.5521489769231,-80.87024838310187,0.14773788317160272,-0.06654111006611656,5.268278,5.268278,1,"Annual arithmetic mean of observed hourly NO2 values, ppb",Parts per billion,NO2 Annual 1971,Observed values,1 HOUR,No Events,Y,Requested but not yet concurred,283,77,6787
48,201,55,48-201-0055,42602,1,57414,29.695729,-95.499219,WGS84,-95.499219,29.695729,178.82851165252615,-96.23174007943548,0.14714246480930784,-0.07918074862519706,6.782012,6.782012,1,"Annual arithmetic mean of observed hourly NO2 values, ppb",Parts per billion,NO2 Annual 1971,Observed values,1 HOUR,No Events,Y,Requested but not yet concurred,340,93,8150
48,201,416,48-201-0416,42602,1,57486,29.686389,-95.294722,WGS84,-95.294722,29.686389,198.63600119439886,-96.92732943801914,0.1634403292043257,-0.0797530887502214,5.904631,5.904631,1,"Annual arithmetic mean of observed hourly NO2 values, ppb",Parts per billion,NO2 Annual 1971,Observed values,1 HOUR,No Events,Y,Requested but not yet concurred,353,94,8248
48,201,417,48-201-0417,42602,1,57506,29.772915,-95.395784,WGS84,-95.395784,29.772915,188.69210343977858,-87.50845854942078,0.15525835860072534,-0.07200311719668126,8.203827,8.203827,1,"Annual arithmetic mean of observed hourly NO2 values, ppb",Parts per billion,NO2 Annual 1971,Observed values,1 HOUR,No Events,Y,Requested but not yet concurred,339,92,8075
48,201,1015,48-201-1015,42602,1,57518,29.758889,-95.079444,NAD83,-95.079444,29.758889,219.31038029184305,-88.4947421817068,0.18045148179229165,-0.07281464441521354,10.252335,10.252335,1,"Annual arithmetic mean of observed hourly NO2 values, ppb",Parts per billion,NO2 Annual 1971,Observed values,1 HOUR,No Events,Y,Requested but not yet concurred,344,92,8073
48,201,1034,48-201-1034,42602,1,57546,29.767997,-95.220582,WGS84,-95.220582,29.767997,205.64301788918323,-87.7493017891773,0.16920579522483303,-0.07220128620006307,11.631522,11.631522,1,"Annual arithmetic mean of observed hourly NO2 values, ppb",Parts per billion,NO2 Annual 1971,Observed values,1 HOUR,No Events,Y,Requested but not yet concurred,341,92,8096
48,201,1035,48-201-1035,42602,1,57578,29.733726,-95.257593,WGS84,-95.257593,29.733726,202.13351438250814,-91.6146406931926,0.16631812931822149,-0.07538173817835411,11.89654,11.89654,1,"Annual arithmetic mean of observed hourly NO2 values, ppb",Parts per billion,NO2 Annual 1971,Observed values,1 HOUR,No Events,Y,Requested but not yet concurred,302,82,7197
48,201,1039,48-201-1039,42602,4,57771,29.670025,-95.128508,WGS84,-95.128508,29.670025,214.75648377338655,-98.43885159175385,0.17670447550106777,-0.08099678917169865,7.891343,7.891343,1,"Annual arithmetic mean of observed hourly NO2 values, ppb",Parts per billion,NO2 Annual 1971,Observed values,1 HOUR,No Events,Y,Requested but not yet concurred,355,96,8467
48,201,1050,48-201-1050,42602,1,58038,29.583047,-95.015544,WGS84,-95.015544,29.583047,225.8859825300948,-107.8610817354302,0.1858619742915077,-0.08874952476475091,5.443348,5.443348,1,"Annual arithmetic mean of observed hourly NO2 values, ppb",Parts per billion,NO2 Annual 1971,Observed values,1 HOUR,No Events,Y,Requested but not yet concurred,327,88,7712
48,201,1052,48-201-1052,42602,1,58065,29.81453,-95.38769,WGS84,-95.38769,29.81453,189.3957293837562,-82.8820030686049,0.1558373113345143,-0.06819640843146763,16.643948,16.643948,1,"Annual arithmetic mean of observed hourly NO2 values, ppb",Parts per billion,NO2 Annual 1971,Observed values,1 HOUR,No Events,Y,Requested but not yet concurred,333,91,7964
48,201,1066,48-201-1066,42602,1,58085,29.7216,-95.49265,WGS84,-95.49265,29.7216,179.41778506119434,-93.35364677151341,0.14762732676446685,-0.07681261538198306,12.021192,12.021192,1,"Annual arithmetic mean of observed hourly NO2 values, ppb",Parts per billion,NO2 Annual 1971,Observed values,1 HOUR,No Events,Y,Requested but not yet concurred,351,95,8357
48,203,2,48-203-0002,42602,1,58096,32.669001,-94.167468,NAD83,-94.167468,32.669001,298.2682054881514,236.26654027348292,0.24541902476408467,0.19440323450970678,2.035578,2.035578,1,"Annual arithmetic mean of observed hourly NO2 values, ppb",Parts per billion,NO2 Annual 1971,Observed values,1 HOUR,No Events,Y,Requested but not yet concurred,361,97,8525
48,231,1006,48-231-1006,42602,1,58311,33.153088,-96.115572,WGS84,-96.115572,33.153088,114.920161792669,286.2995646122991,0.09455782920854441,0.23557106873841327,3.547332,3.547332,1,"Annual arithmetic mean of observed hourly NO2 values, ppb",Parts per billion,NO2 Annual 1971,Observed values,1 HOUR,No Events,Y,Requested but not yet concurred,351,95,8303
48,245,9,48-245-0009,42602,1,58345,30.036422,-94.071061,WGS84,-94.071061,30.036422,315.9309129041815,-55.348873720977934,0.2599521340562438,-0.045541785414779934,6.137894,6.137894,1,"Annual arithmetic mean of observed hourly NO2 values, ppb",Parts per billion,NO2 Annual 1971,Observed values,1 HOUR,No Events,Y,Requested but not yet concurred,361,97,8537
48,245,22,48-245-0022,42602,1,58471,29.863957,-94.317802,WGS84,-94.317802,29.863957,292.64926651107345,-75.1295319577559,0.24079568745025168,-0.06181757265705961,2.864361,2.864361,1,"Annual arithmetic mean of observed hourly NO2 values, ppb",Parts per billion,NO2 Annual 1971,Observed values,1 HOUR,No Events,Y,Requested but not yet concurred,361,97,8502
48,245,1035,48-245-1035,42602,1,58504,29.979958,-94.004746,WGS84,-94.004746,29.979958,322.50814588012764,-61.42103228741517,0.2653639683480051,-0.05053803780161742,4.65316,4.65316,1,"Annual arithmetic mean of observed hourly NO2 values, ppb",Parts per billion,NO2 Annual 1971,Observed values,1 HOUR,No Events,Y,Requested but not yet concurred,352,95,8369
48,255,1070,48-255-1070,42602,1,58599,28.88044,-97.888065,NAD83,-97.888065,28.88044,-52.78636577326537,-187.92844054602844,-0.04343331998029428,-0.1546300066705357,3.407913,3.407913,1,"Annual arithmetic mean of observed hourly NO2 values, ppb",Parts per billion,NO2 Annual 1971,Observed values,1 HOUR,No Events,Y,Requested but not yet concurred,363,95,8366
48,257,5,48-257-0005,42602,1,58615,32.564968,-96.317687,WGS84,-96.317687,32.564968,96.68213406731873,220.88215653779636,0.07955133875593193,0.18174476007784643,4.145105,4.145105,1,"Annual arithmetic mean of observed hourly NO2 values, ppb",Parts per billion,NO2 Annual 1971,Observed values,1 HOUR,No Events,Y,Requested but not yet concurred,340,92,8090
48,339,78,48-339-0078,42602,1,58738,30.350302,-95.425128,WGS84,-95.425128,30.350302,184.77353866010873,-23.551696016502515,0.15203411166791014,-0.01937864700815332,4.184135,4.184135,1,"Annual arithmetic mean of observed hourly NO2 values, ppb",Parts per billion,NO2 Annual 1971,Observed values,1 HOUR,No Events,Y,Requested but not yet concurred,361,97,8503
48,349,1051,48-349-1051,42602,1,58769,32.031934,-96.399141,WGS84,-96.399141,32.031934,89.54596618292123,161.70468288602757,0.07367960542828704,0.1330527519979026,1.854319,1.854319,1,"Annual arithmetic mean of observed hourly NO2 values, ppb",Parts per billion,NO2 Annual 1971,Observed values,1 HOUR,No Events,Y,Requested but not yet concurred,354,96,8404
48,361,1001,48-361-1001,42602,1,59013,30.085263,-93.761341,WGS84,-93.761341,30.085263,345.6198451976599,-49.02936515083504,0.28438058025226937,-0.040342010173116255,3.406471,3.406471,1,"Annual arithmetic mean of observed hourly NO2 values, ppb",Parts per billion,NO2 Annual 1971,Observed values,1 HOUR,No Events,Y,Requested but not yet concurred,360,96,8422
48,423,7,48-423-0007,42602,1,59172,32.344027,-95.415754,NAD83,-95.415754,32.344027,181.8264900852539,197.51663596914545,0.14960924111897064,0.16251930069078727,1.08365,1.08365,1,"Annual arithmetic mean of observed hourly NO2 values, ppb",Parts per billion,NO2 Annual 1971,Observed values,1 HOUR,No Events,Y,Requested but not yet concurred,314,85,7425
48,439,75,48-439-0075,42602,1,59189,32.987891,-97.477175,WGS84,-97.477175,32.987891,-12.16815492258178,267.34127682652206,-0.010012118822356163,0.2199719387809727,6.5539,6.5539,1,"Annual arithmetic mean of observed hourly NO2 values, ppb",Parts per billion,NO2 Annual 1971,Observed values,1 HOUR,No Events,Y,Requested but not yet concurred,277,75,6577
48,439,1002,48-439-1002,42602,1,59204,32.80581,-97.356529,NAD83,-97.356529,32.80581,-0.8903308691992112,247.1408573626209,-0.0007325760158667339,0.2033507664487008,9.434619,9.434619,1,"Annual arithmetic mean of observed hourly NO2 values, ppb",Parts per billion,NO2 Annual 1971,Observed values,1 HOUR,No Events,Y,Requested but not yet concurred,353,94,8299
48,439,2003,48-439-2003,42602,1,59370,32.922492,-97.282099,NAD83,-97.282099,32.922492,6.074543499718665,260.0828823862435,0.004998214741487712,0.21399963582641934,6.811118,6.811118,1,"Annual arithmetic mean of observed hourly NO2 values, ppb",Parts per billion,NO2 Annual 1971,Observed values,1 HOUR,No Events,Y,Requested but not yet concurred,361,97,8536
48,439,3009,48-439-3009,42602,1,59385,32.98426,-97.063721,WGS84,-97.063721,32.98426,26.488106981836697,266.9654888636294,0.0217947647912722,0.2196627354744377,4.817723,4.817723,1,"Annual arithmetic mean of observed hourly NO2 values, ppb",Parts per billion,NO2 Annual 1971,Observed values,1 HOUR,No Events,Y,Requested but not yet concurred,360,96,8458
48,439,3011,48-439-3011,42602,1,59489,32.65637,-97.088598,NAD83,-97.088598,32.65637,24.2493046475796,230.59635908126657,0.01995264861729482,0.18973773442346084,7.356081,7.356081,1,"Annual arithmetic mean of observed hourly NO2 values, ppb",Parts per billion,NO2 Annual 1971,Observed values,1 HOUR,No Events,Y,Requested but not yet concurred,342,93,8206
48,453,14,48-453-0014,42602,2,59523,30.354944,-97.761803,NAD83,-97.761803,30.354944,-39.87719713752908,-24.53688633682776,-0.03281148527313048,-0.02018927463514269,4.699051,4.699051,1,"Annual arithmetic mean of observed hourly NO2 values, ppb",Parts per billion,NO2 Annual 1971,Observed values,1 HOUR,No Events,Y,Requested but not yet concurred,357,96,8426
48,453,1068,48-453-1068,42602,1,59616,30.35386,-97.69166,NAD83,-97.69166,30.35386,-33.13396162869528,-24.679741313504753,-0.02726306190154092,-0.020306817599540738,11.725769,11.725769,1,"Annual arithmetic mean of observed hourly NO2 values, ppb",Parts per billion,NO2 Annual 1971,Observed values,1 HOUR,No Events,Y,Requested but not yet concurred,359,96,8390
