State Code,County Code,Site Num,Parameter Code,POC,Latitude,Longitude,Datum,Parameter Name,Sample Duration,Pollutant Standard,Metric Used,Method Name,Year,Units of Measure,Event Type,Observation Count,Observation Percent,Completeness Indicator,Valid Day Count,Required Day Count,Exceptional Data Count,Null Data Count,Primary Exceedance Count,Secondary Exceedance Count,Certification Indicator,Num Obs Below MDL,Arithmetic Mean,Arithmetic Standard Dev,1st Max Value,1st Max DateTime,2nd Max Value,2nd Max DateTime,3rd Max Value,3rd Max DateTime,4th Max Value,4th Max DateTime,1st Max Non Overlapping Value,1st NO Max DateTime,2nd Max Non Overlapping Value,2nd NO Max DateTime,99th Percentile,98th Percentile,95th Percentile,90th Percentile,75th Percentile,50th Percentile,10th Percentile,Local Site Name,Address,State Name,County Name,City Name,CBSA Name,Date of Last Change,source_row,certification_rank,duration_rank,instrument_selection_order,eligible_instruments_at_site,instrument_mean_sensitivity
6,1,9,88101,3,37.743065,-122.169935,WGS84,PM2.5 - Local Conditions,24-HR BLK AVG,PM25 Annual 2024,Quarterly Means of Daily Means,,2024,Micrograms/cubic meter (LC),No Events,359,98,Y,359,366,0,0,,,Certification not required,0,6.145682,3.94455,34.5,2024-07-04 00:00,27.6,2024-12-07 00:00,24.5,2024-12-11 00:00,20.2,2024-12-08 00:00,,,,,20.2,15.2,13.7,10.7,7.7,5.2,2.5,Oakland,9925 International Blvd,California,Alameda,Oakland,"San Francisco-Oakland-Hayward, CA",2025-11-06,4509,2,1,0,1,6.145682
6,1,11,88101,3,37.814781,-122.282347,WGS84,PM2.5 - Local Conditions,24-HR BLK AVG,PM25 Annual 2024,Quarterly Means of Daily Means,,2024,Micrograms/cubic meter (LC),No Events,352,96,Y,352,366,0,0,,,Certification not required,0,6.351705,4.842234,37.1,2024-12-07 00:00,31.0,2024-12-08 00:00,25.2,2024-12-11 00:00,21.2,2024-12-04 00:00,,,,,21.2,19.0,15.2,12.3,8.5,5.2,1.4,Oakland West,1100 21st Street,California,Alameda,Oakland,"San Francisco-Oakland-Hayward, CA",2025-11-06,4557,2,1,0,1,6.351705
6,1,12,88101,3,37.793624,-122.263376,WGS84,PM2.5 - Local Conditions,24-HR BLK AVG,PM25 Annual 2024,Quarterly Means of Daily Means,,2024,Micrograms/cubic meter (LC),No Events,340,93,Y,340,366,0,0,,,Certification not required,0,7.819412,4.397315,33.8,2024-12-07 00:00,28.2,2024-12-08 00:00,27.2,2024-12-11 00:00,20.2,2024-06-06 00:00,,,,,20.2,18.9,16.7,13.9,9.7,6.8,3.5,Laney College,Laney College Eighth St. parking lot Aisle J,California,Alameda,Oakland,"San Francisco-Oakland-Hayward, CA",2025-11-06,4594,2,1,0,1,7.819412
6,1,15,88101,3,37.701222,-121.903019,NAD83,PM2.5 - Local Conditions,24-HR BLK AVG,PM25 Annual 2024,Quarterly Means of Daily Means,,2024,Micrograms/cubic meter (LC),No Events,331,90,Y,331,366,0,0,,,Certification not required,0,5.576133,3.39737,27.1,2024-12-11 00:00,22.0,2024-12-07 00:00,19.9,2024-12-08 00:00,19.2,2024-07-05 00:00,,,,,19.2,14.5,11.3,9.6,6.8,5.0,2.3,Pleasanton - Owens Ct,Owens Ct.,California,Alameda,Pleasanton,"San Francisco-Oakland-Hayward, CA",2025-11-06,4668,2,1,0,1,5.576133
6,7,8,88101,3,39.76168,-121.84047,NAD83,PM2.5 - Local Conditions,24-HR BLK AVG,PM25 Annual 2024,Quarterly Means of Daily Means,,2024,Micrograms/cubic meter (LC),No Events,353,96,Y,353,366,0,0,,,Certified,0,6.929462,6.82641,85.2,2024-08-02 00:00,29.2,2024-08-01 00:00,28.3,2024-12-07 00:00,28.0,2024-12-01 00:00,,,,,28.0,24.9,18.8,12.7,9.0,5.4,1.7,Chico-East Avenue,"984 East Avenue, Chico",California,Butte,Chico,"Chico, CA",2025-02-10,4819,0,1,0,1,6.929462
6,9,1,88101,3,38.20185,-120.680277,NAD83,PM2.5 - Local Conditions,24-HR BLK AVG,PM25 Annual 2024,Quarterly Means of Daily Means,,2024,Micrograms/cubic meter (LC),No Events,351,96,Y,351,366,0,0,,,Certified,0,5.478632,2.691993,16.6,2024-11-10 00:00,16.3,2024-11-08 00:00,15.5,2024-11-09 00:00,14.1,2024-11-07 00:00,,,,,14.1,12.9,10.5,9.1,6.7,5.0,2.8,San Andreas-Gold Strike Road,"501 GOLD STRIKE ROAD, SAN ANDREAS",California,Calaveras,San Andreas,,2025-03-10,4907,0,1,0,1,5.478632
6,11,7,88101,1,39.021221,-122.281803,WGS84,PM2.5 - Local Conditions,24-HR BLK AVG,PM25 Annual 2024,Quarterly Means of Daily Means,,2024,Micrograms/cubic meter (LC),Events Included,352,96,Y,352,366,0,0,,,Certification not required,0,10.738068,3.759141,21.9,2024-07-21 00:00,20.9,2024-07-22 00:00,20.3,2024-06-19 00:00,19.8,2024-10-23 00:00,,,,,19.8,18.8,16.2,14.7,12.7,10.8,8.2,Cortina Indian Rancheria,"CORTINA INDIAN RANCHERIA, SPRING VALLEY RD, WILLIAMS",California,Colusa,Cortina Indian Rancheria,,2025-01-14,4917,2,1,0,1,10.738068
6,11,1002,88101,3,39.18919,-121.99887,NAD83,PM2.5 - Local Conditions,24-HR BLK AVG,PM25 Annual 2024,Quarterly Means of Daily Means,,2024,Micrograms/cubic meter (LC),No Events,358,98,Y,358,366,0,0,,,Certified,0,6.002793,4.239159,30.3,2024-07-05 00:00,24.0,2024-08-02 00:00,21.8,2024-12-07 00:00,21.0,2024-12-06 00:00,,,,,21.0,17.2,14.1,10.9,8.3,5.1,1.7,Colusa-Sunrise Blvd,"100 SUNRISE BLVD., COLUSA",California,Colusa,Colusa,,2025-07-09,4939,0,1,0,1,6.002793
6,13,2,88101,3,37.936013,-122.026154,WGS84,PM2.5 - Local Conditions,24-HR BLK AVG,PM25 Annual 2024,Quarterly Means of Daily Means,,2024,Micrograms/cubic meter (LC),No Events,341,93,Y,341,366,0,0,,,Certification not required,0,3.930205,3.469616,26.5,2024-12-07 00:00,25.3,2024-12-11 00:00,18.8,2024-12-10 00:00,16.4,2024-01-19 00:00,,,,,16.4,14.3,10.3,7.6,4.9,3.2,0.7,Concord,2956-A TREAT BOULEVARD,California,Contra Costa,Concord,"San Francisco-Oakland-Hayward, CA",2025-11-06,4986,2,1,0,1,3.930205
6,13,1004,88101,3,37.9604,-122.356811,WGS84,PM2.5 - Local Conditions,24-HR BLK AVG,PM25 Annual 2024,Quarterly Means of Daily Means,,2024,Micrograms/cubic meter (LC),No Events,347,95,Y,347,366,0,0,,,Certified,0,9.763977,4.341865,32.2,2024-12-07 00:00,25.1,2024-12-08 00:00,23.1,2024-12-11 00:00,21.9,2024-06-06 00:00,,,,,21.9,21.1,17.1,15.7,12.7,8.8,5.0,San Pablo,"1865 D RUMRILL BLVD, San Pablo",California,Contra Costa,San Pablo,"San Francisco-Oakland-Hayward, CA",2025-04-28,5130,0,1,0,1,9.763977
6,19,11,88101,3,36.78538,-119.77321,NAD83,PM2.5 - Local Conditions,24-HR BLK AVG,PM25 Annual 2024,Quarterly Means of Daily Means,,2024,Micrograms/cubic meter (LC),No Events,358,98,Y,358,366,0,0,,,Certified,0,10.221788,7.347728,52.8,2024-12-07 00:00,51.6,2024-12-06 00:00,46.1,2024-12-05 00:00,44.8,2024-12-04 00:00,,,,,44.8,33.6,23.0,17.3,12.7,8.7,3.6,Fresno - Garland,"3727 N FIRST ST, FRESNO",California,Fresno,Fresno,"Fresno, CA",2025-02-19,5483,0,1,0,2,10.553577
6,19,11,88101,2,36.78538,-119.77321,NAD83,PM2.5 - Local Conditions,24 HOUR,PM25 Annual 2024,Quarterly Means of Daily Means,R & P Model 2025 PM-2.5 Sequential Air Sampler w/VSCC - Gravimetric,2024,Micrograms/cubic meter (LC),No Events,123,100,Y,122,122,0,0,,,Certified,0,10.885366,8.65797,57.2,2024-12-05 00:00,54.5,2024-12-08 00:00,41.7,2024-12-02 00:00,33.2,2024-12-11 00:00,,,,,54.5,41.7,25.1,19.3,12.3,8.6,4.3,Fresno - Garland,"3727 N FIRST ST, FRESNO",California,Fresno,Fresno,"Fresno, CA",2025-03-04,5474,0,0,1,2,10.553577
6,19,500,88101,1,36.985119,-119.658339,WGS84,PM2.5 - Local Conditions,24-HR BLK AVG,PM25 Annual 2024,Quarterly Means of Daily Means,,2024,Micrograms/cubic meter (LC),Events Included,366,100,Y,366,366,0,0,4.0,0.0,Certification not required,0,6.174044,4.396787,34.8,2024-12-06 00:00,29.4,2024-12-07 00:00,27.3,2024-12-08 00:00,27.2,2024-12-09 00:00,,,,,27.2,18.0,12.3,11.0,8.0,5.3,2.0,Table Mountain Air Monitoring Site,Milerton Road and Winchell Cove Road,California,Fresno,,"Fresno, CA",2025-01-08,5627,2,1,0,1,6.174044
6,19,2009,88101,3,36.634225,-120.382331,WGS84,PM2.5 - Local Conditions,24-HR BLK AVG,PM25 Annual 2024,Quarterly Means of Daily Means,,2024,Micrograms/cubic meter (LC),No Events,361,99,Y,361,366,0,0,,,Certified,0,6.952355,4.147978,30.7,2024-12-07 00:00,26.7,2024-12-08 00:00,23.3,2024-12-01 00:00,22.4,2024-12-12 00:00,,,,,22.4,18.7,15.0,11.8,8.6,6.0,3.0,Tranquillity,32650 West Adams Avenue Tranquillity CA 93668,California,Fresno,,"Fresno, CA",2025-02-28,5649,0,1,0,1,6.952355
6,19,2016,88101,3,36.710833,-119.7775,WGS84,PM2.5 - Local Conditions,24-HR BLK AVG,PM25 Annual 2024,Quarterly Means of Daily Means,,2024,Micrograms/cubic meter (LC),No Events,348,95,Y,348,366,0,0,,,Certified,0,13.243103,7.929523,57.2,2024-12-05 00:00,57.1,2024-12-06 00:00,54.4,2024-12-07 00:00,49.0,2024-12-04 00:00,,,,,49.0,37.8,25.7,21.6,16.5,11.6,5.5,Fresno-Foundry,2482 Foundry Park Ave,California,Fresno,Fresno,"Fresno, CA",2025-03-14,5668,0,1,0,1,13.243103
6,19,5001,88101,3,36.819449,-119.716433,NAD83,PM2.5 - Local Conditions,24-HR BLK AVG,PM25 Annual 2024,Quarterly Means of Daily Means,,2024,Micrograms/cubic meter (LC),No Events,361,99,Y,361,366,0,0,,,Certified,0,10.685596,7.169152,51.3,2024-12-06 00:00,49.6,2024-12-07 00:00,46.4,2024-12-05 00:00,43.3,2024-12-09 00:00,,,,,43.3,32.6,20.6,18.1,13.6,9.6,3.4,Clovis-Villa,"908 N VILLA AVE, CLOVIS",California,Fresno,Clovis,"Fresno, CA",2025-07-10,5833,0,1,0,1,10.685596
6,19,5025,88101,3,36.72639,-119.733,WGS84,PM2.5 - Local Conditions,24-HR BLK AVG,PM25 Annual 2024,Quarterly Means of Daily Means,,2024,Micrograms/cubic meter (LC),No Events,361,99,Y,361,366,0,0,,,Certified,0,12.769252,8.438455,62.5,2024-12-06 00:00,55.2,2024-12-07 00:00,54.8,2024-12-05 00:00,51.2,2024-12-04 00:00,,,,,51.2,43.1,26.4,21.5,16.1,10.6,4.7,Fresno-Pacific,"1716 WINERY, FRESNO CA 93726",California,Fresno,Fresno,"Fresno, CA",2025-07-09,5845,0,1,0,1,12.769252
6,23,6,88101,3,41.047117,-123.675233,WGS84,PM2.5 - Local Conditions,24-HR BLK AVG,PM25 Annual 2024,Quarterly Means of Daily Means,,2024,Micrograms/cubic meter (LC),Events Included,347,95,Y,347,366,0,0,,,Certification not required,0,6.693948,4.203796,27.8,2024-07-23 00:00,23.1,2024-11-10 00:00,20.7,2024-12-11 00:00,19.2,2024-12-20 00:00,,,,,19.2,18.2,15.5,12.8,8.6,5.3,3.0,Hoopa Valley Reservation,"5 Loop Rd Hoopa, CA 95546",California,Humboldt,,"Eureka-Arcata-Fortuna, CA",2025-01-06,5916,2,1,0,1,6.693948
6,23,1004,88101,1,40.77678,-124.17949,NAD83,PM2.5 - Local Conditions,24 HOUR,PM25 Annual 2024,Quarterly Means of Daily Means,R & P Model 2000 PM-2.5 Air Sampler w/VSCC - Gravimetric,2024,Micrograms/cubic meter (LC),No Events,121,99,Y,121,122,0,2,,,Certified,0,6.538017,3.776799,20.8,2024-07-05 00:00,19.5,2024-10-03 00:00,14.6,2024-12-02 00:00,14.0,2024-05-15 00:00,,,,,19.5,14.6,12.4,11.4,9.0,5.8,2.2,Jacobs,717 SOUTH AVENUE,California,Humboldt,Eureka,"Eureka-Arcata-Fortuna, CA",2025-03-04,5942,0,0,0,2,6.522457
6,23,1004,88101,2,40.77678,-124.17949,NAD83,PM2.5 - Local Conditions,24 HOUR,PM25 Annual 2024,Quarterly Means of Daily Means,R & P Model 2000 PM-2.5 Air Sampler w/VSCC - Gravimetric,2024,Micrograms/cubic meter (LC),No Events,29,97,Y,29,30,0,1,,,Certified,0,6.506897,4.150209,20.0,2024-07-05 00:00,11.9,2024-12-20 00:00,11.5,2024-03-31 00:00,11.2,2024-12-08 00:00,,,,,20.0,20.0,11.9,11.5,9.5,5.3,1.8,Jacobs,717 SOUTH AVENUE,California,Humboldt,Eureka,"Eureka-Arcata-Fortuna, CA",2025-03-04,5950,0,0,1,2,6.522457
6,25,5,88101,3,32.67618,-115.48307,NAD83,PM2.5 - Local Conditions,24-HR BLK AVG,PM25 Annual 2024,Quarterly Means of Daily Means,,2024,Micrograms/cubic meter (LC),No Events,359,98,Y,359,366,0,0,,,Certified,0,9.994708,7.906553,59.1,2024-12-08 00:00,50.0,2024-12-22 00:00,48.1,2024-11-26 00:00,45.1,2024-01-31 00:00,,,,,45.1,38.1,24.0,18.5,11.5,8.3,3.4,Calexico-Ethel Street,"1029 ETHEL ST, CALEXICO HIGH SCHOOL",California,Imperial,Calexico,"El Centro, CA",2025-03-08,6049,0,1,0,2,11.492181500000001
6,25,5,88101,2,32.67618,-115.48307,NAD83,PM2.5 - Local Conditions,24 HOUR,PM25 Annual 2024,Quarterly Means of Daily Means,R & P Model 2000 PM-2.5 Air Sampler w/VSCC - Gravimetric,2024,Micrograms/cubic meter (LC),No Events,29,97,Y,29,30,0,1,,,Certified,0,12.989655,12.428922,52.3,2024-12-08 00:00,44.8,2024-11-26 00:00,44.5,2024-01-31 00:00,17.5,2024-10-09 00:00,,,,,52.3,52.3,44.8,44.5,12.9,9.3,4.0,Calexico-Ethel Street,"1029 ETHEL ST, CALEXICO HIGH SCHOOL",California,Imperial,Calexico,"El Centro, CA",2025-03-04,6040,0,0,1,2,11.492181500000001
6,25,7,88101,3,32.97833,-115.53917,WGS84,PM2.5 - Local Conditions,24-HR BLK AVG,PM25 Annual 2024,Quarterly Means of Daily Means,,2024,Micrograms/cubic meter (LC),No Events,361,99,Y,361,366,0,0,,,Certified,0,7.687258,4.364994,23.3,2024-05-29 00:00,22.5,2024-06-18 00:00,22.5,2024-10-21 00:00,22.5,2024-12-31 00:00,,,,,22.5,17.7,16.0,12.9,10.1,7.4,2.5,Brawley-220 Main Street,"220 MAIN ST., STE 204, BRAWLEY",California,Imperial,Brawley,"El Centro, CA",2025-02-10,6115,0,1,0,1,7.687258
6,25,1003,88101,3,32.79222,-115.56306,WGS84,PM2.5 - Local Conditions,24-HR BLK AVG,PM25 Annual 2024,Quarterly Means of Daily Means,,2024,Micrograms/cubic meter (LC),No Events,353,96,Y,353,366,0,0,,,Certified,0,7.122096,4.446432,23.6,2024-01-12 00:00,22.0,2024-01-17 00:00,19.2,2024-01-21 00:00,19.2,2024-09-06 00:00,,,,,19.2,18.0,15.4,13.0,10.0,6.4,2.0,El Centro-9th Street,"150 9TH ST., EL CENTRO",California,Imperial,El Centro,"El Centro, CA",2025-03-25,6139,0,1,0,1,7.122096
6,27,2,88101,1,37.360684,-118.330783,WGS84,PM2.5 - Local Conditions,24-HR BLK AVG,PM25 Annual 2024,Quarterly Means of Daily Means,,2024,Micrograms/cubic meter (LC),No Events,366,100,Y,366,366,0,0,,,Certified,0,3.463115,2.797157,16.4,2024-07-29 00:00,15.9,2024-06-30 00:00,15.4,2024-06-29 00:00,15.3,2024-07-30 00:00,,,,,15.3,12.9,9.2,6.6,4.4,2.8,1.0,WMRC/NCORE,"WMRC/NCORE, 3000 E. LINE ST., BISHOP, CA. 93514",California,Inyo,,"Bishop, CA",2025-03-20,6213,0,1,0,2,3.7490575
6,27,2,88101,2,37.360684,-118.330783,WGS84,PM2.5 - Local Conditions,24 HOUR,PM25 Annual 2024,Quarterly Means of Daily Means,R & P Model 2025 PM-2.5 Sequential Air Sampler w/VSCC - Gravimetric,2024,Micrograms/cubic meter (LC),No Events,60,98,Y,60,61,0,1,,,Certified,0,4.035,2.487448,11.5,2024-06-29 00:00,10.0,2024-07-23 00:00,9.8,2024-07-17 00:00,9.0,2024-09-15 00:00,,,,,11.5,10.0,9.8,8.3,5.2,3.5,1.6,WMRC/NCORE,"WMRC/NCORE, 3000 E. LINE ST., BISHOP, CA. 93514",California,Inyo,,"Bishop, CA",2025-03-28,6221,0,0,1,2,3.7490575
6,27,1003,88101,3,36.487823,-117.871036,WGS84,PM2.5 - Local Conditions,24-HR BLK AVG,PM25 Annual 2024,Quarterly Means of Daily Means,,2024,Micrograms/cubic meter (LC),Events Included,361,99,Y,361,366,0,0,,,Certified,0,6.233241,6.468514,64.5,2024-07-18 00:00,55.1,2024-10-18 00:00,39.6,2024-10-17 00:00,37.1,2024-07-29 00:00,,,,,37.1,25.2,15.8,10.9,6.8,4.4,2.2,Keeler,"KEELER, 190 Cerro Gordo Road",California,Inyo,Keeler,"Bishop, CA",2025-04-03,6427,0,1,0,2,5.5295369999999995
6,27,1003,88101,1,36.487823,-117.871036,WGS84,PM2.5 - Local Conditions,24 HOUR,PM25 Annual 2024,Quarterly Means of Daily Means,R & P Model 2025 PM-2.5 Sequential Air Sampler w/VSCC - Gravimetric,2024,Micrograms/cubic meter (LC),No Events,120,98,Y,120,122,0,7,,,Certified,0,4.825833,5.932923,54.7,2024-10-18 00:00,27.1,2024-06-17 00:00,26.5,2024-07-29 00:00,15.5,2024-07-17 00:00,,,,,27.1,26.5,10.4,8.3,5.2,3.5,1.7,Keeler,"KEELER, 190 Cerro Gordo Road",California,Inyo,Keeler,"Bishop, CA",2025-03-28,6401,0,0,1,2,5.5295369999999995
6,27,1023,88101,1,37.362137,-118.417478,WGS84,PM2.5 - Local Conditions,24-HR BLK AVG,PM25 Annual 2024,Quarterly Means of Daily Means,,2024,Micrograms/cubic meter (LC),Events Included,340,93,Y,340,366,0,0,,,Certification not required,0,9.702353,6.817265,31.2,2024-01-12 00:00,30.6,2024-12-16 00:00,30.4,2024-12-11 00:00,29.6,2024-12-21 00:00,,,,,29.6,27.7,25.0,21.0,12.5,7.3,3.7,Bishop Tribe EMO,50 TU SU LANE,California,Inyo,Bishop,"Bishop, CA",2025-10-16,6481,2,1,0,1,9.702353
6,29,10,88101,3,35.385574,-119.015009,WGS84,PM2.5 - Local Conditions,24-HR BLK AVG,PM25 Annual 2024,Quarterly Means of Daily Means,,2024,Micrograms/cubic meter (LC),No Events,357,98,Y,357,366,0,0,,,Requested but not yet concurred,0,13.023529,10.471991,66.5,2024-12-08 00:00,65.4,2024-12-07 00:00,65.1,2024-12-05 00:00,65.0,2024-12-06 00:00,,,,,65.0,53.9,32.2,21.1,14.7,10.5,4.5,Bakersfield-Golden / M St,"2820 M St., Bakersfield, CA 93301",California,Kern,Bakersfield,"Bakersfield, CA",2025-03-08,6577,1,1,0,1,13.023529
6,29,14,88101,1,35.356615,-119.062613,NAD83,PM2.5 - Local Conditions,24 HOUR,PM25 Annual 2024,Quarterly Means of Daily Means,R & P Model 2025 PM-2.5 Sequential Air Sampler w/VSCC - Gravimetric,2024,Micrograms/cubic meter (LC),No Events,346,95,Y,346,366,0,13,,,Certified,0,12.94422,9.868908,71.9,2024-12-07 00:00,64.8,2024-12-06 00:00,64.3,2024-12-08 00:00,62.2,2024-12-05 00:00,,,,,62.2,52.7,29.8,22.0,14.8,10.5,5.5,Bakersfield-California,"5558 California Ave., Bakersfield CA 93309",California,Kern,Bakersfield,"Bakersfield, CA",2025-03-04,6703,0,0,0,2,13.539967
6,29,14,88101,2,35.356615,-119.062613,NAD83,PM2.5 - Local Conditions,24 HOUR,PM25 Annual 2024,Quarterly Means of Daily Means,R & P Model 2025 PM-2.5 Sequential Air Sampler w/VSCC - Gravimetric,2024,Micrograms/cubic meter (LC),No Events,28,93,Y,28,30,0,2,,,Certified,0,14.135714,11.995747,64.3,2024-12-08 00:00,37.1,2024-12-20 00:00,23.2,2024-01-19 00:00,22.9,2024-02-24 00:00,,,,,64.3,64.3,37.1,23.2,15.0,11.0,5.7,Bakersfield-California,"5558 California Ave., Bakersfield CA 93309",California,Kern,Bakersfield,"Bakersfield, CA",2025-03-04,6711,0,0,1,2,13.539967
6,29,16,88101,1,35.324636,-118.997627,NAD83,PM2.5 - Local Conditions,24 HOUR,PM25 Annual 2024,Quarterly Means of Daily Means,R & P Model 2025 PM-2.5 Sequential Air Sampler w/VSCC - Gravimetric,2024,Micrograms/cubic meter (LC),No Events,119,97,Y,118,122,0,8,,,Certified,0,15.669748,10.724442,63.5,2024-12-08 00:00,63.3,2024-12-05 00:00,49.6,2024-12-02 00:00,42.8,2024-12-11 00:00,,,,,63.3,49.6,33.8,28.1,20.1,12.6,7.0,Bakersfield-Airport (Planz),"410 E. PLANZ RD. BAKERSFIELD, CA  93307",California,Kern,Bakersfield,"Bakersfield, CA",2025-03-04,6855,0,0,0,1,15.669748
6,29,18,88101,1,35.642943,-117.715066,NAD83,PM2.5 - Local Conditions,24-HR BLK AVG,PM25 Annual 2024,Quarterly Means of Daily Means,,2024,Micrograms/cubic meter (LC),No Events,359,98,Y,359,366,0,0,,,Certified,0,4.127298,4.26685,38.9,2024-07-27 00:00,32.7,2024-07-28 00:00,24.3,2024-07-30 00:00,23.0,2024-07-29 00:00,,,,,23.0,14.1,10.6,8.3,5.9,3.4,0.2,Ridgecrest-Ward,"2051 Ward, Ridgecrest CA",California,Kern,Ridgecrest,"Bakersfield, CA",2025-03-25,6881,0,1,0,1,4.127298
6,29,20,88101,3,35.04944,-118.18893,WGS84,PM2.5 - Local Conditions,24-HR BLK AVG,PM25 Annual 2024,Quarterly Means of Daily Means,,2024,Micrograms/cubic meter (LC),No Events,349,95,Y,349,366,0,0,,,Certified,0,4.219484,2.755145,19.8,2024-07-15 00:00,12.8,2024-04-19 00:00,11.8,2024-07-05 00:00,11.8,2024-07-12 00:00,,,,,11.8,10.8,9.5,7.7,5.8,3.8,1.3,Mojave-Pat Avenue,3200 Pat Avenue,California,Kern,Mojave,"Bakersfield, CA",2025-02-18,6903,0,1,0,1,4.219484
6,31,4,88101,8,36.102244,-119.56565,NAD83,PM2.5 - Local Conditions,24-HR BLK AVG,PM25 Annual 2024,Quarterly Means of Daily Means,,2024,Micrograms/cubic meter (LC),No Events,358,98,Y,358,366,0,0,,,Certified,0,10.047207,6.694329,48.0,2024-12-05 00:00,43.5,2024-12-04 00:00,40.4,2024-12-07 00:00,39.7,2024-12-06 00:00,,,,,39.7,29.2,22.4,17.7,12.2,8.6,3.8,Corcoran-Patterson,1520 PATTERSON AVE.,California,Kings,Corcoran,"Hanford-Corcoran, CA",2025-07-09,7149,0,1,0,1,10.047207
6,31,1004,88101,3,36.31567,-119.643447,NAD83,PM2.5 - Local Conditions,24-HR BLK AVG,PM25 Annual 2024,Quarterly Means of Daily Means,,2024,Micrograms/cubic meter (LC),No Events,354,97,Y,354,366,0,0,,,Certified,0,11.871469,7.914401,53.7,2024-12-05 00:00,52.2,2024-12-04 00:00,49.0,2024-12-06 00:00,47.4,2024-12-03 00:00,,,,,47.4,36.7,26.9,19.7,14.3,10.1,4.6,Hanford-Irwin,"807 SOUTH IRWIN ST., HANFORD",California,Kings,Hanford,"Hanford-Corcoran, CA",2025-07-10,7175,0,1,0,1,11.871469
6,33,3002,88101,1,39.01893,-122.91333,NAD83,PM2.5 - Local Conditions,24 HOUR,PM25 Annual 2024,Quarterly Means of Daily Means,R & P Model 2000 PM-2.5 Air Sampler w/VSCC - Gravimetric,2024,Micrograms/cubic meter (LC),No Events,61,100,Y,61,61,0,1,0.0,0.0,Certified,0,3.234426,1.732713,7.8,2024-08-10 00:00,6.9,2024-07-23 00:00,6.8,2024-07-11 00:00,6.7,2024-07-29 00:00,,,,,7.8,6.9,6.7,5.8,4.5,2.8,1.4,Lakeport-S. Main Street,"2617 S. Main Street, Lakeport, CA 95453",California,Lake,Lakeport,"Clearlake, CA",2025-01-10,7199,0,0,0,1,3.234426
6,37,1103,88101,3,34.06659,-118.22688,WGS84,PM2.5 - Local Conditions,24-HR BLK AVG,PM25 Annual 2024,Quarterly Means of Daily Means,,2024,Micrograms/cubic meter (LC),No Events,360,98,Y,360,366,0,0,,,Certified,0,13.478611,6.571116,62.3,2024-07-05 00:00,45.1,2024-12-05 00:00,44.1,2024-07-04 00:00,37.9,2024-12-23 00:00,,,,,37.9,31.4,24.3,20.1,16.2,12.6,7.0,Los Angeles-North Main Street,"1630 N MAIN ST, LOS ANGELES",California,Los Angeles,Los Angeles,"Los Angeles-Long Beach-Anaheim, CA",2025-03-26,7600,0,1,0,3,12.899358999999999
6,37,1103,88101,1,34.06659,-118.22688,WGS84,PM2.5 - Local Conditions,24 HOUR,PM25 Annual 2024,Quarterly Means of Daily Means,R & P Model 2025 PM-2.5 Sequential Air Sampler w/VSCC - Gravimetric,2024,Micrograms/cubic meter (LC),Events Included,353,96,Y,353,366,1,13,,,Certified,0,12.201133,7.456518,55.7,2024-12-05 00:00,54.9,2024-07-05 00:00,46.5,2024-12-04 00:00,46.2,2024-12-23 00:00,,,,,46.2,34.8,25.9,18.8,14.4,10.9,5.5,Los Angeles-North Main Street,"1630 N MAIN ST, LOS ANGELES",California,Los Angeles,Los Angeles,"Los Angeles-Long Beach-Anaheim, CA",2025-03-28,7581,0,0,1,3,12.899358999999999
6,37,1103,88101,2,34.06659,-118.22688,WGS84,PM2.5 - Local Conditions,24 HOUR,PM25 Annual 2024,Quarterly Means of Daily Means,R & P Model 2025 PM-2.5 Sequential Air Sampler w/VSCC - Gravimetric,2024,Micrograms/cubic meter (LC),No Events,60,98,Y,60,61,0,1,,,Certified,0,13.018333,8.276319,56.0,2024-07-05 00:00,35.7,2024-12-20 00:00,29.5,2024-10-09 00:00,23.7,2024-10-15 00:00,,,,,56.0,35.7,29.5,18.7,15.1,12.5,5.2,Los Angeles-North Main Street,"1630 N MAIN ST, LOS ANGELES",California,Los Angeles,Los Angeles,"Los Angeles-Long Beach-Anaheim, CA",2025-03-28,7591,0,0,2,3,12.899358999999999
6,37,1201,88101,1,34.19925,-118.53276,WGS84,PM2.5 - Local Conditions,24 HOUR,PM25 Annual 2024,Quarterly Means of Daily Means,R & P Model 2025 PM-2.5 Sequential Air Sampler w/VSCC - Gravimetric,2024,Micrograms/cubic meter (LC),No Events,118,97,Y,118,122,0,4,,,Certified,0,10.108475,6.761702,43.1,2024-12-05 00:00,40.5,2024-12-23 00:00,38.5,2024-07-05 00:00,29.2,2024-01-01 00:00,,,,,40.5,38.5,21.0,14.7,11.7,9.0,4.2,Reseda,"18330 GAULT ST., RESEDA",California,Los Angeles,Reseda,"Los Angeles-Long Beach-Anaheim, CA",2025-03-28,7792,0,0,0,1,10.108475
6,37,1302,88101,1,33.901389,-118.205,WGS84,PM2.5 - Local Conditions,24 HOUR,PM25 Annual 2024,Quarterly Means of Daily Means,R & P Model 2025 PM-2.5 Sequential Air Sampler w/VSCC - Gravimetric,2024,Micrograms/cubic meter (LC),No Events,340,93,Y,340,366,0,26,,,Certified,0,12.629412,7.528891,57.4,2024-12-31 00:00,46.8,2024-12-24 00:00,44.9,2024-12-05 00:00,41.1,2024-07-04 00:00,,,,,41.1,37.1,28.3,22.7,14.0,11.2,5.7,Compton,700 North Bullis Road,California,Los Angeles,Compton,"Los Angeles-Long Beach-Anaheim, CA",2025-03-28,7830,0,0,0,2,12.3328475
6,37,1302,88101,3,33.901389,-118.205,WGS84,PM2.5 - Local Conditions,24-HR BLK AVG,PM25 Annual 2024,Quarterly Means of Daily Means,,2024,Micrograms/cubic meter (LC),No Events,339,93,Y,339,366,0,0,,,Certified,0,12.036283,6.745199,45.9,2024-12-31 00:00,43.9,2024-07-04 00:00,38.3,2024-11-10 00:00,37.6,2024-12-24 00:00,,,,,37.6,33.1,24.9,20.1,14.4,10.6,5.4,Compton,700 North Bullis Road,California,Los Angeles,Compton,"Los Angeles-Long Beach-Anaheim, CA",2025-03-21,7839,0,1,1,2,12.3328475
6,37,1602,88101,1,34.01029,-118.0685,NAD83,PM2.5 - Local Conditions,24 HOUR,PM25 Annual 2024,Quarterly Means of Daily Means,R & P Model 2025 PM-2.5 Sequential Air Sampler w/VSCC - Gravimetric,2024,Micrograms/cubic meter (LC),No Events,122,100,Y,122,122,0,0,,,Certified,0,12.610656,9.081712,68.2,2024-07-05 00:00,61.7,2024-12-05 00:00,37.7,2024-12-23 00:00,34.6,2024-12-29 00:00,,,,,61.7,37.7,23.5,19.6,14.4,11.2,5.6,Pico Rivera #2,"4144 SAN GABRIEL RIVER PKWY, PICO RIVERA",California,Los Angeles,Pico Rivera,"Los Angeles-Long Beach-Anaheim, CA",2025-04-01,7877,0,0,0,1,12.610656
6,37,2005,88101,1,34.1326,-118.1272,WGS84,PM2.5 - Local Conditions,24 HOUR,PM25 Annual 2024,Quarterly Means of Daily Means,R & P Model 2025 PM-2.5 Sequential Air Sampler w/VSCC - Gravimetric,2024,Micrograms/cubic meter (LC),No Events,120,98,Y,120,122,0,2,,,Certified,0,11.820833,11.754534,117.2,2024-07-05 00:00,51.3,2024-12-05 00:00,42.4,2024-12-23 00:00,29.9,2024-12-29 00:00,,,,,51.3,42.4,23.4,16.6,13.5,10.4,4.7,Pasadena,"752 S. WILSON AVE., PASADENA",California,Los Angeles,Pasadena,"Los Angeles-Long Beach-Anaheim, CA",2025-03-28,7924,0,0,0,1,11.820833
6,37,4008,88101,3,33.859662,-118.200707,NAD83,PM2.5 - Local Conditions,24-HR BLK AVG,PM25 Annual 2024,Quarterly Means of Daily Means,,2024,Micrograms/cubic meter (LC),No Events,359,98,Y,359,366,0,0,,,Certified,0,12.64429,5.905396,40.5,2024-12-31 00:00,36.7,2024-01-01 00:00,35.7,2024-12-05 00:00,33.5,2024-11-10 00:00,,,,,33.5,27.9,23.4,20.2,15.4,11.1,6.4,Long Beach-Route 710 Near Road,5895 Long Beach Blvd.,California,Los Angeles,Long Beach,"Los Angeles-Long Beach-Anaheim, CA",2025-07-09,7962,0,1,0,2,12.060414999999999
6,37,4008,88101,1,33.859662,-118.200707,NAD83,PM2.5 - Local Conditions,24 HOUR,PM25 Annual 2024,Quarterly Means of Daily Means,R & P Model 2025 PM-2.5 Sequential Air Sampler w/VSCC - Gravimetric,2024,Micrograms/cubic meter (LC),No Events,341,93,Y,341,366,0,25,,,Certified,0,11.47654,5.774256,44.2,2024-12-05 00:00,33.5,2024-12-23 00:00,32.6,2024-11-10 00:00,30.7,2024-01-01 00:00,,,,,30.7,28.2,23.3,18.2,13.4,10.7,5.4,Long Beach-Route 710 Near Road,5895 Long Beach Blvd.,California,Los Angeles,Long Beach,"Los Angeles-Long Beach-Anaheim, CA",2025-04-01,7953,0,0,1,2,12.060414999999999
6,37,4009,88101,3,33.793713,-118.171019,NAD83,PM2.5 - Local Conditions,24-HR BLK AVG,PM25 Annual 2024,Quarterly Means of Daily Means,,2024,Micrograms/cubic meter (LC),No Events,351,96,Y,351,366,0,0,,,Certified,0,9.174359,5.487625,43.8,2024-12-31 00:00,33.2,2024-12-05 00:00,27.3,2024-11-10 00:00,25.9,2024-01-01 00:00,,,,,25.9,24.9,19.8,16.0,11.4,8.3,3.4,Signal Hill (LBSH),1710 E. 20th Street,California,Los Angeles,Signal Hill,"Los Angeles-Long Beach-Anaheim, CA",2025-03-27,8011,0,1,0,2,10.259628500000002
6,37,4009,88101,1,33.793713,-118.171019,NAD83,PM2.5 - Local Conditions,24 HOUR,PM25 Annual 2024,Quarterly Means of Daily Means,R & P Model 2000 PM-2.5 Air Sampler w/VSCC - Gravimetric,2024,Micrograms/cubic meter (LC),No Events,49,96,Y,48,50,0,4,,,Certified,0,11.344898,5.599221,29.0,2024-12-28 00:00,28.3,2024-12-20 00:00,23.5,2024-10-09 00:00,21.9,2024-12-08 00:00,,,,,29.0,29.0,23.5,21.3,12.4,10.4,6.7,Signal Hill (LBSH),1710 E. 20th Street,California,Los Angeles,Signal Hill,"Los Angeles-Long Beach-Anaheim, CA",2025-03-28,8002,0,0,1,2,10.259628500000002
6,37,9035,88101,1,34.725389,-118.178601,WGS84,PM2.5 - Local Conditions,24-HR BLK AVG,PM25 Annual 2024,Quarterly Means of Daily Means,,2024,Micrograms/cubic meter (LC),No Events,348,95,Y,348,366,0,0,,,Certified,0,4.756322,2.891175,17.0,2024-04-29 00:00,16.9,2024-07-13 00:00,14.5,2024-07-10 00:00,14.3,2024-09-14 00:00,,,,,14.3,11.8,9.8,7.9,6.5,4.6,1.2,Lancaster - Fairgrounds,"2551 W. Avenue H Lancaster, CA",California,Los Angeles,Lancaster,"Los Angeles-Long Beach-Anaheim, CA",2025-02-27,8073,0,1,0,1,4.756322
6,39,2010,88101,3,36.953256,-120.034203,WGS84,PM2.5 - Local Conditions,24-HR BLK AVG,PM25 Annual 2024,Quarterly Means of Daily Means,,2024,Micrograms/cubic meter (LC),No Events,361,99,Y,361,366,0,0,,,Certified,0,9.076177,6.252181,46.3,2024-12-07 00:00,44.2,2024-12-06 00:00,41.8,2024-12-05 00:00,38.1,2024-12-08 00:00,,,,,38.1,30.6,20.0,14.5,10.9,7.9,3.6,Madera-City,28261 Avenue 14 Madera CA 93638,California,Madera,Madera,"Madera, CA",2025-07-09,8171,0,1,0,1,9.076177
6,41,1,88101,3,37.97231,-122.520004,WGS84,PM2.5 - Local Conditions,24-HR BLK AVG,PM25 Annual 2024,Quarterly Means of Daily Means,,2024,Micrograms/cubic meter (LC),No Events,353,96,Y,353,366,0,0,,,Certification not required,0,5.04051,3.658664,27.8,2024-12-07 00:00,21.9,2024-12-11 00:00,21.2,2024-12-20 00:00,20.8,2024-12-10 00:00,,,,,20.8,14.7,11.2,9.7,6.5,4.2,1.7,San Rafael,534 4TH ST.,California,Marin,San Rafael,"San Francisco-Oakland-Hayward, CA",2025-11-06,8212,2,1,0,1,5.04051
6,45,6,88101,3,39.15047,-123.20655,WGS84,PM2.5 - Local Conditions,24-HR BLK AVG,PM25 Annual 2024,Quarterly Means of Daily Means,,2024,Micrograms/cubic meter (LC),No Events,354,97,Y,354,366,0,0,,,Certified,0,7.004802,3.64377,21.5,2024-10-22 00:00,19.6,2024-12-11 00:00,18.5,2024-12-07 00:00,18.1,2024-12-10 00:00,,,,,18.1,14.8,13.2,11.2,9.1,6.9,2.9,Ukiah-Library,"105 N MAIN ST, UKIAH, CA 95482",California,Mendocino,Ukiah,"Ukiah, CA",2025-04-02,8377,0,1,0,1,7.004802
6,45,2003,88101,3,39.39861,-123.35872,WGS84,PM2.5 - Local Conditions,24-HR BLK AVG,PM25 Annual 2024,Quarterly Means of Daily Means,,2024,Micrograms/cubic meter (LC),No Events,344,94,Y,344,366,0,0,,,Certified,0,6.824709,3.661891,26.3,2024-12-11 00:00,26.2,2024-12-10 00:00,22.0,2024-10-22 00:00,19.3,2024-10-25 00:00,,,,,19.3,17.5,13.4,10.7,8.3,6.1,3.3,Willits-Blosser Lane,"1277 Blosser Lane, Willits",California,Mendocino,Willits,"Ukiah, CA",2025-04-15,8397,0,1,0,1,6.824709
6,47,2510,88101,3,37.30832,-120.480456,NAD83,PM2.5 - Local Conditions,24-HR BLK AVG,PM25 Annual 2024,Quarterly Means of Daily Means,,2024,Micrograms/cubic meter (LC),No Events,361,99,Y,361,366,0,0,,,Certified,0,7.793075,6.791693,51.5,2024-12-07 00:00,44.1,2024-12-06 00:00,42.8,2024-12-05 00:00,38.7,2024-12-04 00:00,,,,,38.7,26.8,20.3,15.5,9.6,5.9,1.8,Merced-M St,"2334 'M' ST. MERCED, CA",California,Merced,Merced,"Merced, CA",2025-07-09,8425,0,1,0,1,7.793075
6,51,1,88101,5,37.64571,-118.96652,WGS84,PM2.5 - Local Conditions,24 HOUR,PM25 Annual 2024,Quarterly Means of Daily Means,R & P Model 2025 PM-2.5 Sequential Air Sampler w/VSCC - Gravimetric,2024,Micrograms/cubic meter (LC),No Events,118,97,Y,118,122,0,7,,,Certified,0,5.411017,3.435356,18.7,2024-01-01 00:00,16.1,2024-11-29 00:00,13.6,2024-02-12 00:00,13.5,2024-12-20 00:00,,,,,16.1,13.6,13.4,11.1,6.6,4.6,2.2,Mammoth Lakes,"MAMMOTH, Corner of Old Mammoth Road and HWY 203,  MAMMOTH LAKES",California,Mono,Mammoth Lakes,,2025-03-28,8453,0,0,0,1,5.411017
6,51,5,88101,4,37.962069,-119.120278,WGS84,PM2.5 - Local Conditions,24-HR BLK AVG,PM25 Annual 2024,Quarterly Means of Daily Means,,2024,Micrograms/cubic meter (LC),No Events,362,99,Y,362,366,0,0,,,Certified,0,2.735912,2.128382,13.2,2024-06-30 00:00,12.0,2024-06-29 00:00,10.4,2024-08-07 00:00,9.7,2024-07-19 00:00,,,,,9.7,8.9,7.0,5.8,3.4,2.1,0.8,Lee Vining,"330 Mattly Avenue, LEE VINING, 93541",California,Mono,,,2025-03-20,8475,0,1,0,1,2.735912
6,53,2,88101,3,36.48187,-121.73333,NAD83,PM2.5 - Local Conditions,24-HR BLK AVG,PM25 Annual 2024,Quarterly Means of Daily Means,,2024,Micrograms/cubic meter (LC),No Events,361,99,Y,361,366,0,0,,,Certified,0,4.990582,1.917122,13.5,2024-11-08 00:00,10.7,2024-08-10 00:00,10.5,2024-05-23 00:00,10.0,2024-06-06 00:00,,,,,10.0,9.2,8.2,7.4,6.2,4.9,2.3,Carmel Valley,35 Ford Road,California,Monterey,Carmel Valley Village,"Salinas, CA",2025-02-12,8547,0,1,0,1,4.990582
6,53,8,88101,3,36.209286,-121.126371,NAD83,PM2.5 - Local Conditions,24-HR BLK AVG,PM25 Annual 2024,Quarterly Means of Daily Means,,2024,Micrograms/cubic meter (LC),No Events,361,99,Y,361,366,0,0,,,Certified,0,5.368421,3.003396,18.2,2024-06-06 00:00,15.0,2024-07-05 00:00,14.3,2024-05-21 00:00,13.7,2024-05-31 00:00,,,,,13.7,11.8,10.7,9.7,7.1,5.1,1.8,King City 2,415 Pearl Street,California,Monterey,King City,"Salinas, CA",2025-02-12,8566,0,1,0,1,5.368421
6,53,1003,88101,3,36.694261,-121.623271,NAD83,PM2.5 - Local Conditions,24-HR BLK AVG,PM25 Annual 2024,Quarterly Means of Daily Means,,2024,Micrograms/cubic meter (LC),No Events,359,98,Y,359,366,0,0,,,Certified,0,5.825348,2.986599,16.8,2024-06-06 00:00,16.5,2024-07-04 00:00,14.6,2024-05-23 00:00,14.3,2024-05-21 00:00,,,,,14.3,13.7,11.6,10.1,7.4,5.2,2.6,Salinas 3,867 E. LAUREL Dr,California,Monterey,Salinas,"Salinas, CA",2025-02-12,8598,0,1,0,2,5.994641
6,53,1003,88101,2,36.694261,-121.623271,NAD83,PM2.5 - Local Conditions,24 HOUR,PM25 Annual 2024,Quarterly Means of Daily Means,R & P Model 2000 PM-2.5 Air Sampler w/VSCC - Gravimetric,2024,Micrograms/cubic meter (LC),No Events,61,100,Y,61,61,0,0,,,Certified,0,6.163934,3.585574,17.3,2024-06-06 00:00,16.4,2024-12-08 00:00,15.1,2024-10-03 00:00,14.1,2024-05-30 00:00,,,,,17.3,16.4,14.1,11.1,7.6,5.2,3.1,Salinas 3,867 E. LAUREL Dr,California,Monterey,Salinas,"Salinas, CA",2025-03-04,8589,0,0,1,2,5.994641
6,57,5,88101,3,39.233477,-121.055608,NAD83,PM2.5 - Local Conditions,24-HR BLK AVG,PM25 Annual 2024,Quarterly Means of Daily Means,,2024,Micrograms/cubic meter (LC),No Events,341,93,Y,341,366,0,0,,,Certified,0,4.117009,2.866819,23.9,2024-07-31 00:00,23.6,2024-08-09 00:00,20.5,2024-08-08 00:00,15.8,2024-08-01 00:00,,,,,15.8,11.2,8.5,7.2,5.2,3.5,1.4,Grass Valley-Litton Building,"200 LITTON DR.,  GRASS VALLEY, CA",California,Nevada,Grass Valley,"Truckee-Grass Valley, CA",2025-03-17,8611,0,1,0,1,4.117009
6,59,7,88101,1,33.83062,-117.93845,WGS84,PM2.5 - Local Conditions,24 HOUR,PM25 Annual 2024,Quarterly Means of Daily Means,R & P Model 2025 PM-2.5 Sequential Air Sampler w/VSCC - Gravimetric,2024,Micrograms/cubic meter (LC),No Events,360,98,Y,360,366,0,6,,,Certified,0,10.512222,6.179665,49.7,2024-12-31 00:00,48.0,2024-12-05 00:00,45.5,2024-12-29 00:00,35.7,2024-07-04 00:00,,,,,35.7,28.8,21.4,16.0,12.2,9.5,4.9,Anaheim,1630 W. PAMPAS LANE,California,Orange,Anaheim,"Los Angeles-Long Beach-Anaheim, CA",2025-03-28,8672,0,0,0,2,10.757241
6,59,7,88101,3,33.83062,-117.93845,WGS84,PM2.5 - Local Conditions,24-HR BLK AVG,PM25 Annual 2024,Quarterly Means of Daily Means,,2024,Micrograms/cubic meter (LC),No Events,354,97,Y,354,366,0,0,,,Certified,0,11.00226,5.60588,42.4,2024-12-31 00:00,40.2,2024-12-05 00:00,40.0,2024-12-29 00:00,37.6,2024-07-04 00:00,,,,,37.6,26.5,20.5,16.6,13.3,9.9,5.4,Anaheim,1630 W. PAMPAS LANE,California,Orange,Anaheim,"Los Angeles-Long Beach-Anaheim, CA",2025-03-20,8681,0,1,1,2,10.757241
6,61,3,88101,1,38.93568,-121.09959,NAD83,PM2.5 - Local Conditions,24-HR BLK AVG,PM25 Annual 2024,Quarterly Means of Daily Means,,2024,Micrograms/cubic meter (LC),No Events,345,94,Y,345,366,0,0,,,Certified,0,5.138551,2.766114,16.3,2024-08-09 00:00,13.8,2024-11-30 00:00,13.1,2024-07-08 00:00,12.5,2024-11-10 00:00,,,,,12.5,12.2,10.1,8.7,6.8,4.8,1.8,Auburn-Atwood,"11645 Atwood Street, Auburn",California,Placer,Auburn,"Sacramento--Roseville--Arden-Arcade, CA",2025-01-16,8768,0,1,0,1,5.138551
6,61,6,88101,3,38.74643,-121.26498,NAD83,PM2.5 - Local Conditions,24-HR BLK AVG,PM25 Annual 2024,Quarterly Means of Daily Means,,2024,Micrograms/cubic meter (LC),No Events,360,98,Y,360,366,0,0,,,Certified,0,6.882222,3.827414,26.2,2024-12-01 00:00,25.5,2024-07-04 00:00,24.1,2024-12-11 00:00,21.0,2024-12-10 00:00,,,,,21.0,19.0,13.8,11.3,8.5,6.2,3.0,Roseville-N Sunrise Ave," 151 NO SUNRISE BLVD, ROSEVILLE, CA",California,Placer,Roseville,"Sacramento--Roseville--Arden-Arcade, CA",2025-01-23,8853,0,1,0,1,6.882222
6,63,1010,88101,4,39.81336,-120.47069,WGS84,PM2.5 - Local Conditions,24-HR BLK AVG,PM25 Annual 2024,Quarterly Means of Daily Means,,2024,Micrograms/cubic meter (LC),No Events,358,98,Y,358,366,0,0,,,Certified,0,11.341341,9.3346,42.1,2024-12-20 00:00,38.1,2024-01-15 00:00,37.5,2024-01-01 00:00,37.2,2024-12-08 00:00,,,,,37.2,35.0,30.8,26.4,17.3,7.6,2.8,Portola,"420 Gulling Street, Portola, CA 96122",California,Plumas,Portola,,2025-03-17,8885,0,1,0,1,11.341341
6,65,9,88101,1,33.447867,-117.088649,WGS84,PM2.5 - Local Conditions,24-HR BLK AVG,PM25 Annual 2024,Quarterly Means of Daily Means,,2024,Micrograms/cubic meter (LC),No Events,347,95,Y,347,366,0,0,,,Certification not required,0,5.340922,2.92209,14.7,2024-09-07 00:00,14.0,2024-09-06 00:00,13.1,2024-06-17 00:00,13.0,2024-09-09 00:00,,,,,13.0,11.7,10.1,9.2,7.4,5.2,1.4,Pechanga,"12705 Pechanga Rd., Temecula, CA 92592",California,Riverside,,"Riverside-San Bernardino-Ontario, CA",2025-10-10,8948,2,1,0,2,5.72292
6,65,9,88101,2,33.447867,-117.088649,WGS84,PM2.5 - Local Conditions,24 HOUR,PM25 Annual 2024,Quarterly Means of Daily Means,R & P Model 2000 PM-2.5 Air Sampler w/VSCC - Gravimetric,2024,Micrograms/cubic meter (LC),No Events,61,100,Y,61,61,0,3,,,Certification not required,0,6.104918,2.726501,13.9,2024-09-09 00:00,13.3,2024-06-17 00:00,10.7,2024-07-05 00:00,10.3,2024-09-03 00:00,,,,,13.9,13.3,10.3,10.0,7.5,5.5,3.2,Pechanga,"12705 Pechanga Rd., Temecula, CA 92592",California,Riverside,,"Riverside-San Bernardino-Ontario, CA",2025-10-16,8956,2,0,1,2,5.72292
6,65,1016,88101,1,33.944713,-116.830074,NAD83,PM2.5 - Local Conditions,24-HR BLK AVG,PM25 Annual 2024,Quarterly Means of Daily Means,,2024,Micrograms/cubic meter (LC),No Events,353,96,Y,353,366,0,0,,,Certified,0,6.73966,4.80348,26.9,2024-09-09 00:00,23.8,2024-07-09 00:00,22.4,2024-01-17 00:00,21.8,2024-09-10 00:00,,,,,21.8,17.7,15.0,13.4,9.4,6.2,1.4,Morongo Air Monitoring Station,"12160 Santiago Rd. Banning, CA 92220",California,Riverside,Banning,"Riverside-San Bernardino-Ontario, CA",2025-03-08,9042,0,1,0,2,6.865861499999999
6,65,1016,88101,2,33.944713,-116.830074,NAD83,PM2.5 - Local Conditions,24 HOUR,PM25 Annual 2024,Quarterly Means of Daily Means,R & P Model 2000 PM-2.5 Air Sampler w/VSCC - Gravimetric,2024,Micrograms/cubic meter (LC),No Events,63,100,Y,61,61,0,4,,,Certified,0,6.992063,4.705087,25.5,2024-09-09 00:00,17.6,2024-06-17 00:00,16.4,2024-07-11 00:00,15.1,2024-10-15 00:00,,,,,25.5,17.6,15.1,11.8,10.0,6.1,2.2,Morongo Air Monitoring Station,"12160 Santiago Rd. Banning, CA 92220",California,Riverside,Banning,"Riverside-San Bernardino-Ontario, CA",2025-01-21,9050,0,0,1,2,6.865861499999999
6,65,2007,88101,3,33.72537,-116.206842,WGS84,PM2.5 - Local Conditions,24-HR BLK AVG,PM25 Annual 2024,Quarterly Means of Daily Means,,2024,Micrograms/cubic meter (LC),No Events,349,95,Y,349,366,0,0,,,Certified,0,9.26361,4.708664,33.5,2024-05-18 00:00,26.6,2024-05-17 00:00,25.3,2024-04-24 00:00,23.7,2024-06-17 00:00,,,,,23.7,22.2,18.0,14.7,11.4,8.5,4.0,Indio Amistad High School,"44801 Golf Center Parkway, Indio CA, 92201",California,Riverside,Indio,"Riverside-San Bernardino-Ontario, CA",2025-03-27,9098,0,1,0,1,9.26361
6,65,5001,88101,1,33.85275,-116.54101,WGS84,PM2.5 - Local Conditions,24 HOUR,PM25 Annual 2024,Quarterly Means of Daily Means,R & P Model 2025 PM-2.5 Sequential Air Sampler w/VSCC - Gravimetric,2024,Micrograms/cubic meter (LC),No Events,120,98,Y,120,122,0,2,,,Certified,0,6.804167,4.469531,36.0,2024-07-08 00:00,20.7,2024-05-18 00:00,16.8,2024-09-30 00:00,16.5,2024-06-17 00:00,,,,,20.7,16.8,13.1,11.4,9.1,6.1,2.5,Palm Springs,"FS-590 RACQUET CLUB AVE, PALM SPRINGS",California,Riverside,Palm Springs,"Riverside-San Bernardino-Ontario, CA",2025-03-28,9134,0,0,0,1,6.804167
6,65,8001,88101,3,33.99958,-117.41601,WGS84,PM2.5 - Local Conditions,24-HR BLK AVG,PM25 Annual 2024,Quarterly Means of Daily Means,,2024,Micrograms/cubic meter (LC),No Events,359,98,Y,359,366,0,0,,,Certified,0,12.510585,7.680346,56.2,2024-07-05 00:00,55.5,2024-09-09 00:00,53.4,2024-12-05 00:00,44.7,2024-09-08 00:00,,,,,44.7,35.2,25.1,19.9,15.4,11.7,4.3,Rubidoux,"5888 MISSION BLVD., RUBIDOUX",California,Riverside,Rubidoux,"Riverside-San Bernardino-Ontario, CA",2025-03-20,9487,0,1,0,2,12.213240500000001
6,65,8001,88101,1,33.99958,-117.41601,WGS84,PM2.5 - Local Conditions,24 HOUR,PM25 Annual 2024,Quarterly Means of Daily Means,R & P Model 2025 PM-2.5 Sequential Air Sampler w/VSCC - Gravimetric,2024,Micrograms/cubic meter (LC),No Events,346,95,Y,346,366,0,20,,,Certified,0,11.915896,7.360664,63.5,2024-12-05 00:00,54.7,2024-07-05 00:00,52.9,2024-09-09 00:00,44.3,2024-12-04 00:00,,,,,44.3,32.3,23.5,18.5,14.2,11.0,4.6,Rubidoux,"5888 MISSION BLVD., RUBIDOUX",California,Riverside,Rubidoux,"Riverside-San Bernardino-Ontario, CA",2025-04-24,9470,0,0,1,2,12.213240500000001
6,65,8005,88101,3,33.99636,-117.4924,NAD83,PM2.5 - Local Conditions,24-HR BLK AVG,PM25 Annual 2024,Quarterly Means of Daily Means,,2024,Micrograms/cubic meter (LC),No Events,361,99,Y,361,366,0,0,,,Certified,0,14.130471,8.569822,60.8,2024-09-09 00:00,59.8,2024-07-05 00:00,57.9,2024-12-05 00:00,51.9,2024-12-22 00:00,,,,,51.9,42.3,28.4,21.9,16.9,13.3,5.3,Mira Loma (Van Buren),5130 POINSETTIA PLACE,California,Riverside,Mira Loma,"Riverside-San Bernardino-Ontario, CA",2025-03-27,9729,0,1,0,3,14.339096666666668
6,65,8005,88101,1,33.99636,-117.4924,NAD83,PM2.5 - Local Conditions,24 HOUR,PM25 Annual 2024,Quarterly Means of Daily Means,R & P Model 2025 PM-2.5 Sequential Air Sampler w/VSCC - Gravimetric,2024,Micrograms/cubic meter (LC),No Events,349,95,Y,349,366,0,17,,,Certified,0,14.086819,9.050617,62.7,2024-12-05 00:00,55.7,2024-07-05 00:00,55.6,2024-12-22 00:00,54.7,2024-09-09 00:00,,,,,54.7,46.3,33.1,23.3,16.0,12.3,5.5,Mira Loma (Van Buren),5130 POINSETTIA PLACE,California,Riverside,Mira Loma,"Riverside-San Bernardino-Ontario, CA",2025-03-28,9712,0,0,1,3,14.339096666666668
6,65,8005,88101,2,33.99636,-117.4924,NAD83,PM2.5 - Local Conditions,24 HOUR,PM25 Annual 2024,Quarterly Means of Daily Means,R & P Model 2025 PM-2.5 Sequential Air Sampler w/VSCC - Gravimetric,2024,Micrograms/cubic meter (LC),No Events,60,98,Y,60,61,0,2,,,Certified,0,14.8,9.282205,54.8,2024-07-05 00:00,53.5,2024-09-09 00:00,30.5,2024-12-02 00:00,24.1,2024-01-13 00:00,,,,,54.8,53.5,30.5,23.5,17.0,12.8,6.5,Mira Loma (Van Buren),5130 POINSETTIA PLACE,California,Riverside,Mira Loma,"Riverside-San Bernardino-Ontario, CA",2025-03-28,9720,0,0,2,3,14.339096666666668
6,67,6,88101,1,38.613779,-121.368014,WGS84,PM2.5 - Local Conditions,24 HOUR,PM25 Annual 2024,Quarterly Means of Daily Means,R & P Model 2025 PM-2.5 Sequential Air Sampler w/VSCC - Gravimetric,2024,Micrograms/cubic meter (LC),No Events,354,97,Y,354,366,0,12,,,Certified,0,7.267232,5.052097,29.0,2024-11-10 00:00,28.8,2024-11-29 00:00,27.9,2024-12-04 00:00,27.7,2024-12-11 00:00,,,,,27.7,26.8,17.1,11.7,8.5,6.0,2.9,Sacramento-Del Paso Manor,"DEL PASO-2701 AVALON DR, SACRAMENTO",California,Sacramento,Arden-Arcade,"Sacramento--Roseville--Arden-Arcade, CA",2025-04-04,9847,0,0,0,2,7.8352825
6,67,6,88101,2,38.613779,-121.368014,WGS84,PM2.5 - Local Conditions,24 HOUR,PM25 Annual 2024,Quarterly Means of Daily Means,R & P Model 2025 PM-2.5 Sequential Air Sampler w/VSCC - Gravimetric,2024,Micrograms/cubic meter (LC),No Events,30,93,Y,28,30,0,3,,,Certified,0,8.403333,4.414747,21.8,2024-02-12 00:00,17.8,2024-01-19 00:00,17.0,2024-12-08 00:00,12.7,2024-12-20 00:00,,,,,21.8,21.8,17.8,17.0,10.5,7.3,4.8,Sacramento-Del Paso Manor,"DEL PASO-2701 AVALON DR, SACRAMENTO",California,Sacramento,Arden-Arcade,"Sacramento--Roseville--Arden-Arcade, CA",2025-03-04,9855,0,0,1,2,7.8352825
6,67,10,88101,3,38.56844,-121.49311,NAD83,PM2.5 - Local Conditions,24-HR BLK AVG,PM25 Annual 2024,Quarterly Means of Daily Means,,2024,Micrograms/cubic meter (LC),No Events,355,97,Y,355,366,0,0,,,Certified,0,6.949577,4.994344,35.6,2024-12-07 00:00,28.7,2024-12-11 00:00,27.7,2024-12-06 00:00,25.9,2024-12-04 00:00,,,,,25.9,24.1,16.1,12.5,8.8,5.8,2.5,Sacramento-1309 T Street,"1309 T ST., SACRAMENTO, CA. 95814",California,Sacramento,Sacramento,"Sacramento--Roseville--Arden-Arcade, CA",2025-03-08,9965,0,1,0,2,6.718121999999999
6,67,10,88101,2,38.56844,-121.49311,NAD83,PM2.5 - Local Conditions,24 HOUR,PM25 Annual 2024,Quarterly Means of Daily Means,R & P Model 2000 PM-2.5 Air Sampler w/VSCC - Gravimetric,2024,Micrograms/cubic meter (LC),No Events,30,93,Y,28,30,0,2,,,Certified,0,6.486667,4.002735,17.9,2024-12-08 00:00,15.3,2024-02-12 00:00,12.5,2024-06-11 00:00,12.5,2024-12-20 00:00,,,,,17.9,17.9,15.3,12.5,8.3,5.7,3.1,Sacramento-1309 T Street,"1309 T ST., SACRAMENTO, CA. 95814",California,Sacramento,Sacramento,"Sacramento--Roseville--Arden-Arcade, CA",2025-03-04,9956,0,0,1,2,6.718121999999999
6,67,12,88101,3,38.683304,-121.164457,WGS84,PM2.5 - Local Conditions,24-HR BLK AVG,PM25 Annual 2024,Quarterly Means of Daily Means,,2024,Micrograms/cubic meter (LC),No Events,352,96,Y,352,366,0,0,,,Certified,0,5.949432,3.245738,20.9,2024-12-01 00:00,18.4,2024-12-10 00:00,18.0,2024-11-30 00:00,17.5,2024-07-04 00:00,,,,,17.5,15.5,12.0,10.3,7.6,5.4,2.6,Folsom-Natoma St.,"50 NATOMA STREET, FOLSOM",California,Sacramento,Folsom,"Sacramento--Roseville--Arden-Arcade, CA",2025-03-25,10057,0,1,0,2,5.84633
6,67,12,88101,4,38.683304,-121.164457,WGS84,PM2.5 - Local Conditions,24-HR BLK AVG,PM25 Annual 2024,Quarterly Means of Daily Means,,2024,Micrograms/cubic meter (LC),No Events,347,95,Y,347,366,0,0,,,Certified,0,5.743228,3.40791,22.0,2024-12-01 00:00,18.5,2024-11-30 00:00,18.3,2024-12-10 00:00,17.0,2024-12-02 00:00,,,,,17.0,15.7,12.2,10.0,7.5,5.1,2.0,Folsom-Natoma St.,"50 NATOMA STREET, FOLSOM",California,Sacramento,Folsom,"Sacramento--Roseville--Arden-Arcade, CA",2025-03-25,10066,0,1,1,2,5.84633
6,67,15,88101,3,38.593322,-121.503795,WGS84,PM2.5 - Local Conditions,24-HR BLK AVG,PM25 Annual 2024,Quarterly Means of Daily Means,,2024,Micrograms/cubic meter (LC),No Events,359,98,Y,359,366,0,0,,,Certified,0,7.794986,4.579439,35.0,2024-12-07 00:00,27.0,2024-12-02 00:00,26.7,2024-12-03 00:00,26.6,2024-12-04 00:00,,,,,26.6,22.7,15.5,13.0,9.8,6.9,3.2,Sacramento-Bercut Drive,"100 Bercut Drive, Sacramento",California,Sacramento,Sacramento,"Sacramento--Roseville--Arden-Arcade, CA",2025-03-25,10086,0,1,0,1,7.794986
6,67,5003,88101,3,38.494475,-121.211131,WGS84,PM2.5 - Local Conditions,24-HR BLK AVG,PM25 Annual 2024,Quarterly Means of Daily Means,,2024,Micrograms/cubic meter (LC),No Events,361,99,Y,361,366,0,0,,,Certified,0,4.715235,3.297628,19.7,2024-12-07 00:00,17.0,2024-11-30 00:00,16.7,2024-12-01 00:00,16.4,2024-12-11 00:00,,,,,16.4,14.2,11.3,8.8,6.3,4.2,1.3,Sloughhouse,"7250 SLOUGHHOUSE ROAD, SLOUGHHOUSE",California,Sacramento,,"Sacramento--Roseville--Arden-Arcade, CA",2025-03-25,10104,0,1,0,1,4.715235
6,69,2,88101,3,36.843425,-121.3621,NAD83,PM2.5 - Local Conditions,24-HR BLK AVG,PM25 Annual 2024,Quarterly Means of Daily Means,,2024,Micrograms/cubic meter (LC),No Events,361,99,Y,361,366,0,0,,,Certified,0,7.165928,2.900149,19.7,2024-07-04 00:00,18.5,2024-06-06 00:00,17.9,2024-07-05 00:00,15.0,2024-07-25 00:00,,,,,15.0,14.0,12.3,10.8,8.9,7.0,3.9,Hollister,1979 Fairview Rd,California,San Benito,Hollister,"San Jose-Sunnyvale-Santa Clara, CA",2025-02-12,10123,0,1,0,1,7.165928
6,71,27,88101,3,34.030833,-117.61722,WGS84,PM2.5 - Local Conditions,24-HR BLK AVG,PM25 Annual 2024,Quarterly Means of Daily Means,,2024,Micrograms/cubic meter (LC),No Events,357,98,Y,357,366,0,0,,,Certified,0,15.00084,9.862508,132.6,2024-07-05 00:00,59.6,2024-12-05 00:00,51.3,2024-09-09 00:00,50.2,2024-12-22 00:00,,,,,50.2,38.3,28.3,23.4,18.2,13.9,6.5,Ontario-Route 60 Near Road,2330 S. Castle Harbour,California,San Bernardino,Ontario,"Riverside-San Bernardino-Ontario, CA",2025-07-09,10281,0,1,0,2,14.645303
6,71,27,88101,1,34.030833,-117.61722,WGS84,PM2.5 - Local Conditions,24 HOUR,PM25 Annual 2024,Quarterly Means of Daily Means,R & P Model 2025 PM-2.5 Sequential Air Sampler w/VSCC - Gravimetric,2024,Micrograms/cubic meter (LC),No Events,342,93,Y,342,366,0,24,,,Certified,0,14.289766,10.100544,127.6,2024-07-05 00:00,64.0,2024-12-05 00:00,51.4,2024-12-22 00:00,45.4,2024-12-29 00:00,,,,,45.4,41.6,31.1,22.3,16.0,12.5,6.7,Ontario-Route 60 Near Road,2330 S. Castle Harbour,California,San Bernardino,Ontario,"Riverside-San Bernardino-Ontario, CA",2025-03-28,10272,0,0,1,2,14.645303
6,71,306,88101,1,34.510961,-117.32554,NAD83,PM2.5 - Local Conditions,24-HR BLK AVG,PM25 Annual 2024,Quarterly Means of Daily Means,,2024,Micrograms/cubic meter (LC),No Events,359,98,Y,359,366,0,0,,,Certified,0,9.062117,3.833761,40.7,2024-09-08 00:00,24.1,2024-09-09 00:00,22.0,2024-09-07 00:00,20.9,2024-09-13 00:00,,,,,20.9,18.8,15.3,12.9,11.0,8.7,4.7,Victorville-Park Avenue,"14306 PARK AVE., VICTORVILLE, CA",California,San Bernardino,Victorville,"Riverside-San Bernardino-Ontario, CA",2025-03-11,10304,0,1,0,2,8.994784
6,71,306,88101,2,34.510961,-117.32554,NAD83,PM2.5 - Local Conditions,24-HR BLK AVG,PM25 Annual 2024,Quarterly Means of Daily Means,,2024,Micrograms/cubic meter (LC),No Events,357,98,Y,357,366,0,0,,,Certified,0,8.927451,4.061788,39.0,2024-09-08 00:00,22.1,2024-09-09 00:00,21.5,2024-09-07 00:00,21.4,2024-07-09 00:00,,,,,21.4,19.5,16.0,13.5,11.1,8.3,4.0,Victorville-Park Avenue,"14306 PARK AVE., VICTORVILLE, CA",California,San Bernardino,Victorville,"Riverside-San Bernardino-Ontario, CA",2025-03-11,10313,0,1,1,2,8.994784
6,71,2002,88101,1,34.10002,-117.49201,WGS84,PM2.5 - Local Conditions,24 HOUR,PM25 Annual 2024,Quarterly Means of Daily Means,R & P Model 2025 PM-2.5 Sequential Air Sampler w/VSCC - Gravimetric,2024,Micrograms/cubic meter (LC),No Events,121,99,Y,121,122,0,1,,,Certified,0,13.599174,10.357352,83.4,2024-07-05 00:00,59.0,2024-12-05 00:00,52.0,2024-09-09 00:00,39.5,2024-12-23 00:00,,,,,59.0,52.0,24.7,20.0,15.3,12.2,5.4,Fontana,"14360 ARROW BLVD., FONTANA",California,San Bernardino,Fontana,"Riverside-San Bernardino-Ontario, CA",2025-03-28,10384,0,0,0,1,13.599174
6,71,8001,88101,3,34.26464,-116.86147,NAD83,PM2.5 - Local Conditions,24-HR BLK AVG,PM25 Annual 2024,Quarterly Means of Daily Means,,2024,Micrograms/cubic meter (LC),No Events,321,88,Y,321,366,0,0,,,Certified,0,7.948287,22.937629,372.1,2024-09-11 00:00,94.8,2024-09-14 00:00,86.2,2024-09-10 00:00,85.9,2024-09-09 00:00,,,,,85.9,45.4,15.3,11.5,6.8,4.5,1.8,Big Bear,"501 W. VALLEY BLVD., BIG BEAR CITY,",California,San Bernardino,Big Bear City,"Riverside-San Bernardino-Ontario, CA",2025-04-01,10482,0,1,0,2,7.641385
6,71,8001,88101,1,34.26464,-116.86147,NAD83,PM2.5 - Local Conditions,24 HOUR,PM25 Annual 2024,Quarterly Means of Daily Means,R & P Model 2000 PM-2.5 Air Sampler w/VSCC - Gravimetric,2024,Micrograms/cubic meter (LC),No Events,29,97,Y,29,30,0,2,,,Certified,0,7.334483,11.847371,67.3,2024-09-15 00:00,12.7,2024-02-24 00:00,11.0,2024-12-20 00:00,9.0,2024-02-12 00:00,,,,,67.3,67.3,12.7,11.0,6.7,5.1,2.2,Big Bear,"501 W. VALLEY BLVD., BIG BEAR CITY,",California,San Bernardino,Big Bear City,"Riverside-San Bernardino-Ontario, CA",2025-09-11,10473,0,0,1,2,7.641385
6,71,9004,88101,1,34.106678,-117.274063,NAD83,PM2.5 - Local Conditions,24 HOUR,PM25 Annual 2024,Quarterly Means of Daily Means,R & P Model 2025 PM-2.5 Sequential Air Sampler w/VSCC - Gravimetric,2024,Micrograms/cubic meter (LC),No Events,113,93,Y,113,122,0,10,,,Certified,0,13.242478,9.331301,66.7,2024-09-09 00:00,48.8,2024-07-05 00:00,43.2,2024-12-29 00:00,42.7,2024-12-23 00:00,,,,,48.8,43.2,34.3,20.1,15.0,11.4,5.0,San Bernardino,"24302 4TH ST., SAN BERNARDINO, CA.",California,San Bernardino,San Bernardino,"Riverside-San Bernardino-Ontario, CA",2025-03-28,10584,0,0,0,1,13.242478
6,73,1,88101,3,32.631242,-117.059088,NAD83,PM2.5 - Local Conditions,24-HR BLK AVG,PM25 Annual 2024,Quarterly Means of Daily Means,,2024,Micrograms/cubic meter (LC),No Events,358,98,Y,358,366,0,0,,,Certified,0,9.909497,4.038973,28.8,2024-12-06 00:00,24.4,2024-12-05 00:00,23.9,2024-12-09 00:00,22.1,2024-12-21 00:00,,,,,22.1,19.6,17.0,15.2,12.3,9.5,5.2,Chula Vista,"84 E. 'J' ST., CHULA VISTA",California,San Diego,Chula Vista,"San Diego-Carlsbad, CA",2025-03-27,10710,0,1,0,1,9.909497
6,73,77,88101,3,32.6509,-116.365,WGS84,PM2.5 - Local Conditions,24-HR BLK AVG,PM25 Annual 2024,Quarterly Means of Daily Means,,2024,Micrograms/cubic meter (LC),Events Included,366,100,Y,366,366,0,0,,,Certification not required,0,6.03388,3.241537,19.9,2024-07-09 00:00,19.2,2024-09-10 00:00,15.8,2024-06-02 00:00,15.5,2024-07-12 00:00,,,,,15.5,13.8,11.4,9.9,7.9,6.2,1.9,Campo Indian Reservation,"Campo Kumeyaay Nation, 36190 Church Rd, Ste 4, Campo, CA 91906",California,San Diego,Campo,"San Diego-Carlsbad, CA",2025-09-19,10720,2,1,0,1,6.03388
6,73,1006,88101,3,32.842318,-116.768293,NAD83,PM2.5 - Local Conditions,24-HR BLK AVG,PM25 Annual 2024,Quarterly Means of Daily Means,,2024,Micrograms/cubic meter (LC),No Events,347,95,Y,347,366,0,0,,,Certified,0,6.714986,3.390552,18.6,2024-07-10 00:00,16.0,2024-07-09 00:00,15.6,2024-05-03 00:00,15.4,2024-06-02 00:00,,,,,15.4,15.0,12.9,11.3,9.3,6.2,2.6,Alpine,"2300 VICTORIA DR., ALPINE",California,San Diego,Alpine,"San Diego-Carlsbad, CA",2025-03-27,10748,0,1,0,1,6.714986
6,73,1008,88101,3,33.217046,-117.396249,WGS84,PM2.5 - Local Conditions,24-HR BLK AVG,PM25 Annual 2024,Quarterly Means of Daily Means,,2024,Micrograms/cubic meter (LC),No Events,338,92,Y,338,366,0,0,,,Certified,0,7.623964,3.092019,25.8,2024-12-06 00:00,25.4,2024-12-05 00:00,20.8,2024-01-17 00:00,19.1,2024-01-16 00:00,,,,,19.1,16.8,12.0,10.9,9.2,7.1,4.2,Camp Pendleton,21441-W B STREET,California,San Diego,Camp Pendleton South,"San Diego-Carlsbad, CA",2025-03-27,10775,0,1,0,1,7.623964
6,73,1014,88101,3,32.578165,-116.921374,WGS84,PM2.5 - Local Conditions,24-HR BLK AVG,PM25 Annual 2024,Quarterly Means of Daily Means,,2024,Micrograms/cubic meter (LC),No Events,342,93,Y,342,366,0,0,,,Certified,0,13.617544,6.536111,41.0,2024-12-05 00:00,36.7,2024-12-09 00:00,32.2,2024-10-25 00:00,32.0,2024-09-07 00:00,,,,,32.0,28.6,25.6,22.6,17.2,13.0,5.7,Donovan,"480 ALTA RD, OTAY MESA, CA",California,San Diego,Otay Mesa,"San Diego-Carlsbad, CA",2025-03-27,10905,0,1,0,1,13.617544
6,73,1016,88101,4,32.845709,-117.123964,NAD83,PM2.5 - Local Conditions,24-HR BLK AVG,PM25 Annual 2024,Quarterly Means of Daily Means,,2024,Micrograms/cubic meter (LC),No Events,366,100,Y,366,366,0,0,,,Certified,0,7.734973,3.423157,21.2,2024-01-16 00:00,18.5,2024-12-04 00:00,18.3,2024-06-16 00:00,18.1,2024-09-07 00:00,,,,,18.1,16.5,14.3,12.2,9.8,7.3,3.8,San Diego - Kearny Villa Rd.,"6125A KEARNY VILLA RD., SAN DIEGO",California,San Diego,San Diego,"San Diego-Carlsbad, CA",2025-03-27,10934,0,1,0,2,7.9128035
6,73,1016,88101,3,32.845709,-117.123964,NAD83,PM2.5 - Local Conditions,24-HR BLK AVG,PM25 Annual 2024,Quarterly Means of Daily Means,,2024,Micrograms/cubic meter (LC),No Events,363,99,Y,363,366,0,0,,,Certified,0,8.090634,3.596003,21.1,2024-12-04 00:00,20.3,2024-12-09 00:00,20.2,2024-12-05 00:00,20.0,2024-01-16 00:00,,,,,20.0,18.1,14.4,12.9,10.2,7.6,4.0,San Diego - Kearny Villa Rd.,"6125A KEARNY VILLA RD., SAN DIEGO",California,San Diego,San Diego,"San Diego-Carlsbad, CA",2025-03-27,10925,0,1,1,2,7.9128035
6,73,1017,88101,3,32.985428,-117.082198,WGS84,PM2.5 - Local Conditions,24-HR BLK AVG,PM25 Annual 2024,Quarterly Means of Daily Means,,2024,Micrograms/cubic meter (LC),No Events,365,100,Y,365,366,0,0,,,Certified,0,7.73726,3.253769,21.4,2024-12-05 00:00,19.7,2024-06-16 00:00,18.2,2024-09-07 00:00,18.1,2024-01-16 00:00,,,,,18.1,16.2,13.6,12.0,9.7,7.5,3.9,San Diego -Rancho Carmel Drive,11403 Rancho Carmel Drive,California,San Diego,San Diego,"San Diego-Carlsbad, CA",2025-03-27,10951,0,1,0,1,7.73726
6,73,1022,88101,3,32.789565,-116.944308,NAD83,PM2.5 - Local Conditions,24-HR BLK AVG,PM25 Annual 2024,Quarterly Means of Daily Means,,2024,Micrograms/cubic meter (LC),No Events,363,99,Y,363,366,0,0,,,Certified,0,9.192011,3.839511,26.2,2024-12-05 00:00,24.1,2024-01-16 00:00,21.5,2024-12-09 00:00,21.0,2024-12-04 00:00,,,,,21.0,18.6,16.2,13.8,11.4,8.8,4.9,El Cajon - Lexington Elementary School,533 First Street,California,San Diego,El Cajon,"San Diego-Carlsbad, CA",2025-03-27,11112,0,1,0,1,9.192011
6,73,1025,88101,3,32.552824,-117.047345,WGS84,PM2.5 - Local Conditions,24-HR BLK AVG,PM25 Annual 2024,Quarterly Means of Daily Means,,2024,Micrograms/cubic meter (LC),No Events,346,95,Y,346,366,0,0,,,Certified,0,13.452601,6.63096,45.4,2024-12-06 00:00,41.1,2024-12-22 00:00,39.2,2024-12-07 00:00,38.7,2024-12-17 00:00,,,,,38.7,32.8,27.5,21.2,16.5,12.4,6.1,San Ysidro,198 W. San Ysidro Blvd,California,San Diego,San Diego,"San Diego-Carlsbad, CA",2025-03-27,11257,0,1,0,1,13.452601
6,73,1201,88101,1,33.362593,-117.09023,WGS84,PM2.5 - Local Conditions,24-HR BLK AVG,PM25 Annual 2024,Quarterly Means of Daily Means,,2024,Micrograms/cubic meter (LC),Events Included,366,100,Y,366,366,0,0,,,Certification not required,0,6.057377,3.248585,20.2,2024-12-05 00:00,18.8,2024-11-18 00:00,17.8,2024-11-19 00:00,17.4,2024-12-04 00:00,,,,,17.4,16.3,12.3,10.4,7.3,5.7,2.5,Pala Airpad,"10848 HWY 76, PALA, CA 92059",California,San Diego,Pala,"San Diego-Carlsbad, CA",2025-03-31,11345,2,1,0,2,5.5094259999999995
6,73,1201,88101,21,33.362593,-117.09023,WGS84,PM2.5 - Local Conditions,24-HR BLK AVG,PM25 Annual 2024,Quarterly Means of Daily Means,,2024,Micrograms/cubic meter (LC),Events Included,366,100,Y,366,366,0,0,,,Certification not required,0,4.961475,2.850785,18.3,2024-12-05 00:00,16.9,2024-11-18 00:00,15.9,2024-11-19 00:00,15.5,2024-12-04 00:00,,,,,15.5,14.4,10.5,8.7,5.9,4.6,2.0,Pala Airpad,"10848 HWY 76, PALA, CA 92059",California,San Diego,Pala,"San Diego-Carlsbad, CA",2025-05-08,11355,2,1,1,2,5.5094259999999995
6,75,5,88101,3,37.765946,-122.399044,WGS84,PM2.5 - Local Conditions,24-HR BLK AVG,PM25 Annual 2024,Quarterly Means of Daily Means,,2024,Micrograms/cubic meter (LC),No Events,334,91,Y,334,366,0,0,,,Certification not required,0,6.69012,4.331295,32.2,2024-12-07 00:00,25.5,2024-10-03 00:00,23.5,2024-12-08 00:00,21.0,2024-10-04 00:00,,,,,21.0,18.8,14.6,11.8,8.8,5.9,2.3,San Francisco,10 ARKANSAS ST.,California,San Francisco,San Francisco,"San Francisco-Oakland-Hayward, CA",2025-11-06,11656,2,1,0,1,6.69012
6,77,1003,88101,3,37.961578,-121.281414,WGS84,PM2.5 - Local Conditions,24-HR BLK AVG,PM25 Annual 2024,Quarterly Means of Daily Means,,2024,Micrograms/cubic meter (LC),No Events,362,99,Y,362,366,0,0,,,Certified,0,10.117127,6.603108,46.8,2024-12-07 00:00,45.4,2024-12-06 00:00,39.0,2024-12-04 00:00,37.6,2024-12-11 00:00,,,,,37.6,32.6,23.7,18.0,11.6,8.4,4.5,Stockton - University Park,"702 N Aurora Street, Stockton, CA 95202",California,San Joaquin,Stockton,"Stockton-Lodi, CA",2025-03-05,11737,0,1,0,1,10.117127
6,77,2010,88101,3,37.793392,-121.247874,NAD83,PM2.5 - Local Conditions,24-HR BLK AVG,PM25 Annual 2024,Quarterly Means of Daily Means,,2024,Micrograms/cubic meter (LC),No Events,361,99,Y,361,366,0,0,,,Certified,0,8.157064,5.998112,43.9,2024-12-07 00:00,35.3,2024-12-06 00:00,34.4,2024-12-05 00:00,33.6,2024-12-11 00:00,,,,,33.6,29.6,19.3,13.9,10.1,6.7,2.8,Manteca,"530 Fishback Road Manteca, CA",California,San Joaquin,Manteca,"Stockton-Lodi, CA",2025-07-09,11754,0,1,0,1,8.157064
6,79,2004,88101,1,35.02083,-120.56388,WGS84,PM2.5 - Local Conditions,24-HR BLK AVG,PM25 Annual 2024,Quarterly Means of Daily Means,,2024,Micrograms/cubic meter (LC),No Events,352,96,Y,352,366,0,0,,,Certified,0,5.653977,3.91098,24.7,2024-06-16 00:00,23.5,2024-06-15 00:00,23.3,2024-04-30 00:00,19.2,2024-06-17 00:00,,,,,19.2,15.8,12.2,10.3,7.6,5.2,1.7,Mesa2,"1300 GUADALUPE RD., NIPOMO, CA., 93444",California,San Luis Obispo,Nipomo,"San Luis Obispo-Paso Robles-Arroyo Grande, CA",2025-02-11,11808,0,1,0,1,5.653977
6,79,2007,88101,1,35.04673,-120.58777,NAD83,PM2.5 - Local Conditions,24-HR BLK AVG,PM25 Annual 2024,Quarterly Means of Daily Means,,2024,Micrograms/cubic meter (LC),No Events,349,95,Y,349,366,0,0,,,Certified,0,5.481375,3.545431,22.8,2024-06-15 00:00,22.4,2024-06-16 00:00,20.0,2024-04-30 00:00,19.7,2024-06-17 00:00,,,,,19.7,15.5,12.2,9.8,6.8,4.7,2.0,CDF,"2391 Willow Road, Arroyo Grande, California",California,San Luis Obispo,Arroyo Grande,"San Luis Obispo-Paso Robles-Arroyo Grande, CA",2025-02-11,11824,0,1,0,1,5.481375
6,79,8002,88101,3,35.49453,-120.66617,WGS84,PM2.5 - Local Conditions,24-HR BLK AVG,PM25 Annual 2024,Quarterly Means of Daily Means,,2024,Micrograms/cubic meter (LC),No Events,357,98,Y,357,366,0,0,,,Certified,0,4.861625,3.130757,21.4,2024-12-06 00:00,18.4,2024-12-08 00:00,16.9,2024-12-05 00:00,16.6,2024-12-07 00:00,,,,,16.6,13.3,11.1,8.4,6.3,4.6,1.4,Atascadero,"5599 Traffic Way, Atascadero CA",California,San Luis Obispo,Atascadero,"San Luis Obispo-Paso Robles-Arroyo Grande, CA",2025-02-11,11883,0,1,0,1,4.861625
6,83,11,88101,3,34.427775,-119.691218,WGS84,PM2.5 - Local Conditions,24-HR BLK AVG,PM25 Annual 2024,Quarterly Means of Daily Means,,2024,Micrograms/cubic meter (LC),No Events,362,99,Y,362,366,0,0,5.0,0.0,Certified,0,7.329834,3.793345,20.2,2024-12-05 00:00,19.2,2024-11-08 00:00,18.7,2024-11-09 00:00,17.7,2024-12-09 00:00,,,,,17.7,16.1,13.7,12.1,9.8,7.2,2.7,Santa Barbara,700 E. CANON PERDIDO,California,Santa Barbara,Santa Barbara,"Santa Maria-Santa Barbara, CA",2025-03-12,11970,0,1,0,1,7.329834
6,83,1009,88101,1,34.890667,-120.432844,WGS84,PM2.5 - Local Conditions,24-HR BLK AVG,PM25 Annual 2024,Quarterly Means of Daily Means,,2024,Micrograms/cubic meter (LC),No Events,362,99,Y,362,366,0,0,,,Certified,0,5.291989,2.861293,15.5,2024-06-15 00:00,14.7,2024-06-16 00:00,14.4,2024-10-03 00:00,14.2,2024-06-18 00:00,,,,,14.2,12.7,10.2,9.1,7.1,4.9,2.0,Santa Maria,"3700 Orcutt Rd. Santa Maria, CA 93455",California,Santa Barbara,Orcutt,"Santa Maria-Santa Barbara, CA",2025-03-13,11992,0,1,0,1,5.291989
6,83,2004,88101,1,34.63782,-120.4575,WGS84,PM2.5 - Local Conditions,24-HR BLK AVG,PM25 Annual 2024,Quarterly Means of Daily Means,,2024,Micrograms/cubic meter (LC),No Events,347,95,Y,347,366,0,0,0.0,0.0,Certified,0,4.25072,3.053941,18.0,2024-11-08 00:00,17.7,2024-11-07 00:00,14.5,2024-06-16 00:00,13.3,2024-06-15 00:00,,,,,13.3,12.0,9.4,8.3,6.0,3.6,1.0,Lompoc H Street,"128 S 'H' ST, LOMPOC",California,Santa Barbara,Lompoc,"Santa Maria-Santa Barbara, CA",2025-03-13,12112,0,1,0,1,4.25072
6,83,2011,88101,1,34.44551,-119.8284,WGS84,PM2.5 - Local Conditions,24-HR BLK AVG,PM25 Annual 2024,Quarterly Means of Daily Means,,2024,Micrograms/cubic meter (LC),No Events,355,97,Y,355,366,0,0,,,Certified,0,6.138592,3.263183,15.9,2024-04-30 00:00,15.7,2024-06-16 00:00,15.5,2024-05-10 00:00,14.7,2024-05-09 00:00,,,,,14.7,13.9,12.3,10.6,8.3,5.6,2.2,Goleta,"380 N FAIRVIEW AVENUE, GOLETA",California,Santa Barbara,Goleta,"Santa Maria-Santa Barbara, CA",2025-03-04,12134,0,1,0,1,6.138592
6,83,9001,88101,1,34.39424,-119.514721,WGS84,PM2.5 - Local Conditions,24-HR BLK AVG,PM25 Annual 2024,Quarterly Means of Daily Means,,2024,Micrograms/cubic meter (LC),No Events,361,99,Y,361,366,0,0,,,Certified,0,5.205817,2.624668,14.5,2024-06-16 00:00,13.9,2024-10-04 00:00,12.5,2024-06-15 00:00,12.5,2024-06-18 00:00,,,,,12.5,11.4,10.0,8.9,6.9,4.8,2.2,,5351 Carpinteria Avenue,California,Santa Barbara,Carpinteria,"Santa Maria-Santa Barbara, CA",2025-03-12,12156,0,1,0,1,5.205817
6,85,5,88101,3,37.348497,-121.894898,WGS84,PM2.5 - Local Conditions,24-HR BLK AVG,PM25 Annual 2024,Quarterly Means of Daily Means,,2024,Micrograms/cubic meter (LC),No Events,355,97,Y,355,366,0,0,,,Certified,0,9.262535,5.073402,35.4,2024-12-08 00:00,33.3,2024-12-11 00:00,29.8,2024-12-07 00:00,28.9,2024-12-05 00:00,,,,,28.9,23.8,19.1,14.8,11.7,8.4,4.2,San Jose - Jackson,158B JACKSON ST,California,Santa Clara,San Jose,"San Jose-Sunnyvale-Santa Clara, CA",2025-04-28,12295,0,1,0,2,8.622444
6,85,5,88101,1,37.348497,-121.894898,WGS84,PM2.5 - Local Conditions,24 HOUR,PM25 Annual 2024,Quarterly Means of Daily Means,R & P Model 2025 PM-2.5 Sequential Air Sampler w/VSCC - Gravimetric,2024,Micrograms/cubic meter (LC),No Events,119,97,Y,118,122,0,23,,,Certified,0,7.982353,5.570026,39.7,2024-07-17 00:00,31.4,2024-12-08 00:00,27.7,2024-12-11 00:00,24.5,2024-12-20 00:00,,,,,31.4,27.7,17.5,13.1,9.6,6.4,3.7,San Jose - Jackson,158B JACKSON ST,California,Santa Clara,San Jose,"San Jose-Sunnyvale-Santa Clara, CA",2025-11-06,12286,0,0,1,2,8.622444
6,87,7,88101,3,36.98332,-121.98822,NAD83,PM2.5 - Local Conditions,24-HR BLK AVG,PM25 Annual 2024,Quarterly Means of Daily Means,,2024,Micrograms/cubic meter (LC),No Events,360,98,Y,360,366,0,0,,,Certified,0,6.153889,2.39109,13.7,2024-12-11 00:00,13.5,2024-06-06 00:00,12.7,2024-05-21 00:00,12.2,2024-12-08 00:00,,,,,12.2,11.5,10.5,9.6,7.6,6.0,3.0,Santa Cruz,960 Bostwick Lane,California,Santa Cruz,Live Oak,"Santa Cruz-Watsonville, CA",2025-02-12,12427,0,1,0,1,6.153889
6,87,1005,88101,3,37.06315,-122.083092,NAD83,PM2.5 - Local Conditions,24-HR BLK AVG,PM25 Annual 2024,Quarterly Means of Daily Means,,2024,Micrograms/cubic meter (LC),No Events,350,96,Y,350,366,0,0,,,Certified,0,6.146,3.600123,24.6,2024-12-11 00:00,21.6,2024-09-17 00:00,21.4,2024-12-10 00:00,17.7,2024-11-08 00:00,,,,,17.7,16.2,13.3,10.2,7.7,5.7,2.6,San Lorenzo Valley Middle School,"7179 Hacienda Way, Felton CA 95018",California,Santa Cruz,,"Santa Cruz-Watsonville, CA",2025-02-12,12439,0,1,0,1,6.146
6,89,4,88101,3,40.55013,-122.38092,NAD83,PM2.5 - Local Conditions,24-HR BLK AVG,PM25 Annual 2024,Quarterly Means of Daily Means,,2024,Micrograms/cubic meter (LC),Events Included,325,89,Y,325,366,0,0,,,Certified,0,5.98,4.809501,38.6,2024-10-10 00:00,34.0,2024-10-11 00:00,30.7,2024-07-28 00:00,25.0,2024-07-29 00:00,,,,,25.0,21.2,14.9,11.0,7.2,4.7,2.0,Redding - Health Department,"HLTH CTR-2630 BRESLAUER WAY, REDDING",California,Shasta,Redding,"Redding, CA",2025-03-17,12479,0,1,0,2,6.017586
6,89,4,88101,1,40.55013,-122.38092,NAD83,PM2.5 - Local Conditions,24 HOUR,PM25 Annual 2024,Quarterly Means of Daily Means,R & P Model 2000 PM-2.5 Air Sampler w/VSCC - Gravimetric,2024,Micrograms/cubic meter (LC),No Events,29,97,Y,29,30,0,2,,,Certified,0,6.055172,4.30478,23.7,2024-07-29 00:00,14.2,2024-12-20 00:00,9.8,2024-10-21 00:00,9.3,2024-08-10 00:00,,,,,23.7,23.7,14.2,9.8,6.5,5.1,3.0,Redding - Health Department,"HLTH CTR-2630 BRESLAUER WAY, REDDING",California,Shasta,Redding,"Redding, CA",2025-03-04,12453,0,0,1,2,6.017586
6,93,2001,88101,3,41.726892,-122.633579,WGS84,PM2.5 - Local Conditions,24-HR BLK AVG,PM25 Annual 2024,Quarterly Means of Daily Means,,2024,Micrograms/cubic meter (LC),No Events,352,96,Y,352,366,0,0,,,Certified,0,5.473864,4.909778,32.4,2024-07-21 00:00,30.4,2024-08-11 00:00,29.9,2024-07-23 00:00,28.0,2024-07-22 00:00,,,,,28.0,20.1,15.6,10.5,6.9,4.0,1.6,Yreka,"530 FOOTHILL DR., YREKA",California,Siskiyou,Yreka,,2025-05-19,12609,0,1,0,1,5.473864
6,97,4,88101,3,38.403765,-122.818294,WGS84,PM2.5 - Local Conditions,24-HR BLK AVG,PM25 Annual 2024,Quarterly Means of Daily Means,,2024,Micrograms/cubic meter (LC),No Events,341,93,Y,341,366,0,0,,,Certification not required,0,3.398534,3.250633,20.5,2024-12-11 00:00,16.5,2024-12-10 00:00,15.9,2024-06-06 00:00,14.7,2024-12-01 00:00,,,,,14.7,14.0,9.4,7.6,5.0,3.0,0.0,Sebastopol,"103 Morris Street,",California,Sonoma,Sebastopol,"Santa Rosa, CA",2025-11-10,12722,2,1,0,1,3.398534
6,99,5,88101,3,37.642165,-120.994212,NAD83,PM2.5 - Local Conditions,24-HR BLK AVG,PM25 Annual 2024,Quarterly Means of Daily Means,,2024,Micrograms/cubic meter (LC),No Events,344,94,Y,344,366,0,0,,,Certified,0,9.064826,6.737096,51.6,2024-12-07 00:00,41.0,2024-12-06 00:00,38.8,2024-12-04 00:00,37.6,2024-12-11 00:00,,,,,37.6,33.9,20.1,15.3,11.1,7.2,3.6,Modesto-14th Street,"814 14TH ST., MODESTO",California,Stanislaus,Modesto,"Modesto, CA",2025-03-05,12749,0,1,0,1,9.064826
6,99,6,88101,3,37.488317,-120.836008,NAD83,PM2.5 - Local Conditions,24-HR BLK AVG,PM25 Annual 2024,Quarterly Means of Daily Means,,2024,Micrograms/cubic meter (LC),No Events,361,99,Y,361,366,0,0,,,Certified,0,9.36205,6.381177,46.4,2024-12-07 00:00,42.0,2024-12-06 00:00,40.0,2024-12-05 00:00,37.6,2024-12-20 00:00,,,,,37.6,29.7,21.6,16.0,11.1,7.9,3.8,Turlock," 900 S MINARET STREET, TURLOCK, CA",California,Stanislaus,Turlock,"Modesto, CA",2025-02-25,12825,0,1,0,1,9.36205
6,101,3,88101,3,39.138773,-121.618549,WGS84,PM2.5 - Local Conditions,24-HR BLK AVG,PM25 Annual 2024,Quarterly Means of Daily Means,,2024,Micrograms/cubic meter (LC),No Events,362,99,Y,362,366,0,0,,,Certified,0,7.365193,5.186276,41.0,2024-07-05 00:00,38.2,2024-07-04 00:00,26.2,2024-12-07 00:00,25.4,2024-12-10 00:00,,,,,25.4,22.5,16.6,12.9,9.5,6.3,2.4,Yuba City,"773 ALMOND ST, YUBA CITY",California,Sutter,Yuba City,"Yuba City, CA",2025-08-15,12851,0,1,0,2,7.7529565
6,101,3,88101,4,39.138773,-121.618549,WGS84,PM2.5 - Local Conditions,24-HR BLK AVG,PM25 Annual 2024,Quarterly Means of Daily Means,,2024,Micrograms/cubic meter (LC),No Events,361,99,Y,361,366,0,0,,,Certified,0,8.14072,5.17228,35.7,2024-07-05 00:00,33.6,2024-07-04 00:00,27.6,2024-12-10 00:00,27.6,2024-12-11 00:00,,,,,27.6,24.4,16.6,13.4,10.3,7.1,3.1,Yuba City,"773 ALMOND ST, YUBA CITY",California,Sutter,Yuba City,"Yuba City, CA",2025-08-15,12860,0,1,1,2,7.7529565
6,103,7,88101,3,40.17093,-122.25556,WGS84,PM2.5 - Local Conditions,24-HR BLK AVG,PM25 Annual 2024,Quarterly Means of Daily Means,,2024,Micrograms/cubic meter (LC),No Events,347,95,Y,347,366,0,0,2.0,0.0,Certified,0,5.934294,4.78018,38.7,2024-10-14 00:00,32.9,2024-08-03 00:00,27.7,2024-07-28 00:00,23.0,2024-07-04 00:00,,,,,23.0,17.7,14.5,11.4,7.7,4.9,1.6,Red Bluff-Walnut St. District Office,"1834 Walnut Street, Red Bluff, CA 96080",California,Tehama,Red Bluff,"Red Bluff, CA",2025-03-27,12896,0,1,0,1,5.934294
6,107,9,88101,1,36.48947,-118.82915,WGS84,PM2.5 - Local Conditions,24-HR BLK AVG,PM25 Annual 2024,Quarterly Means of Daily Means,,2024,Micrograms/cubic meter (LC),Events Included,348,95,Y,348,366,0,0,,,Certification not required,0,6.161207,6.727205,51.0,2024-08-30 00:00,44.4,2024-08-31 00:00,36.0,2024-06-27 00:00,36.0,2024-09-01 00:00,,,,,36.0,29.5,17.4,12.7,8.2,4.7,0.4,Sequoia & Kings Canyon NPs - Ash Mountain,SEQUOIA & KINGS CANYON NP,California,Tulare,,"Visalia-Porterville, CA",2025-02-27,12989,2,1,0,1,6.161207
6,107,2003,88101,3,36.30815,-119.3129,WGS84,PM2.5 - Local Conditions,24-HR BLK AVG,PM25 Annual 2024,Quarterly Means of Daily Means,,2024,Micrograms/cubic meter (LC),No Events,358,98,Y,358,366,0,0,,,Certified,0,13.060335,8.8542,64.7,2024-12-04 00:00,62.1,2024-12-05 00:00,58.3,2024-12-03 00:00,56.6,2024-12-06 00:00,,,,,56.6,39.8,26.8,21.4,16.1,11.6,4.6,Visalia-W. Ashland Avenue,"2005 West Ashland Avenue, Suite G, Visalia, CA, 93277",California,Tulare,Visalia,"Visalia-Porterville, CA",2025-02-18,13061,0,1,0,1,13.060335
6,111,7,88101,3,34.210169,-118.870509,NAD83,PM2.5 - Local Conditions,24-HR BLK AVG,PM25 Annual 2024,Quarterly Means of Daily Means,,2024,Micrograms/cubic meter (LC),No Events,361,99,Y,361,366,0,0,,,Certified,0,6.280332,3.341553,19.2,2024-12-04 00:00,16.3,2024-06-16 00:00,16.1,2024-09-20 00:00,15.5,2024-12-31 00:00,,,,,15.5,14.2,11.8,10.8,8.5,5.8,2.2,Thousand Oaks,"2323 Moorpark Road, Thousand Oaks, CA  91360",California,Ventura,Thousand Oaks,"Oxnard-Thousand Oaks-Ventura, CA",2025-02-21,13155,0,1,0,1,6.280332
6,111,9,88101,3,34.404281,-118.80998,NAD83,PM2.5 - Local Conditions,24-HR BLK AVG,PM25 Annual 2024,Quarterly Means of Daily Means,,2024,Micrograms/cubic meter (LC),Events Included,358,98,Y,358,366,0,0,,,Certified,0,5.704469,3.531615,26.3,2024-07-11 00:00,19.2,2024-06-16 00:00,18.2,2024-07-12 00:00,16.4,2024-07-05 00:00,,,,,16.4,12.3,11.3,10.0,8.2,5.6,1.5,Piru - Pacific,"3301 PACIFIC AVENUE, PIRU, CA  93040",California,Ventura,Piru,"Oxnard-Thousand Oaks-Ventura, CA",2025-02-21,13194,0,1,0,1,5.704469
6,111,1004,88101,3,34.44806,-119.2313,NAD83,PM2.5 - Local Conditions,24-HR BLK AVG,PM25 Annual 2024,Quarterly Means of Daily Means,,2024,Micrograms/cubic meter (LC),No Events,362,99,Y,362,366,0,0,,,Certified,0,5.075691,2.163091,13.9,2024-07-10 00:00,13.6,2024-06-16 00:00,11.5,2024-06-17 00:00,11.0,2024-06-18 00:00,,,,,11.0,9.7,9.0,8.1,6.4,4.9,2.5,Ojai - East Ojai Ave,"1201 E. OJAI AVENUE, OJAI, CA  93023",California,Ventura,Ojai,"Oxnard-Thousand Oaks-Ventura, CA",2025-02-21,13217,0,1,0,1,5.075691
6,111,2002,88101,3,34.276316,-118.683685,NAD83,PM2.5 - Local Conditions,24-HR BLK AVG,PM25 Annual 2024,Quarterly Means of Daily Means,,2024,Micrograms/cubic meter (LC),No Events,360,98,Y,360,366,0,0,,,Certified,0,7.319444,3.668584,29.0,2024-06-16 00:00,21.3,2024-12-04 00:00,18.3,2024-05-13 00:00,17.4,2024-05-03 00:00,,,,,17.4,14.2,13.3,12.0,9.6,7.0,3.0,Simi Valley-Cochran Street,"5400 COCHRAN STREET, SIMI VALLEY, CA  93063",California,Ventura,Simi Valley,"Oxnard-Thousand Oaks-Ventura, CA",2025-02-21,13272,0,1,0,2,7.0865275
6,111,2002,88101,4,34.276316,-118.683685,NAD83,PM2.5 - Local Conditions,24-HR BLK AVG,PM25 Annual 2024,Quarterly Means of Daily Means,,2024,Micrograms/cubic meter (LC),No Events,360,98,Y,360,366,0,0,,,Certified,0,6.853611,3.664584,30.0,2024-06-16 00:00,22.5,2024-12-04 00:00,15.2,2024-01-18 00:00,14.6,2024-05-13 00:00,,,,,14.6,14.0,12.7,11.4,9.2,6.7,2.7,Simi Valley-Cochran Street,"5400 COCHRAN STREET, SIMI VALLEY, CA  93063",California,Ventura,Simi Valley,"Oxnard-Thousand Oaks-Ventura, CA",2025-02-21,13281,0,1,1,2,7.0865275
6,111,3001,88101,3,34.25239,-119.143182,NAD83,PM2.5 - Local Conditions,24-HR BLK AVG,PM25 Annual 2024,Quarterly Means of Daily Means,,2024,Micrograms/cubic meter (LC),No Events,359,98,Y,359,366,0,0,,,Certified,0,5.152089,5.740383,90.5,2024-11-06 00:00,47.8,2024-11-07 00:00,18.2,2024-11-09 00:00,17.7,2024-12-05 00:00,,,,,17.7,11.2,9.7,8.2,6.5,4.5,1.7,El Rio-Rio Mesa School #2,"545 CENTRAL AVENUE, OXNARD, CA  93030",California,Ventura,,"Oxnard-Thousand Oaks-Ventura, CA",2025-02-21,13310,0,1,0,1,5.152089
6,113,1003,88101,3,38.66121,-121.73269,WGS84,PM2.5 - Local Conditions,24-HR BLK AVG,PM25 Annual 2024,Quarterly Means of Daily Means,,2024,Micrograms/cubic meter (LC),No Events,363,99,Y,363,366,0,0,,,Certified,0,7.837466,5.35574,42.4,2024-12-07 00:00,33.8,2024-12-06 00:00,29.7,2024-12-03 00:00,29.0,2024-12-10 00:00,,,,,29.0,24.2,16.4,13.4,10.2,6.8,2.7,Woodland-Gibson Road,"41929 E. GIBSON ROAD, WOODLAND",California,Yolo,Woodland,"Sacramento--Roseville--Arden-Arcade, CA",2025-03-08,13349,0,1,0,1,7.837466
8,1,10,88101,3,39.8281,-104.93647,WGS84,PM2.5 - Local Conditions,24-HR BLK AVG,PM25 Annual 2024,Quarterly Means of Daily Means,,2024,Micrograms/cubic meter (LC),No Events,366,100,Y,366,366,0,0,,,Certified,0,7.147541,4.358325,32.2,2024-07-23 00:00,31.3,2024-07-24 00:00,25.5,2024-07-22 00:00,23.4,2024-07-25 00:00,,,,,23.4,21.5,14.4,12.1,8.7,5.9,3.5,Birch Street,7275 Birch St,Colorado,Adams,Commerce City,"Denver-Aurora-Lakewood, CO",2025-03-08,13638,0,1,0,2,7.6087705
8,1,10,88101,2,39.8281,-104.93647,WGS84,PM2.5 - Local Conditions,24 HOUR,PM25 Annual 2024,Quarterly Means of Daily Means,Met One E-SEQ-FRM PM2.5 with VSCC - Gravimetric,2024,Micrograms/cubic meter (LC),No Events,60,97,Y,59,61,0,2,,,Certified,0,8.07,4.272192,27.1,2024-07-23 00:00,16.3,2024-01-01 00:00,16.2,2024-01-31 00:00,16.2,2024-12-02 00:00,,,,,27.1,16.3,16.2,14.0,9.4,6.7,4.4,Birch Street,7275 Birch St,Colorado,Adams,Commerce City,"Denver-Aurora-Lakewood, CO",2025-01-29,13629,0,0,1,2,7.6087705
8,1,3001,88101,3,39.838119,-104.94984,WGS84,PM2.5 - Local Conditions,24-HR BLK AVG,PM25 Annual 2024,Quarterly Means of Daily Means,,2024,Micrograms/cubic meter (LC),No Events,354,97,Y,354,366,0,0,,,Certified,0,7.018927,4.592519,35.8,2024-07-23 00:00,34.1,2024-07-24 00:00,28.0,2024-07-22 00:00,26.5,2024-07-25 00:00,,,,,26.5,21.6,13.7,11.9,8.4,5.6,3.3,Welby,3174 E. 78TH AVE.,Colorado,Adams,Welby,"Denver-Aurora-Lakewood, CO",2025-02-21,13740,0,1,0,1,7.018927
8,3,1,88101,3,37.469391,-105.878691,WGS84,PM2.5 - Local Conditions,24-HR BLK AVG,PM25 Annual 2024,Quarterly Means of Daily Means,,2024,Micrograms/cubic meter (LC),No Events,364,99,Y,364,366,0,0,,,Certified,0,5.116484,2.764145,20.7,2024-07-24 00:00,20.2,2024-07-23 00:00,13.9,2024-11-22 00:00,13.8,2024-07-25 00:00,,,,,13.8,12.8,11.1,8.7,6.0,4.5,2.5,Alamosa - Adams State,208 EDGEMONT BLVD.,Colorado,Alamosa,Alamosa,,2025-02-21,13760,0,1,0,1,5.116484
8,13,1001,88101,3,40.012969,-105.267212,WGS84,PM2.5 - Local Conditions,24-HR BLK AVG,PM25 Annual 2024,Quarterly Means of Daily Means,,2024,Micrograms/cubic meter (LC),No Events,359,98,Y,359,366,0,0,,,Certified,0,4.798607,3.407636,29.5,2024-08-01 00:00,21.0,2024-07-31 00:00,20.3,2024-07-23 00:00,18.8,2024-10-01 00:00,,,,,18.8,17.2,10.8,8.5,5.7,3.8,2.0,BOULDER - CU-ATHENS,2102 ATHENS ST.,Colorado,Boulder,Boulder,"Boulder, CO",2025-02-21,13925,0,1,0,1,4.798607
8,31,13,88101,3,39.738578,-104.939925,WGS84,PM2.5 - Local Conditions,24-HR BLK AVG,PM25 Annual 2024,Quarterly Means of Daily Means,,2024,Micrograms/cubic meter (LC),No Events,366,100,Y,366,366,0,0,,,Certified,0,5.963934,3.90136,31.1,2024-07-23 00:00,29.7,2024-07-24 00:00,24.2,2024-07-22 00:00,23.2,2024-07-25 00:00,,,,,23.2,18.5,12.4,9.7,7.0,4.9,2.8,DENVER - NJH-E,14TH AVE. & ALBION ST.,Colorado,Denver,Denver,"Denver-Aurora-Lakewood, CO",2025-03-08,14001,0,1,0,1,5.963934
8,31,26,88101,3,39.77949,-105.00518,WGS84,PM2.5 - Local Conditions,24-HR BLK AVG,PM25 Annual 2024,Quarterly Means of Daily Means,,2024,Micrograms/cubic meter (LC),No Events,362,99,Y,362,366,0,0,,,Certified,0,5.588122,3.818064,30.4,2024-07-23 00:00,29.1,2024-07-24 00:00,24.4,2024-07-22 00:00,22.6,2024-07-25 00:00,,,,,22.6,18.3,11.0,9.2,7.0,4.6,2.4,La Casa,4545 Navajo St.,Colorado,Denver,Denver,"Denver-Aurora-Lakewood, CO",2025-03-08,14067,0,1,0,2,5.949103
8,31,26,88101,1,39.77949,-105.00518,WGS84,PM2.5 - Local Conditions,24 HOUR,PM25 Annual 2024,Quarterly Means of Daily Means,Multiple Methods Used,2024,Micrograms/cubic meter (LC),No Events,119,98,Y,119,122,0,3,,,Certified,0,6.310084,3.483433,24.9,2024-07-23 00:00,15.1,2024-02-06 00:00,15.0,2024-08-01 00:00,14.7,2024-01-04 00:00,,,,,15.1,15.0,13.5,10.3,7.8,5.6,2.8,La Casa,4545 Navajo St.,Colorado,Denver,Denver,"Denver-Aurora-Lakewood, CO",2025-02-05,14058,0,0,1,2,5.949103
8,31,27,88101,3,39.73217,-105.0153,WGS84,PM2.5 - Local Conditions,24-HR BLK AVG,PM25 Annual 2024,Quarterly Means of Daily Means,,2024,Micrograms/cubic meter (LC),No Events,362,99,Y,362,366,0,0,,,Certified,0,7.782597,4.467327,30.4,2024-10-01 00:00,25.9,2024-01-21 00:00,24.8,2024-07-23 00:00,23.0,2024-01-20 00:00,,,,,23.0,21.2,16.6,13.4,9.8,6.5,3.5,I-25,971 Yuma Street,Colorado,Denver,Denver,"Denver-Aurora-Lakewood, CO",2025-02-01,14170,0,1,0,2,7.895465
8,31,27,88101,1,39.73217,-105.0153,WGS84,PM2.5 - Local Conditions,24 HOUR,PM25 Annual 2024,Quarterly Means of Daily Means,Met One E-SEQ-FRM PM2.5 with VSCC - Gravimetric,2024,Micrograms/cubic meter (LC),No Events,60,98,Y,60,61,0,4,6.0,1.0,Certified,0,8.008333,3.012758,19.3,2024-02-06 00:00,15.3,2024-07-26 00:00,14.4,2024-01-01 00:00,12.2,2024-12-02 00:00,,,,,19.3,15.3,14.4,11.6,9.6,7.4,4.9,I-25,971 Yuma Street,Colorado,Denver,Denver,"Denver-Aurora-Lakewood, CO",2025-02-10,14161,0,0,1,2,7.895465
8,31,28,88101,3,39.7861,-104.9886,WGS84,PM2.5 - Local Conditions,24-HR BLK AVG,PM25 Annual 2024,Quarterly Means of Daily Means,,2024,Micrograms/cubic meter (LC),No Events,364,99,Y,364,366,0,0,,,Certified,0,7.594231,4.05309,25.1,2024-01-21 00:00,24.8,2024-10-01 00:00,24.0,2024-07-23 00:00,22.8,2024-02-06 00:00,,,,,22.8,19.2,16.1,12.6,9.7,6.5,3.6,Globeville,4903 Acoma St.,Colorado,Denver,Denver,"Denver-Aurora-Lakewood, CO",2025-02-21,14193,0,1,0,1,7.594231
8,35,4,88101,3,39.534488,-105.070358,WGS84,PM2.5 - Local Conditions,24-HR BLK AVG,PM25 Annual 2024,Quarterly Means of Daily Means,,2024,Micrograms/cubic meter (LC),No Events,358,98,Y,358,366,0,0,,,Certified,0,4.497486,3.617746,28.3,2024-07-23 00:00,25.8,2024-07-24 00:00,22.1,2024-07-22 00:00,21.7,2024-01-20 00:00,,,,,21.7,16.8,10.1,8.0,5.5,3.5,1.7,Chatfield State Park,11500 N. Roxborough Park Rd.,Colorado,Douglas,Roxborough Park,"Denver-Aurora-Lakewood, CO",2025-03-08,14303,0,1,0,1,4.497486
8,41,17,88101,3,38.848014,-104.828564,WGS84,PM2.5 - Local Conditions,24-HR BLK AVG,PM25 Annual 2024,Quarterly Means of Daily Means,,2024,Micrograms/cubic meter (LC),No Events,359,98,Y,359,366,0,0,,,Certified,0,5.666017,3.639397,29.7,2024-07-23 00:00,26.4,2024-07-24 00:00,24.4,2024-07-22 00:00,23.2,2024-07-25 00:00,,,,,23.2,16.5,12.0,9.6,6.4,4.7,2.7,COLORADO SPRINGS - COLLEGE COLLEGE,130 W. CACHE LA POUDRE,Colorado,El Paso,Colorado Springs,"Colorado Springs, CO",2025-02-01,14325,0,1,0,1,5.666017
8,45,19,88101,1,39.43806,-108.02611,WGS84,PM2.5 - Local Conditions,24-HR BLK AVG,PM25 Annual 2024,Quarterly Means of Daily Means,,2024,Micrograms/cubic meter (LC),Events Included,352,96,Y,352,366,0,0,0.0,0.0,Certification not required,0,4.108523,2.82413,28.3,2024-07-23 00:00,24.7,2024-07-24 00:00,20.0,2024-10-06 00:00,14.7,2024-07-22 00:00,,,,,14.7,11.0,8.0,6.5,4.8,3.7,1.7,Battlement Mesa,Garfield County - Battlement Mesa,Colorado,Garfield,Battlement Mesa,"Glenwood Springs, CO",2025-10-17,14370,2,1,0,1,4.108523
8,69,9,88101,3,40.571288,-105.079693,WGS84,PM2.5 - Local Conditions,24-HR BLK AVG,PM25 Annual 2024,Quarterly Means of Daily Means,,2024,Micrograms/cubic meter (LC),No Events,366,100,Y,366,366,0,0,,,Certified,0,6.440437,4.16729,27.8,2024-07-23 00:00,24.4,2024-07-24 00:00,23.5,2024-10-01 00:00,23.1,2024-01-20 00:00,,,,,23.1,20.5,13.1,11.3,8.4,5.5,2.4,FORT COLLINS - CSU - Edison,251 EDISON DR.,Colorado,Larimer,Fort Collins,"Fort Collins, CO",2025-02-01,14776,0,1,0,1,6.440437
8,77,17,88101,3,39.063798,-108.561173,WGS84,PM2.5 - Local Conditions,24-HR BLK AVG,PM25 Annual 2024,Quarterly Means of Daily Means,,2024,Micrograms/cubic meter (LC),No Events,364,99,Y,364,366,0,0,,,Certified,0,4.91456,3.45001,30.9,2024-10-06 00:00,24.0,2024-10-07 00:00,17.6,2024-07-23 00:00,15.4,2024-12-23 00:00,,,,,15.4,14.1,11.8,9.1,5.9,3.9,2.0,GRAND JUNCTION - POWELL BLDG,650 SOUTH AVE.,Colorado,Mesa,Grand Junction,"Grand Junction, CO",2025-03-05,14920,0,1,0,1,4.91456
8,99,2,88101,3,38.084688,-102.618641,WGS84,PM2.5 - Local Conditions,24-HR BLK AVG,PM25 Annual 2024,Quarterly Means of Daily Means,,2024,Micrograms/cubic meter (LC),No Events,366,100,Y,366,366,0,0,,,Certified,0,5.540437,3.962904,34.5,2024-07-25 00:00,33.8,2024-07-24 00:00,26.2,2024-07-23 00:00,21.3,2024-10-09 00:00,,,,,21.3,18.6,12.1,9.0,6.3,4.5,2.7,Lamar Municipal Bldg,104 E. PARMENTER ST.,Colorado,Prowers,Lamar,,2025-02-21,15204,0,1,0,1,5.540437
8,101,15,88101,3,38.276099,-104.597613,WGS84,PM2.5 - Local Conditions,24-HR BLK AVG,PM25 Annual 2024,Quarterly Means of Daily Means,,2024,Micrograms/cubic meter (LC),No Events,366,100,Y,366,366,0,0,,,Certified,0,4.667213,2.393694,22.1,2024-10-08 00:00,16.6,2024-10-06 00:00,16.2,2024-10-07 00:00,15.3,2024-07-04 00:00,,,,,15.3,12.5,9.3,7.0,5.2,4.1,2.7,Pueblo - Fountain School,925 N. GLENDALE AVE.,Colorado,Pueblo,Pueblo,"Pueblo, CO",2025-02-21,15215,0,1,0,1,4.667213
8,103,6,88101,1,40.086944,-108.761389,WGS84,PM2.5 - Local Conditions,24-HR BLK AVG,PM25 Annual 2024,Quarterly Means of Daily Means,,2024,Micrograms/cubic meter (LC),No Events,346,95,Y,346,366,0,0,,,Certification not required,0,5.547688,4.049163,52.2,2024-10-05 00:00,34.6,2024-10-06 00:00,28.2,2024-07-23 00:00,21.2,2024-07-22 00:00,,,,,21.2,15.0,9.2,7.7,6.5,5.2,2.5,"Rangely, Golf Course","Rangely Colorado, Golf Course",Colorado,Rio Blanco,Rangely,,2025-04-22,15251,2,1,0,1,5.547688
8,123,6,88101,3,40.414877,-104.70693,WGS84,PM2.5 - Local Conditions,24-HR BLK AVG,PM25 Annual 2024,Quarterly Means of Daily Means,,2024,Micrograms/cubic meter (LC),No Events,364,99,Y,364,366,0,0,,,Certified,0,6.848077,4.537966,29.0,2024-01-21 00:00,26.7,2024-07-23 00:00,24.2,2024-11-22 00:00,23.6,2024-07-24 00:00,,,,,23.6,20.6,15.2,12.8,9.0,5.7,2.4,Greeley - Hospital,1516 HOSPITAL RD.,Colorado,Weld,Greeley,"Greeley, CO",2025-02-01,15332,0,1,0,1,6.848077
48,13,1090,88101,1,29.162997,-98.589158,NAD83,PM2.5 - Local Conditions,24-HR BLK AVG,PM25 Annual 2024,Quarterly Means of Daily Means,,2024,Micrograms/cubic meter (LC),Events Included,347,95,Y,347,366,0,0,29.0,9.0,Requested but not yet concurred,0,10.395389,7.396416,41.6,2024-05-08 00:00,39.6,2024-05-24 00:00,38.5,2024-07-31 00:00,38.1,2024-05-27 00:00,,,,,38.1,35.5,26.9,20.4,12.2,8.0,4.2,Von Ormy Highway 16,17534 North State Highway 16,Texas,Atascosa,Lytle,"San Antonio-New Braunfels, TX",2025-10-24,55855,1,1,0,1,10.395389
48,27,1045,88101,1,31.122419,-97.431052,WGS84,PM2.5 - Local Conditions,24-HR BLK AVG,PM25 Annual 2024,Quarterly Means of Daily Means,,2024,Micrograms/cubic meter (LC),No Events,350,96,Y,350,366,0,0,,,Requested but not yet concurred,0,7.581714,4.772907,37.9,2024-05-08 00:00,32.6,2024-07-31 00:00,31.8,2024-06-04 00:00,29.6,2024-08-01 00:00,,,,,29.6,19.9,15.2,13.0,9.5,6.4,3.3,Temple Georgia,8406 Georgia Avenue,Texas,Bell,Temple,"Killeen-Temple, TX",2025-03-19,55876,1,1,0,1,7.581714
48,29,32,88101,2,29.51509,-98.620166,WGS84,PM2.5 - Local Conditions,24-HR BLK AVG,PM25 Annual 2024,Quarterly Means of Daily Means,,2024,Micrograms/cubic meter (LC),No Events,340,93,Y,340,366,0,0,25.0,6.0,Requested but not yet concurred,0,9.704412,6.802816,43.7,2024-05-27 00:00,39.7,2024-05-24 00:00,38.8,2024-05-08 00:00,37.8,2024-05-26 00:00,,,,,37.8,34.0,24.9,18.4,10.7,7.7,4.3,San Antonio Northwest,6655 Bluebird Lane,Texas,Bexar,Leon Valley,"San Antonio-New Braunfels, TX",2025-02-14,55922,1,1,0,1,9.704412
48,29,59,88101,2,29.275381,-98.311692,WGS84,PM2.5 - Local Conditions,24-HR BLK AVG,PM25 Annual 2024,Quarterly Means of Daily Means,,2024,Micrograms/cubic meter (LC),No Events,350,96,Y,350,366,0,0,,,Requested but not yet concurred,0,8.167429,6.340837,38.8,2024-05-08 00:00,38.1,2024-05-27 00:00,34.5,2024-07-31 00:00,34.0,2024-05-26 00:00,,,,,34.0,30.9,21.9,16.3,9.4,6.2,3.1,Calaveras Lake,14620 Laguna Rd,Texas,Bexar,San Antonio,"San Antonio-New Braunfels, TX",2025-03-24,55967,1,1,0,1,8.167429
48,29,1069,88101,2,29.529432,-98.391403,NAD83,PM2.5 - Local Conditions,24-HR BLK AVG,PM25 Annual 2024,Quarterly Means of Daily Means,,2024,Micrograms/cubic meter (LC),No Events,341,93,Y,341,366,0,0,,,Requested but not yet concurred,0,9.58739,6.51838,41.4,2024-05-27 00:00,40.8,2024-05-08 00:00,36.2,2024-05-24 00:00,35.7,2024-05-26 00:00,,,,,35.7,32.5,23.3,17.5,11.0,7.7,4.2,San Antonio Interstate 35,9904 IH 35 N,Texas,Bexar,San Antonio,"San Antonio-New Braunfels, TX",2025-03-24,56001,1,1,0,1,9.58739
48,29,1087,88101,2,29.635,-98.4177,NAD83,PM2.5 - Local Conditions,24-HR BLK AVG,PM25 Annual 2024,Quarterly Means of Daily Means,,2024,Micrograms/cubic meter (LC),No Events,363,99,Y,363,366,0,0,,,Requested but not yet concurred,0,10.78595,8.490407,56.3,2024-05-27 00:00,48.9,2024-05-24 00:00,47.3,2024-05-08 00:00,45.8,2024-05-26 00:00,,,,,45.8,40.3,28.9,21.2,12.4,8.1,4.3,San Antonio Bulverde Parkway,3843 Bulverde Parkway,Texas,Bexar,,"San Antonio-New Braunfels, TX",2025-02-14,56019,1,1,0,1,10.78595
48,37,1031,88101,2,33.436111,-94.07778,WGS84,PM2.5 - Local Conditions,24-HR BLK AVG,PM25 Annual 2024,Quarterly Means of Daily Means,,2024,Micrograms/cubic meter (LC),No Events,360,98,Y,360,366,0,0,,,Requested but not yet concurred,0,9.360833,4.802134,33.8,2024-08-01 00:00,31.3,2024-05-08 00:00,29.9,2024-05-26 00:00,28.1,2024-07-31 00:00,,,,,28.1,21.8,17.9,14.9,12.0,8.8,3.9,Texarkana New Boston,2700 New Boston Rd,Texas,Bowie,Texarkana,"Texarkana, TX-AR",2025-03-12,56035,1,1,0,1,9.360833
48,39,1012,88101,5,28.964394,-95.354974,WGS84,PM2.5 - Local Conditions,24 HOUR,PM25 Annual 2024,Quarterly Means of Daily Means,R & P Model 2025 PM-2.5 Sequential Air Sampler w/VSCC - Gravimetric,2024,Micrograms/cubic meter (LC),No Events,61,97,Y,59,61,0,0,,,Requested but not yet concurred,0,8.0,4.598261,31.8,2024-07-31 00:00,19.5,2024-05-24 00:00,15.1,2024-07-05 00:00,14.0,2024-06-05 00:00,,,,,31.8,19.5,15.1,13.0,10.1,7.1,3.7,Freeport South Avenue I,207 South Avenue I,Texas,Brazoria,Freeport,"Houston-The Woodlands-Sugar Land, TX",2025-03-20,56071,1,0,0,1,8.0
48,41,1086,88101,1,30.628333,-96.362777,NAD83,PM2.5 - Local Conditions,24-HR BLK AVG,PM25 Annual 2024,Quarterly Means of Daily Means,,2024,Micrograms/cubic meter (LC),No Events,353,96,Y,353,366,0,0,,,Requested but not yet concurred,0,8.22238,4.883638,35.9,2024-05-08 00:00,31.9,2024-07-31 00:00,29.7,2024-05-26 00:00,27.8,2024-05-21 00:00,,,,,27.8,25.5,16.4,13.0,10.0,7.0,3.8,Bryan Finfeather Road,3670 Finfeather Road,Texas,Brazos,College Station,"College Station-Bryan, TX",2025-03-19,56151,1,1,0,1,8.22238
48,61,1098,88101,1,25.900911,-97.507783,WGS84,PM2.5 - Local Conditions,24-HR BLK AVG,PM25 Annual 2024,Quarterly Means of Daily Means,,2024,Micrograms/cubic meter (LC),No Events,349,95,Y,349,366,0,0,,,Requested but not yet concurred,0,10.241261,8.729878,49.5,2024-05-27 00:00,44.6,2024-05-10 00:00,43.2,2024-05-26 00:00,43.0,2024-05-08 00:00,,,,,43.0,41.9,29.8,21.3,12.6,7.1,3.2,Brownsville East 6th Street,85 East 6th Street,Texas,Cameron,Brownsville,"Brownsville-Harlingen, TX",2025-03-20,56260,1,1,0,1,10.241261
48,61,2004,88101,1,26.0711,-97.1577,NAD83,PM2.5 - Local Conditions,24-HR BLK AVG,PM25 Annual 2024,Quarterly Means of Daily Means,,2024,Micrograms/cubic meter (LC),No Events,324,89,Y,324,366,0,0,,,Requested but not yet concurred,0,20.973765,16.131999,83.4,2024-05-10 00:00,82.7,2024-05-17 00:00,78.2,2024-05-09 00:00,73.5,2024-05-27 00:00,,,,,73.5,65.6,51.3,45.0,28.2,16.0,5.5,Isla Blanca State Park Road,33174 State Park Road 100,Texas,Cameron,South Padre Island,"Brownsville-Harlingen, TX",2025-03-20,56276,1,1,0,1,20.973765
48,113,50,88101,3,32.774262,-96.797686,WGS84,PM2.5 - Local Conditions,24-HR BLK AVG,PM25 Annual 2024,Quarterly Means of Daily Means,,2024,Micrograms/cubic meter (LC),No Events,340,93,Y,340,366,0,0,,,Requested but not yet concurred,0,10.125588,5.084277,37.0,2024-08-01 00:00,35.7,2024-05-27 00:00,34.8,2024-07-31 00:00,28.9,2024-05-21 00:00,,,,,28.9,25.3,18.2,16.4,12.5,9.3,5.0,Convention Center,717 South Akard,Texas,Dallas,Dallas,"Dallas-Fort Worth-Arlington, TX",2025-03-20,56366,1,1,0,1,10.125588
48,113,69,88101,1,32.820061,-96.860117,WGS84,PM2.5 - Local Conditions,24 HOUR,PM25 Annual 2024,Quarterly Means of Daily Means,R & P Model 2025 PM-2.5 Sequential Air Sampler w/VSCC - Gravimetric,2024,Micrograms/cubic meter (LC),No Events,111,91,Y,111,122,0,1,,,Requested but not yet concurred,0,9.236036,5.312914,34.8,2024-08-01 00:00,31.7,2024-05-27 00:00,26.6,2024-05-21 00:00,22.9,2024-04-30 00:00,,,,,31.7,26.6,18.6,13.9,10.9,8.2,4.7,Dallas Hinton,1415 Hinton Street,Texas,Dallas,Dallas,"Dallas-Fort Worth-Arlington, TX",2025-03-20,56485,1,0,0,2,8.8537325
48,113,69,88101,2,32.820061,-96.860117,WGS84,PM2.5 - Local Conditions,24 HOUR,PM25 Annual 2024,Quarterly Means of Daily Means,R & P Model 2025 PM-2.5 Sequential Air Sampler w/VSCC - Gravimetric,2024,Micrograms/cubic meter (LC),No Events,28,93,Y,28,30,0,1,,,Requested but not yet concurred,0,8.471429,2.893397,16.8,2024-08-22 00:00,12.4,2024-05-06 00:00,12.1,2024-01-31 00:00,11.1,2024-10-21 00:00,,,,,16.8,16.8,12.4,12.1,10.6,8.5,5.7,Dallas Hinton,1415 Hinton Street,Texas,Dallas,Dallas,"Dallas-Fort Worth-Arlington, TX",2025-03-20,56493,1,0,1,2,8.8537325
48,135,1014,88101,1,31.870259,-102.334745,NAD83,PM2.5 - Local Conditions,24-HR BLK AVG,PM25 Annual 2024,Quarterly Means of Daily Means,,2024,Micrograms/cubic meter (LC),No Events,356,97,Y,356,366,0,0,,,Requested but not yet concurred,0,7.292978,3.67961,28.7,2024-03-24 00:00,25.5,2024-04-01 00:00,25.1,2024-08-01 00:00,21.2,2024-05-28 00:00,,,,,21.2,19.1,13.9,12.0,8.7,6.4,4.1,Odessa Gonzales,2700 Disney,Texas,Ector,Odessa,"Odessa, TX",2025-03-12,56759,1,1,0,1,7.292978
48,201,24,88101,4,29.901036,-95.326137,WGS84,PM2.5 - Local Conditions,24-HR BLK AVG,PM25 Annual 2024,Quarterly Means of Daily Means,,2024,Micrograms/cubic meter (LC),No Events,342,93,Y,342,366,0,0,,,Requested but not yet concurred,0,10.895614,4.714625,36.0,2024-05-09 00:00,35.2,2024-05-27 00:00,30.2,2024-07-31 00:00,28.4,2024-12-12 00:00,,,,,28.4,22.7,18.7,16.0,13.0,10.3,5.8,Houston Aldine,4510 1/2 Aldine Mail Rd,Texas,Harris,Houston,"Houston-The Woodlands-Sugar Land, TX",2025-03-24,57272,1,1,0,2,10.6061405
48,201,24,88101,5,29.901036,-95.326137,WGS84,PM2.5 - Local Conditions,24 HOUR,PM25 Annual 2024,Quarterly Means of Daily Means,R & P Model 2025 PM-2.5 Sequential Air Sampler w/VSCC - Gravimetric,2024,Micrograms/cubic meter (LC),No Events,30,93,Y,28,30,0,0,,,Requested but not yet concurred,0,10.316667,3.680712,18.2,2024-08-22 00:00,18.1,2024-05-18 00:00,15.6,2024-07-05 00:00,15.2,2024-10-09 00:00,,,,,18.2,18.2,18.1,15.6,12.9,10.8,7.3,Houston Aldine,4510 1/2 Aldine Mail Rd,Texas,Harris,Houston,"Houston-The Woodlands-Sugar Land, TX",2025-03-20,57280,1,0,1,2,10.6061405
48,201,46,88101,1,29.828086,-95.284096,WGS84,PM2.5 - Local Conditions,24-HR BLK AVG,PM25 Annual 2024,Quarterly Means of Daily Means,,2024,Micrograms/cubic meter (LC),No Events,330,90,Y,330,366,0,0,,,Requested but not yet concurred,0,13.102121,7.397003,103.1,2024-01-01 00:00,44.7,2024-05-09 00:00,32.4,2024-07-31 00:00,32.2,2024-05-22 00:00,,,,,32.2,27.3,22.5,20.3,15.9,12.1,6.6,Houston North Wayside,7330 1/2 North Wayside,Texas,Harris,Houston,"Houston-The Woodlands-Sugar Land, TX",2025-04-10,57386,1,1,0,1,13.102121
48,201,55,88101,1,29.695729,-95.499219,WGS84,PM2.5 - Local Conditions,24-HR BLK AVG,PM25 Annual 2024,Quarterly Means of Daily Means,,2024,Micrograms/cubic meter (LC),No Events,346,95,Y,346,366,0,0,,,Requested but not yet concurred,0,10.828035,5.576441,68.8,2024-01-01 00:00,40.7,2024-05-27 00:00,39.4,2024-05-09 00:00,32.0,2024-07-31 00:00,,,,,32.0,25.2,18.0,15.9,12.6,9.6,6.4,Houston Bayland Park,6400 Bissonnet Street,Texas,Harris,Houston,"Houston-The Woodlands-Sugar Land, TX",2025-03-24,57436,1,1,0,1,10.828035
48,201,66,88101,1,29.723333,-95.635833,WGS84,PM2.5 - Local Conditions,24-HR BLK AVG,PM25 Annual 2024,Quarterly Means of Daily Means,,2024,Micrograms/cubic meter (LC),No Events,339,93,Y,339,366,0,0,,,Requested but not yet concurred,0,9.191445,5.863584,53.2,2024-01-01 00:00,43.6,2024-05-27 00:00,43.2,2024-05-09 00:00,32.5,2024-07-31 00:00,,,,,32.5,26.9,18.8,14.9,11.2,7.9,4.2,Houston Westhollow,3333 1/2 Hwy 6 South,Texas,Harris,Houston,"Houston-The Woodlands-Sugar Land, TX",2025-04-10,57477,1,1,0,1,9.191445
48,201,1034,88101,1,29.767997,-95.220582,WGS84,PM2.5 - Local Conditions,24-HR BLK AVG,PM25 Annual 2024,Quarterly Means of Daily Means,,2024,Micrograms/cubic meter (LC),No Events,333,91,Y,333,366,0,0,,,Requested but not yet concurred,0,10.456456,6.031888,72.6,2024-01-01 00:00,43.1,2024-05-27 00:00,40.1,2024-05-09 00:00,32.1,2024-07-31 00:00,,,,,32.1,23.7,18.4,15.8,12.5,9.5,5.2,Houston East,1262 1/2 Mae Drive,Texas,Harris,Houston,"Houston-The Woodlands-Sugar Land, TX",2025-03-24,57567,1,1,0,1,10.456456
48,201,1035,88101,1,29.733726,-95.257593,WGS84,PM2.5 - Local Conditions,24 HOUR,PM25 Annual 2024,Quarterly Means of Daily Means,R & P Model 2025 PM-2.5 Sequential Air Sampler w/VSCC - Gravimetric,2024,Micrograms/cubic meter (LC),No Events,334,91,Y,334,366,0,0,,,Requested but not yet concurred,0,10.507186,5.179824,46.8,2024-01-01 00:00,41.4,2024-05-27 00:00,39.8,2024-05-09 00:00,25.9,2024-05-25 00:00,,,,,25.9,24.2,19.4,15.8,12.4,9.4,5.7,Clinton,9525 1/2 Clinton Dr,Texas,Harris,Houston,"Houston-The Woodlands-Sugar Land, TX",2025-03-25,57672,1,0,0,1,10.507186
48,201,1039,88101,6,29.670025,-95.128508,WGS84,PM2.5 - Local Conditions,24-HR BLK AVG,PM25 Annual 2024,Quarterly Means of Daily Means,,2024,Micrograms/cubic meter (LC),No Events,363,99,Y,363,366,0,0,,,Requested but not yet concurred,0,9.783471,5.118135,43.3,2024-05-27 00:00,41.3,2024-05-09 00:00,32.7,2024-07-31 00:00,29.9,2024-05-26 00:00,,,,,29.9,22.8,18.2,16.0,11.4,8.6,4.8,Houston Deer Park #2,4413 Glenwood Avenue,Texas,Harris,Deer Park,"Houston-The Woodlands-Sugar Land, TX",2025-03-24,57885,1,1,0,2,9.4692355
48,201,1039,88101,8,29.670025,-95.128508,WGS84,PM2.5 - Local Conditions,24 HOUR,PM25 Annual 2024,Quarterly Means of Daily Means,R & P Model 2025 PM-2.5 Sequential Air Sampler w/VSCC - Gravimetric,2024,Micrograms/cubic meter (LC),No Events,120,98,Y,120,122,0,0,,,Requested but not yet concurred,0,9.155,5.566358,38.3,2024-05-27 00:00,37.7,2024-05-09 00:00,25.2,2024-01-01 00:00,22.3,2024-07-02 00:00,,,,,37.7,25.2,20.2,15.6,10.6,7.8,4.8,Houston Deer Park #2,4413 Glenwood Avenue,Texas,Harris,Deer Park,"Houston-The Woodlands-Sugar Land, TX",2025-03-20,57893,1,0,1,2,9.4692355
48,201,1050,88101,1,29.583047,-95.015544,WGS84,PM2.5 - Local Conditions,24-HR BLK AVG,PM25 Annual 2024,Quarterly Means of Daily Means,,2024,Micrograms/cubic meter (LC),No Events,355,97,Y,355,366,0,0,,,Requested but not yet concurred,0,7.753803,4.122298,33.6,2024-05-27 00:00,31.6,2024-05-09 00:00,28.3,2024-07-31 00:00,22.0,2024-07-01 00:00,,,,,22.0,18.4,14.3,12.7,9.4,6.9,3.5,Seabrook Friendship Park,4522 Park Rd,Texas,Harris,Seabrook,"Houston-The Woodlands-Sugar Land, TX",2025-03-24,58060,1,1,0,1,7.753803
48,201,1052,88101,2,29.81453,-95.38769,WGS84,PM2.5 - Local Conditions,24-HR BLK AVG,PM25 Annual 2024,Quarterly Means of Daily Means,,2024,Micrograms/cubic meter (LC),No Events,341,93,Y,341,366,0,0,,,Requested but not yet concurred,0,12.104985,6.70806,94.0,2024-01-01 00:00,44.0,2024-05-09 00:00,40.9,2024-05-27 00:00,34.2,2024-07-31 00:00,,,,,34.2,26.5,20.8,17.5,13.7,11.2,6.8,Houston North Loop,822 North Loop,Texas,Harris,Houston,"Houston-The Woodlands-Sugar Land, TX",2025-03-24,58082,1,1,0,1,12.104985
48,203,2,88101,2,32.669001,-94.167468,NAD83,PM2.5 - Local Conditions,24-HR BLK AVG,PM25 Annual 2024,Quarterly Means of Daily Means,,2024,Micrograms/cubic meter (LC),Events Included,356,97,Y,356,366,0,0,,,Requested but not yet concurred,0,9.489045,12.811011,188.1,2024-04-05 00:00,129.1,2024-04-04 00:00,80.2,2024-04-06 00:00,30.0,2024-07-31 00:00,,,,,30.0,25.0,18.1,14.1,10.3,7.7,4.1,Karnack,Hwy 134 & Spur 449,Texas,Harrison,,"Marshall, TX",2025-10-24,58147,1,1,0,1,9.489045
48,215,43,88101,5,26.226343,-98.29085,WGS84,PM2.5 - Local Conditions,24-HR BLK AVG,PM25 Annual 2024,Quarterly Means of Daily Means,,2024,Micrograms/cubic meter (LC),No Events,365,100,Y,365,366,0,0,,,Requested but not yet concurred,0,14.038356,10.732333,63.8,2024-06-05 00:00,57.7,2024-05-27 00:00,57.4,2024-05-26 00:00,55.8,2024-05-24 00:00,,,,,55.8,46.8,37.6,28.6,17.3,10.5,5.2,Mission,2300 North Glasscock,Texas,Hidalgo,Mission,"McAllen-Edinburg-Mission, TX",2025-03-20,58251,1,1,0,1,14.038356
48,215,1046,88101,2,26.288622,-98.152066,WGS84,PM2.5 - Local Conditions,24-HR BLK AVG,PM25 Annual 2024,Quarterly Means of Daily Means,,2024,Micrograms/cubic meter (LC),Events Included,365,100,Y,365,366,0,0,,,Requested but not yet concurred,0,12.081918,9.159973,51.6,2024-05-27 00:00,49.8,2024-06-05 00:00,49.5,2024-05-26 00:00,49.3,2024-05-10 00:00,,,,,49.3,38.7,32.0,26.0,14.2,8.9,4.8,Edinburg East Freddy Gonzalez Drive,1491 East Freddy Gonzalez Drive,Texas,Hidalgo,Edinburg,"McAllen-Edinburg-Mission, TX",2025-10-24,58285,1,1,0,1,12.081918
48,245,21,88101,6,29.922894,-93.909018,WGS84,PM2.5 - Local Conditions,24-HR BLK AVG,PM25 Annual 2024,Quarterly Means of Daily Means,,2024,Micrograms/cubic meter (LC),No Events,354,97,Y,354,366,0,0,,,Requested but not yet concurred,0,9.493785,3.923578,34.9,2024-05-09 00:00,30.4,2024-07-31 00:00,25.3,2024-05-15 00:00,21.0,2024-05-08 00:00,,,,,21.0,18.3,15.8,14.5,11.5,8.7,5.2,Port Arthur Memorial School,2200 Jefferson Drive,Texas,Jefferson,Port Arthur,"Beaumont-Port Arthur, TX",2025-03-19,58468,1,1,0,1,9.493785
48,245,22,88101,2,29.863957,-94.317802,WGS84,PM2.5 - Local Conditions,24-HR BLK AVG,PM25 Annual 2024,Quarterly Means of Daily Means,,2024,Micrograms/cubic meter (LC),No Events,349,95,Y,349,366,0,0,,,Requested but not yet concurred,0,8.062178,3.914936,34.0,2024-05-09 00:00,30.5,2024-05-27 00:00,26.5,2024-07-31 00:00,17.2,2024-07-30 00:00,,,,,17.2,16.7,14.8,12.7,9.9,7.5,3.9,Hamshire,12552 Second St,Texas,Jefferson,,"Beaumont-Port Arthur, TX",2025-03-19,58493,1,1,0,1,8.062178
48,257,5,88101,1,32.564968,-96.317687,WGS84,PM2.5 - Local Conditions,24-HR BLK AVG,PM25 Annual 2024,Quarterly Means of Daily Means,,2024,Micrograms/cubic meter (LC),No Events,340,93,Y,340,366,0,0,,,Requested but not yet concurred,0,7.508824,4.692426,31.3,2024-08-01 00:00,30.9,2024-07-31 00:00,30.3,2024-05-27 00:00,27.9,2024-05-08 00:00,,,,,27.9,24.0,15.2,12.5,9.4,6.8,3.0,Kaufman,3790 S Houston St,Texas,Kaufman,Kaufman,"Dallas-Fort Worth-Arlington, TX",2025-03-20,58639,1,1,0,1,7.508824
48,273,314,88101,1,27.422433,-97.300869,WGS84,PM2.5 - Local Conditions,24-HR BLK AVG,PM25 Annual 2024,Quarterly Means of Daily Means,,2024,Micrograms/cubic meter (LC),Events Included,349,95,Y,349,366,0,0,,,Requested but not yet concurred,0,9.832378,7.259133,43.7,2024-05-09 00:00,38.0,2024-05-27 00:00,36.0,2024-05-10 00:00,35.7,2024-06-05 00:00,,,,,35.7,33.2,25.2,20.0,11.7,7.7,3.3,National Seashore,20420 Park Road,Texas,Kleberg,Corpus Christi,"Kingsville, TX",2025-10-24,58682,1,1,0,1,9.832378
48,303,1028,88101,1,33.58553,-101.78698,NAD83,PM2.5 - Local Conditions,24-HR BLK AVG,PM25 Annual 2024,Quarterly Means of Daily Means,,2024,Micrograms/cubic meter (LC),No Events,358,98,Y,358,366,0,0,,,Requested but not yet concurred,0,4.546927,3.527353,30.5,2024-02-27 00:00,19.4,2024-03-24 00:00,18.5,2024-08-01 00:00,16.7,2024-06-02 00:00,,,,,16.7,14.4,11.2,8.4,6.0,4.1,1.1,Lubbock 12th Street,3901 East 12th Street,Texas,Lubbock,Lubbock,"Lubbock, TX",2025-03-12,58698,1,1,0,1,4.546927
48,323,4,88101,1,28.704607,-100.451156,WGS84,PM2.5 - Local Conditions,24-HR BLK AVG,PM25 Annual 2024,Quarterly Means of Daily Means,,2024,Micrograms/cubic meter (LC),No Events,338,92,Y,338,366,0,0,,,Requested but not yet concurred,0,8.894379,6.690021,35.2,2024-05-25 00:00,33.1,2024-04-27 00:00,31.9,2024-07-31 00:00,30.6,2024-05-16 00:00,,,,,30.6,29.0,24.3,19.4,10.5,6.7,3.1,Eagle Pass,265 Foster Maldonado,Texas,Maverick,Eagle Pass,"Eagle Pass, TX",2025-03-20,58735,1,1,0,1,8.894379
48,339,78,88101,1,30.350302,-95.425128,WGS84,PM2.5 - Local Conditions,24-HR BLK AVG,PM25 Annual 2024,Quarterly Means of Daily Means,,2024,Micrograms/cubic meter (LC),No Events,358,98,Y,358,366,0,0,,,Requested but not yet concurred,0,12.105028,6.113935,39.7,2024-05-09 00:00,37.7,2024-12-03 00:00,36.8,2024-07-12 00:00,36.0,2024-01-01 00:00,,,,,36.0,29.0,23.5,20.3,14.7,10.7,5.7,Conroe Relocated,9472A Hwy 1484,Texas,Montgomery,Conroe,"Houston-The Woodlands-Sugar Land, TX",2025-03-24,58760,1,1,0,1,12.105028
48,349,1051,88101,1,32.031934,-96.399141,WGS84,PM2.5 - Local Conditions,24-HR BLK AVG,PM25 Annual 2024,Quarterly Means of Daily Means,,2024,Micrograms/cubic meter (LC),No Events,358,98,Y,358,366,0,0,,,Requested but not yet concurred,0,8.517318,5.099061,37.5,2024-05-08 00:00,33.5,2024-07-31 00:00,33.4,2024-05-27 00:00,32.5,2024-08-01 00:00,,,,,32.5,24.9,17.1,13.9,10.3,7.2,4.2,Corsicana Airport,Corsicana Airport,Texas,Navarro,Corsicana,"Corsicana, TX",2025-03-20,58792,1,1,0,1,8.517318
48,355,32,88101,3,27.804489,-97.431553,NAD83,PM2.5 - Local Conditions,24-HR BLK AVG,PM25 Annual 2024,Quarterly Means of Daily Means,,2024,Micrograms/cubic meter (LC),Events Included,364,99,Y,364,366,0,0,,,Requested but not yet concurred,0,10.291209,7.203365,45.8,2024-05-09 00:00,45.0,2024-05-27 00:00,40.6,2024-05-08 00:00,37.4,2024-06-05 00:00,,,,,37.4,34.5,25.8,19.7,12.2,8.2,4.3,Corpus Christi Huisache,3810 Huisache Street,Texas,Nueces,Corpus Christi,"Corpus Christi, TX",2025-10-24,58879,1,1,0,2,10.297253000000001
48,355,32,88101,4,27.804489,-97.431553,NAD83,PM2.5 - Local Conditions,24-HR BLK AVG,PM25 Annual 2024,Quarterly Means of Daily Means,,2024,Micrograms/cubic meter (LC),No Events,364,99,Y,364,366,0,0,,,Requested but not yet concurred,0,10.303297,7.352636,46.2,2024-05-27 00:00,45.5,2024-05-09 00:00,40.7,2024-05-08 00:00,37.7,2024-07-31 00:00,,,,,37.7,34.1,26.3,19.9,12.7,8.1,4.1,Corpus Christi Huisache,3810 Huisache Street,Texas,Nueces,Corpus Christi,"Corpus Christi, TX",2025-03-19,58888,1,1,1,2,10.297253000000001
48,355,34,88101,5,27.811817,-97.465703,WGS84,PM2.5 - Local Conditions,24 HOUR,PM25 Annual 2024,Quarterly Means of Daily Means,R & P Model 2025 PM-2.5 Sequential Air Sampler w/VSCC - Gravimetric,2024,Micrograms/cubic meter (LC),No Events,63,98,Y,60,61,0,0,,,Requested but not yet concurred,0,9.085714,6.263408,34.0,2024-06-05 00:00,28.3,2024-05-12 00:00,27.9,2024-05-24 00:00,21.0,2024-05-18 00:00,,,,,34.0,28.3,27.9,18.3,11.5,7.9,4.2,Dona Park,5707 Up River Rd,Texas,Nueces,Corpus Christi,"Corpus Christi, TX",2025-03-20,58942,1,0,0,1,9.085714
48,439,1002,88101,3,32.80581,-97.356529,NAD83,PM2.5 - Local Conditions,24-HR BLK AVG,PM25 Annual 2024,Quarterly Means of Daily Means,,2024,Micrograms/cubic meter (LC),Events Included,342,93,Y,342,366,0,0,,,Requested but not yet concurred,0,9.902924,5.432475,34.8,2024-10-03 00:00,32.6,2024-08-01 00:00,32.5,2024-05-22 00:00,32.0,2024-07-31 00:00,,,,,32.0,29.5,18.3,16.3,12.2,9.0,4.7,Fort Worth Northwest,3317 Ross Ave,Texas,Tarrant,Fort Worth,"Dallas-Fort Worth-Arlington, TX",2025-10-24,59310,1,1,0,1,9.902924
48,439,1006,88101,2,32.759154,-97.342332,NAD83,PM2.5 - Local Conditions,24-HR BLK AVG,PM25 Annual 2024,Quarterly Means of Daily Means,,2024,Micrograms/cubic meter (LC),Events Included,344,94,Y,344,366,0,0,,,Requested but not yet concurred,0,9.12064,4.743061,33.2,2024-08-01 00:00,31.5,2024-07-31 00:00,27.2,2024-05-25 00:00,26.3,2024-05-21 00:00,,,,,26.3,24.7,18.5,14.4,11.0,8.3,4.3,Haws Athletic Center,600 1/2 Congress St,Texas,Tarrant,Fort Worth,"Dallas-Fort Worth-Arlington, TX",2025-10-24,59336,1,1,0,1,9.12064
48,439,1053,88101,2,32.664753,-97.337917,NAD83,PM2.5 - Local Conditions,24-HR BLK AVG,PM25 Annual 2024,Quarterly Means of Daily Means,,2024,Micrograms/cubic meter (LC),No Events,333,91,Y,333,366,0,0,,,Requested but not yet concurred,0,8.941441,4.085586,30.6,2024-07-31 00:00,29.7,2024-05-27 00:00,27.5,2024-05-25 00:00,25.2,2024-06-04 00:00,,,,,25.2,19.1,16.9,13.6,10.7,8.2,4.8,Fort Worth California Parkway North,1198 California Parkway North,Texas,Tarrant,Fort Worth,"Dallas-Fort Worth-Arlington, TX",2025-03-20,59358,1,1,0,2,9.5576575
48,439,1053,88101,3,32.664753,-97.337917,NAD83,PM2.5 - Local Conditions,24-HR BLK AVG,PM25 Annual 2024,Quarterly Means of Daily Means,,2024,Micrograms/cubic meter (LC),No Events,333,91,Y,333,366,0,0,,,Requested but not yet concurred,0,10.173874,4.482799,32.4,2024-07-31 00:00,31.4,2024-05-27 00:00,31.2,2024-05-25 00:00,28.0,2024-06-04 00:00,,,,,28.0,21.8,18.2,15.5,12.1,9.4,5.5,Fort Worth California Parkway North,1198 California Parkway North,Texas,Tarrant,Fort Worth,"Dallas-Fort Worth-Arlington, TX",2025-03-20,59367,1,1,1,2,9.5576575
48,453,14,88101,1,30.354944,-97.761803,NAD83,PM2.5 - Local Conditions,24-HR BLK AVG,PM25 Annual 2024,Quarterly Means of Daily Means,,2024,Micrograms/cubic meter (LC),Events Included,357,98,Y,357,366,0,0,,,Requested but not yet concurred,0,9.30084,5.93855,43.1,2024-05-08 00:00,41.6,2024-05-27 00:00,34.9,2024-07-31 00:00,34.4,2024-05-24 00:00,,,,,34.4,31.1,21.5,15.1,10.7,7.8,4.7,Austin North Hills Drive,3824 North Hills Drive,Texas,Travis,Austin,"Austin-Round Rock, TX",2025-10-24,59560,1,1,0,1,9.30084
48,453,21,88101,4,30.263204,-97.712891,NAD83,PM2.5 - Local Conditions,24-HR BLK AVG,PM25 Annual 2024,Quarterly Means of Daily Means,,2024,Micrograms/cubic meter (LC),Events Included,366,100,Y,366,366,0,0,,,Requested but not yet concurred,0,10.72459,6.682354,51.8,2024-05-08 00:00,41.7,2024-05-27 00:00,37.4,2024-07-31 00:00,35.6,2024-05-09 00:00,,,,,35.6,32.7,23.8,17.1,12.7,8.8,5.0,Austin Webberville Rd,2600B Webberville Rd,Texas,Travis,Austin,"Austin-Round Rock, TX",2025-10-24,59609,1,1,0,1,10.72459
48,453,1068,88101,2,30.35386,-97.69166,NAD83,PM2.5 - Local Conditions,24-HR BLK AVG,PM25 Annual 2024,Quarterly Means of Daily Means,,2024,Micrograms/cubic meter (LC),No Events,346,95,Y,346,366,0,0,,,Requested but not yet concurred,0,9.954913,5.919184,44.3,2024-05-08 00:00,39.0,2024-05-27 00:00,35.6,2024-07-31 00:00,33.2,2024-05-26 00:00,,,,,33.2,30.6,20.9,16.1,11.7,8.5,5.0,Austin North Interstate 35,8912 N IH 35 SVRD SB,Texas,Travis,Austin,"Austin-Round Rock, TX",2025-03-19,59633,1,1,0,1,9.954913
48,479,313,88101,1,27.599444,-99.533333,WGS84,PM2.5 - Local Conditions,24-HR BLK AVG,PM25 Annual 2024,Quarterly Means of Daily Means,,2024,Micrograms/cubic meter (LC),Events Included,340,93,Y,340,366,0,0,,,Requested but not yet concurred,0,10.316471,8.669362,42.7,2024-05-25 00:00,41.9,2024-05-22 00:00,39.2,2024-05-21 00:00,39.1,2024-05-24 00:00,,,,,39.1,37.5,29.3,24.0,12.5,7.0,3.1,World Trade Bridge,Mines Road 11601 FM 1472,Texas,Webb,Laredo,"Laredo, TX",2025-10-24,59775,1,1,0,1,10.316471
6,5,2,44201,1,38.342606,-120.764426,NAD83,Ozone,8-HR RUN AVG BEGIN HOUR,Ozone 8-hour 2015,Daily maximum of 8-hour running average,,2024,Parts per million,No Events,6079,97,Y,356,366,0,0,6.0,6.0,Certified,0,0.043812,0.012608,0.083,2024-07-03 12:00,0.08,2024-07-12 11:00,0.076,2024-07-11 11:00,0.072,2024-08-28 11:00,,,,,0.072,0.07,0.064,0.062,0.053,0.043,0.028,Jackson-Clinton Road," 201 CLINTON ROAD, JACKSON, CA 95642",California,Amador,Jackson,,2025-03-08,4726,0,0,0,1,0.043812
6,7,8,44201,1,39.76168,-121.84047,NAD83,Ozone,8-HR RUN AVG BEGIN HOUR,Ozone 8-hour 2015,Daily maximum of 8-hour running average,,2024,Parts per million,No Events,6103,97,Y,356,366,0,0,0.0,0.0,Certified,0,0.042626,0.010806,0.07,2024-08-02 09:00,0.068,2024-06-22 10:00,0.067,2024-06-23 12:00,0.067,2024-06-24 13:00,,,,,0.067,0.063,0.06,0.057,0.05,0.042,0.029,Chico-East Avenue,"984 East Avenue, Chico",California,Butte,Chico,"Chico, CA",2025-02-10,4795,0,0,0,1,0.042626
6,7,2003,44201,1,39.75786,-121.60791,WGS84,Ozone,8-HR RUN AVG BEGIN HOUR,Ozone 8-hour 2015,Daily maximum of 8-hour running average,,2024,Parts per million,No Events,6160,98,Y,358,366,0,0,0.0,0.0,Certified,0,0.043226,0.008876,0.066,2024-08-29 09:00,0.064,2024-04-13 09:00,0.064,2024-08-28 09:00,0.064,2024-08-31 11:00,,,,,0.064,0.062,0.058,0.055,0.05,0.042,0.033,Paradise-Clark,"5921 Clark Rd, Paradise, CA 95969",California,Butte,Paradise,"Chico, CA",2025-02-07,4873,0,0,0,1,0.043226
6,9,1,44201,1,38.20185,-120.680277,NAD83,Ozone,8-HR RUN AVG BEGIN HOUR,Ozone 8-hour 2015,Daily maximum of 8-hour running average,,2024,Parts per million,No Events,5919,94,Y,344,366,0,0,8.0,8.0,Certified,0,0.043831,0.012774,0.079,2024-07-11 11:00,0.076,2024-07-12 12:00,0.072,2024-07-04 11:00,0.072,2024-08-28 12:00,,,,,0.072,0.071,0.066,0.062,0.053,0.043,0.028,San Andreas-Gold Strike Road,"501 GOLD STRIKE ROAD, SAN ANDREAS",California,Calaveras,San Andreas,,2025-03-08,4889,0,0,0,1,0.043831
6,17,20,44201,1,38.890941,-121.003373,WGS84,Ozone,8-HR RUN AVG BEGIN HOUR,Ozone 8-hour 2015,Daily maximum of 8-hour running average,,2024,Parts per million,No Events,3419,93,Y,199,214,0,0,6.0,6.0,Certified,0,0.052377,0.009573,0.074,2024-06-12 10:00,0.072,2024-06-22 11:00,0.072,2024-06-25 11:00,0.072,2024-07-04 11:00,,,,,0.072,0.072,0.068,0.066,0.06,0.051,0.04,Cool,"1400 AMERICAN RIVER TRAIL, COOL",California,El Dorado,,"Sacramento--Roseville--Arden-Arcade, CA",2025-01-14,5239,0,0,0,1,0.052377
6,17,2004,44201,1,38.73196,-120.81162,WGS84,Ozone,8-HR RUN AVG BEGIN HOUR,Ozone 8-hour 2015,Daily maximum of 8-hour running average,,2024,Parts per million,No Events,6210,100,Y,365,366,0,0,2.0,2.0,Certified,0,0.043351,0.010816,0.074,2024-07-12 12:00,0.071,2024-07-03 12:00,0.07,2024-06-28 12:00,0.067,2024-08-29 11:00,,,,,0.067,0.065,0.061,0.058,0.05,0.043,0.029,PLACERVILLE- CANAL STREET,"561 CANAL STREET, PLACERVILLE, CA 95667",California,El Dorado,Placerville,"Sacramento--Roseville--Arden-Arcade, CA",2025-01-14,5249,0,0,0,1,0.043351
6,19,7,44201,1,36.705474,-119.741332,NAD83,Ozone,8-HR RUN AVG BEGIN HOUR,Ozone 8-hour 2015,Daily maximum of 8-hour running average,,2024,Parts per million,No Events,6152,98,Y,358,366,0,0,35.0,35.0,Certified,0,0.045603,0.017623,0.085,2024-07-06 10:00,0.084,2024-07-04 09:00,0.084,2024-07-12 09:00,0.084,2024-10-02 10:00,,,,,0.084,0.079,0.077,0.069,0.059,0.045,0.023,Fresno-Drummond,"4706 E. DRUMMOND ST., FRESNO",California,Fresno,,"Fresno, CA",2025-03-08,5351,0,0,0,1,0.045603
6,19,11,44201,1,36.78538,-119.77321,NAD83,Ozone,8-HR RUN AVG BEGIN HOUR,Ozone 8-hour 2015,Daily maximum of 8-hour running average,,2024,Parts per million,No Events,5942,95,Y,347,366,0,0,9.0,9.0,Certified,0,0.040977,0.01476,0.085,2024-07-12 10:00,0.08,2024-06-12 09:00,0.079,2024-07-11 10:00,0.078,2024-07-07 09:00,,,,,0.078,0.073,0.066,0.062,0.052,0.039,0.023,Fresno - Garland,"3727 N FIRST ST, FRESNO",California,Fresno,Fresno,"Fresno, CA",2025-02-19,5435,0,0,0,1,0.040977
6,19,242,44201,1,36.841592,-119.874739,NAD83,Ozone,8-HR RUN AVG BEGIN HOUR,Ozone 8-hour 2015,Daily maximum of 8-hour running average,,2024,Parts per million,No Events,5972,95,Y,347,366,0,0,25.0,25.0,Certified,0,0.045643,0.016085,0.084,2024-07-06 09:00,0.084,2024-07-11 10:00,0.084,2024-10-02 10:00,0.082,2024-10-03 09:00,,,,,0.082,0.078,0.074,0.068,0.057,0.044,0.025,Fresno-Sky Park,"SIERRA SKYPARK#2-BLYTHE & CHNNLT, FRESNO",California,Fresno,Fresno,"Fresno, CA",2025-03-08,5601,0,0,0,1,0.045643
6,19,500,44201,1,36.985119,-119.658339,WGS84,Ozone,8-HR RUN AVG BEGIN HOUR,Ozone 8-hour 2015,Daily maximum of 8-hour running average,,2024,Parts per million,Events Included,6201,100,Y,365,366,0,0,62.0,62.0,Certification not required,0,0.050521,0.017211,0.093,2024-07-11 11:00,0.089,2024-07-12 10:00,0.089,2024-07-13 11:00,0.088,2024-07-06 11:00,,,,,0.088,0.086,0.081,0.075,0.063,0.047,0.03,Table Mountain Air Monitoring Site,Milerton Road and Winchell Cove Road,California,Fresno,,"Fresno, CA",2025-01-08,5610,2,0,0,1,0.050521
6,19,2009,44201,1,36.634225,-120.382331,WGS84,Ozone,8-HR RUN AVG BEGIN HOUR,Ozone 8-hour 2015,Daily maximum of 8-hour running average,Multiple Methods Used,2024,Parts per million,No Events,5925,95,Y,348,366,0,0,4.0,4.0,Certified,0,0.042595,0.012238,0.074,2024-07-04 10:00,0.073,2024-06-23 11:00,0.072,2024-10-02 10:00,0.071,2024-07-11 11:00,,,,,0.071,0.067,0.064,0.06,0.052,0.041,0.028,Tranquillity,32650 West Adams Avenue Tranquillity CA 93668,California,Fresno,,"Fresno, CA",2025-07-10,5634,0,0,0,1,0.042595
6,19,4001,44201,1,36.597442,-119.503659,NAD83,Ozone,8-HR RUN AVG BEGIN HOUR,Ozone 8-hour 2015,Daily maximum of 8-hour running average,,2024,Parts per million,No Events,6116,97,Y,355,366,0,0,51.0,51.0,Certified,0,0.049138,0.018234,0.092,2024-07-04 09:00,0.089,2024-07-03 10:00,0.089,2024-07-05 09:00,0.088,2024-10-01 09:00,,,,,0.088,0.083,0.079,0.074,0.064,0.049,0.026,Parlier,"9240 S. RIVERBEND, PARLIER 93648",California,Fresno,Parlier,"Fresno, CA",2025-03-14,5718,0,0,0,1,0.049138
6,19,5001,44201,1,36.819449,-119.716433,NAD83,Ozone,8-HR RUN AVG BEGIN HOUR,Ozone 8-hour 2015,Daily maximum of 8-hour running average,,2024,Parts per million,No Events,6123,97,Y,355,366,0,0,45.0,45.0,Certified,0,0.048107,0.017927,0.092,2024-10-02 09:00,0.091,2024-07-12 11:00,0.087,2024-06-22 09:00,0.087,2024-08-31 10:00,,,,,0.087,0.084,0.079,0.072,0.061,0.047,0.025,Clovis-Villa,"908 N VILLA AVE, CLOVIS",California,Fresno,Clovis,"Fresno, CA",2025-02-28,5797,0,0,0,1,0.048107
6,21,3,44201,1,39.53387,-122.190834,NAD83,Ozone,8-HR RUN AVG BEGIN HOUR,Ozone 8-hour 2015,Daily maximum of 8-hour running average,,2024,Parts per million,No Events,5870,94,Y,344,366,0,0,0.0,0.0,Certified,0,0.040308,0.008454,0.064,2024-04-13 09:00,0.06,2024-07-11 09:00,0.058,2024-05-13 11:00,0.057,2024-08-31 10:00,,,,,0.057,0.055,0.053,0.051,0.046,0.041,0.029,Willows-Colusa Street,"720 N Colusa Street, Willows",California,Glenn,,,2025-03-07,5895,0,0,0,1,0.040308
6,23,1004,44201,1,40.77678,-124.17949,NAD83,Ozone,8-HR RUN AVG BEGIN HOUR,Ozone 8-hour 2015,Daily maximum of 8-hour running average,,2024,Parts per million,No Events,5984,93,Y,341,366,0,0,0.0,0.0,Certified,0,0.032026,0.007811,0.049,2024-04-07 10:00,0.049,2024-04-14 20:00,0.048,2024-05-04 07:00,0.047,2024-01-31 15:00,,,,,0.047,0.046,0.043,0.041,0.038,0.032,0.022,Jacobs,717 SOUTH AVENUE,California,Humboldt,Eureka,"Eureka-Arcata-Fortuna, CA",2025-02-27,5928,0,0,0,1,0.032026
6,25,5,44201,1,32.67618,-115.48307,NAD83,Ozone,8-HR RUN AVG BEGIN HOUR,Ozone 8-hour 2015,Daily maximum of 8-hour running average,,2024,Parts per million,No Events,6140,99,Y,361,366,0,0,29.0,29.0,Certified,0,0.050161,0.013536,0.095,2024-07-08 08:00,0.091,2024-07-05 10:00,0.081,2024-06-01 09:00,0.081,2024-07-19 10:00,,,,,0.081,0.079,0.073,0.069,0.06,0.049,0.035,Calexico-Ethel Street,"1029 ETHEL ST, CALEXICO HIGH SCHOOL",California,Imperial,Calexico,"El Centro, CA",2025-03-08,6013,0,0,0,1,0.050161
6,25,4003,44201,1,33.0325,-115.62361,WGS84,Ozone,8-HR RUN AVG BEGIN HOUR,Ozone 8-hour 2015,Daily maximum of 8-hour running average,,2024,Parts per million,No Events,5578,89,Y,327,366,0,0,1.0,1.0,Certified,0,0.048208,0.009832,0.072,2024-06-01 10:00,0.07,2024-04-17 09:00,0.07,2024-07-08 10:00,0.069,2024-05-17 09:00,,,,,0.069,0.068,0.065,0.061,0.056,0.048,0.036,Westmorland,"202 W FIRST STREET, WESTMORLAND",California,Imperial,Westmorland,"El Centro, CA",2025-04-07,6143,0,0,0,1,0.048208
6,27,2,44201,1,37.360684,-118.330783,WGS84,Ozone,8-HR RUN AVG BEGIN HOUR,Ozone 8-hour 2015,Daily maximum of 8-hour running average,,2024,Parts per million,No Events,6192,99,Y,363,366,0,0,0.0,0.0,Certified,0,0.043928,0.006775,0.063,2024-05-19 10:00,0.062,2024-09-14 14:00,0.061,2024-10-18 13:00,0.059,2024-06-22 09:00,,,,,0.059,0.057,0.056,0.053,0.048,0.044,0.035,WMRC/NCORE,"WMRC/NCORE, 3000 E. LINE ST., BISHOP, CA. 93514",California,Inyo,,"Bishop, CA",2025-03-20,6176,0,0,0,1,0.043928
6,27,101,44201,1,36.508611,-116.847778,WGS84,Ozone,8-HR RUN AVG BEGIN HOUR,Ozone 8-hour 2015,Daily maximum of 8-hour running average,Multiple Methods Used,2024,Parts per million,No Events,6061,97,Y,354,366,0,0,7.0,7.0,Certified,0,0.04978,0.010243,0.076,2024-05-31 15:00,0.073,2024-07-27 13:00,0.072,2024-06-01 07:00,0.072,2024-07-31 11:00,,,,,0.072,0.07,0.066,0.063,0.057,0.051,0.036,Death Valley NP - Park Village,"DEATH VALLEY NM, DEATH VALLEY, CA",California,Inyo,,"Bishop, CA",2025-03-08,6354,0,0,0,1,0.04978
6,29,7,44201,1,35.345607,-118.851825,NAD83,Ozone,8-HR RUN AVG BEGIN HOUR,Ozone 8-hour 2015,Daily maximum of 8-hour running average,,2024,Parts per million,No Events,6126,98,Y,360,366,0,0,73.0,73.0,Certified,0,0.052478,0.018661,0.096,2024-10-01 10:00,0.096,2024-10-02 10:00,0.094,2024-07-11 10:00,0.088,2024-06-22 10:00,,,,,0.088,0.086,0.084,0.078,0.068,0.051,0.029,Edison,"JOHNSON FARM, EDISON, CA. 93320",California,Kern,,"Bakersfield, CA",2025-03-08,6546,0,0,0,1,0.052478
6,29,8,44201,1,35.051454,-119.40262,NAD83,Ozone,8-HR RUN AVG BEGIN HOUR,Ozone 8-hour 2015,Daily maximum of 8-hour running average,,2024,Parts per million,No Events,6128,98,Y,359,366,0,0,9.0,9.0,Certified,0,0.047203,0.012993,0.079,2024-07-11 11:00,0.078,2024-06-22 11:00,0.077,2024-07-06 11:00,0.075,2024-07-03 10:00,,,,,0.075,0.072,0.069,0.065,0.058,0.047,0.031,Maricopa,"755 Stanislaus St., Maricopa CA 93352",California,Kern,Maricopa,"Bakersfield, CA",2025-03-08,6556,0,0,0,1,0.047203
6,29,14,44201,1,35.356615,-119.062613,NAD83,Ozone,8-HR RUN AVG BEGIN HOUR,Ozone 8-hour 2015,Daily maximum of 8-hour running average,,2024,Parts per million,No Events,6169,99,Y,362,366,0,0,36.0,36.0,Certified,0,0.047942,0.017021,0.089,2024-10-02 10:00,0.087,2024-09-24 09:00,0.086,2024-06-22 11:00,0.085,2024-07-11 09:00,,,,,0.085,0.081,0.075,0.07,0.061,0.047,0.026,Bakersfield-California,"5558 California Ave., Bakersfield CA 93309",California,Kern,Bakersfield,"Bakersfield, CA",2025-03-08,6658,0,0,0,1,0.047942
6,29,20,44201,1,35.04944,-118.18893,WGS84,Ozone,8-HR RUN AVG BEGIN HOUR,Ozone 8-hour 2015,Daily maximum of 8-hour running average,,2024,Parts per million,No Events,6179,99,Y,362,366,0,0,20.0,20.0,Certified,0,0.05055,0.012357,0.08,2024-07-05 15:00,0.078,2024-07-15 16:00,0.077,2024-06-21 12:00,0.077,2024-07-03 17:00,,,,,0.077,0.075,0.072,0.068,0.061,0.049,0.035,Mojave-Pat Avenue,3200 Pat Avenue,California,Kern,Mojave,"Bakersfield, CA",2025-02-18,6885,0,0,0,1,0.05055
6,29,232,44201,1,35.438035,-119.016787,NAD83,Ozone,8-HR RUN AVG BEGIN HOUR,Ozone 8-hour 2015,Daily maximum of 8-hour running average,,2024,Parts per million,No Events,6184,99,Y,364,366,0,0,47.0,47.0,Certified,0,0.049871,0.016633,0.088,2024-10-02 10:00,0.087,2024-07-11 10:00,0.086,2024-06-22 12:00,0.085,2024-07-14 12:00,,,,,0.085,0.082,0.077,0.073,0.063,0.049,0.03,Oildale,"3311 Manor St, Oildale CA 93308",California,Kern,Oildale,"Bakersfield, CA",2025-03-08,6907,0,0,0,1,0.049871
6,29,2012,44201,1,35.331612,-118.999961,NAD83,Ozone,8-HR RUN AVG BEGIN HOUR,Ozone 8-hour 2015,Daily maximum of 8-hour running average,,2024,Parts per million,No Events,5686,90,Y,329,366,0,0,47.0,47.0,Certified,0,0.048647,0.018468,0.095,2024-07-11 09:00,0.09,2024-10-02 10:00,0.088,2024-07-03 09:00,0.087,2024-07-06 10:00,,,,,0.087,0.085,0.08,0.075,0.062,0.047,0.024,Bakersfield-Muni,2000 South Union Ave. Bakersfield CA  93307,California,Kern,Bakersfield,"Bakersfield, CA",2025-03-09,6978,0,0,0,1,0.048647
6,29,5002,44201,1,35.23918,-118.78863,NAD83,Ozone,8-HR RUN AVG BEGIN HOUR,Ozone 8-hour 2015,Daily maximum of 8-hour running average,,2024,Parts per million,No Events,5929,93,Y,339,366,0,0,65.0,65.0,Certified,0,0.05164,0.017278,0.091,2024-07-11 10:00,0.089,2024-07-05 09:00,0.087,2024-10-01 10:00,0.086,2024-07-03 10:00,,,,,0.086,0.084,0.081,0.076,0.066,0.05,0.031,Arvin-Di Giorgio,"19405 BUENA VISTA BLVD, ARVIN, CA., 93203",California,Kern,Arvin,"Bakersfield, CA",2025-03-09,7014,0,0,0,1,0.05164
6,29,6001,44201,1,35.503587,-119.272606,WGS84,Ozone,8-HR RUN AVG BEGIN HOUR,Ozone 8-hour 2015,Daily maximum of 8-hour running average,,2024,Parts per million,No Events,5828,93,Y,340,366,0,0,24.0,24.0,Certified,0,0.046706,0.015542,0.086,2024-09-24 10:00,0.085,2024-06-22 11:00,0.085,2024-10-02 09:00,0.083,2024-07-11 11:00,,,,,0.083,0.079,0.073,0.069,0.058,0.045,0.027,Shafter,"548 WALKER ST., SHAFTER, CA., 93263",California,Kern,Shafter,"Bakersfield, CA",2025-03-19,7070,0,0,0,1,0.046706
6,31,1004,44201,1,36.31567,-119.643447,NAD83,Ozone,8-HR RUN AVG BEGIN HOUR,Ozone 8-hour 2015,Daily maximum of 8-hour running average,,2024,Parts per million,No Events,6152,98,Y,357,366,0,0,25.0,25.0,Certified,0,0.045899,0.017385,0.088,2024-06-23 10:00,0.087,2024-09-06 11:00,0.084,2024-06-22 10:00,0.083,2024-10-03 10:00,,,,,0.083,0.079,0.073,0.069,0.059,0.046,0.022,Hanford-Irwin,"807 SOUTH IRWIN ST., HANFORD",California,Kings,Hanford,"Hanford-Corcoran, CA",2025-03-08,7157,0,0,0,1,0.045899
6,33,3002,44201,1,39.01893,-122.91333,NAD83,Ozone,8-HR RUN AVG BEGIN HOUR,Ozone 8-hour 2015,Daily maximum of 8-hour running average,,2024,Parts per million,No Events,6178,98,Y,360,366,0,0,0.0,0.0,Certified,0,0.034769,0.007389,0.059,2024-04-13 07:00,0.056,2024-05-08 15:00,0.051,2024-08-30 11:00,0.05,2024-08-28 12:00,,,,,0.05,0.049,0.048,0.044,0.04,0.035,0.025,Lakeport-S. Main Street,"2617 S. Main Street, Lakeport, CA 95453",California,Lake,Lakeport,"Clearlake, CA",2025-03-13,7180,0,0,0,1,0.034769
6,37,16,44201,1,34.14435,-117.85036,WGS84,Ozone,8-HR RUN AVG BEGIN HOUR,Ozone 8-hour 2015,Daily maximum of 8-hour running average,,2024,Parts per million,No Events,5675,90,Y,328,366,0,0,95.0,95.0,Certified,0,0.057311,0.021746,0.114,2024-09-07 11:00,0.112,2024-09-05 10:00,0.108,2024-07-19 10:00,0.107,2024-06-22 10:00,,,,,0.107,0.105,0.095,0.09,0.076,0.051,0.034,Glendora,"840 LAUREL, GLENDORA",California,Los Angeles,Glendora,"Los Angeles-Long Beach-Anaheim, CA",2025-03-27,7225,0,0,0,1,0.057311
6,37,113,44201,1,34.05111,-118.45636,WGS84,Ozone,8-HR RUN AVG BEGIN HOUR,Ozone 8-hour 2015,Daily maximum of 8-hour running average,,2024,Parts per million,No Events,6127,97,Y,356,366,0,0,0.0,0.0,Certified,0,0.040598,0.007364,0.069,2024-08-20 10:00,0.063,2024-09-06 10:00,0.059,2024-10-24 11:00,0.058,2024-09-07 09:00,,,,,0.058,0.056,0.052,0.049,0.045,0.041,0.031,West Los Angeles,"VA HOSPITAL, WEST LOS ANGELES",California,Los Angeles,West Los Angeles,"Los Angeles-Long Beach-Anaheim, CA",2025-03-19,7243,0,0,0,1,0.040598
6,37,1103,44201,1,34.06659,-118.22688,WGS84,Ozone,8-HR RUN AVG BEGIN HOUR,Ozone 8-hour 2015,Daily maximum of 8-hour running average,,2024,Parts per million,No Events,6145,98,Y,358,366,0,0,6.0,6.0,Certified,0,0.043953,0.01216,0.081,2024-09-08 08:00,0.08,2024-09-06 10:00,0.078,2024-09-07 09:00,0.072,2024-08-20 10:00,,,,,0.072,0.068,0.064,0.058,0.052,0.044,0.028,Los Angeles-North Main Street,"1630 N MAIN ST, LOS ANGELES",California,Los Angeles,Los Angeles,"Los Angeles-Long Beach-Anaheim, CA",2025-03-26,7422,0,0,0,1,0.043953
6,37,1201,44201,1,34.19925,-118.53276,WGS84,Ozone,8-HR RUN AVG BEGIN HOUR,Ozone 8-hour 2015,Daily maximum of 8-hour running average,,2024,Parts per million,No Events,6089,96,Y,350,366,0,0,46.0,46.0,Certified,0,0.051414,0.015302,0.097,2024-10-02 10:00,0.091,2024-10-04 09:00,0.09,2024-07-10 09:00,0.09,2024-10-03 10:00,,,,,0.09,0.085,0.078,0.073,0.062,0.05,0.033,Reseda,"18330 GAULT ST., RESEDA",California,Los Angeles,Reseda,"Los Angeles-Long Beach-Anaheim, CA",2025-03-18,7769,0,0,0,1,0.051414
6,37,1302,44201,1,33.901389,-118.205,WGS84,Ozone,8-HR RUN AVG BEGIN HOUR,Ozone 8-hour 2015,Daily maximum of 8-hour running average,,2024,Parts per million,No Events,5867,93,Y,339,366,0,0,0.0,0.0,Certified,0,0.041295,0.009306,0.064,2024-09-02 09:00,0.062,2024-08-20 09:00,0.062,2024-09-06 11:00,0.061,2024-10-10 10:00,,,,,0.061,0.059,0.056,0.053,0.048,0.042,0.028,Compton,700 North Bullis Road,California,Los Angeles,Compton,"Los Angeles-Long Beach-Anaheim, CA",2025-03-21,7806,0,0,0,1,0.041295
6,37,1602,44201,1,34.01029,-118.0685,NAD83,Ozone,8-HR RUN AVG BEGIN HOUR,Ozone 8-hour 2015,Daily maximum of 8-hour running average,,2024,Parts per million,No Events,5965,93,Y,340,366,0,0,12.0,12.0,Certified,0,0.046406,0.013312,0.093,2024-09-07 10:00,0.087,2024-09-06 10:00,0.085,2024-09-08 09:00,0.08,2024-08-10 10:00,,,,,0.08,0.076,0.067,0.062,0.056,0.046,0.029,Pico Rivera #2,"4144 SAN GABRIEL RIVER PKWY, PICO RIVERA",California,Los Angeles,Pico Rivera,"Los Angeles-Long Beach-Anaheim, CA",2025-03-18,7853,0,0,0,1,0.046406
6,37,1701,44201,1,34.06703,-117.7514,WGS84,Ozone,8-HR RUN AVG BEGIN HOUR,Ozone 8-hour 2015,Daily maximum of 8-hour running average,,2024,Parts per million,No Events,6090,97,Y,356,366,0,0,74.0,74.0,Certified,0,0.053149,0.019988,0.108,2024-07-10 11:00,0.107,2024-07-19 10:00,0.102,2024-07-05 11:00,0.1,2024-08-02 10:00,,,,,0.1,0.096,0.09,0.084,0.067,0.051,0.029,Pomona,"924 N. GAREY AVE., POMONA",California,Los Angeles,Pomona,"Los Angeles-Long Beach-Anaheim, CA",2025-03-18,7887,0,0,0,1,0.053149
6,37,2005,44201,1,34.1326,-118.1272,WGS84,Ozone,8-HR RUN AVG BEGIN HOUR,Ozone 8-hour 2015,Daily maximum of 8-hour running average,,2024,Parts per million,No Events,6157,99,Y,362,366,0,0,42.0,42.0,Certified,0,0.050202,0.015732,0.099,2024-09-06 09:00,0.096,2024-09-07 09:00,0.09,2024-06-22 10:00,0.087,2024-09-05 09:00,,,,,0.087,0.082,0.078,0.072,0.061,0.048,0.032,Pasadena,"752 S. WILSON AVE., PASADENA",California,Los Angeles,Pasadena,"Los Angeles-Long Beach-Anaheim, CA",2025-03-18,7901,0,0,0,1,0.050202
6,37,4009,44201,1,33.793713,-118.171019,NAD83,Ozone,8-HR RUN AVG BEGIN HOUR,Ozone 8-hour 2015,Daily maximum of 8-hour running average,,2024,Parts per million,No Events,5872,93,Y,340,366,0,0,1.0,1.0,Certified,0,0.040221,0.008286,0.071,2024-09-07 09:00,0.068,2024-09-08 09:00,0.062,2024-09-06 09:00,0.06,2024-06-23 09:00,,,,,0.06,0.056,0.053,0.05,0.046,0.041,0.03,Signal Hill (LBSH),1710 E. 20th Street,California,Los Angeles,Signal Hill,"Los Angeles-Long Beach-Anaheim, CA",2025-03-27,7976,0,0,0,1,0.040221
6,37,4010,44201,1,34.181977,-118.363036,NAD83,Ozone,8-HR RUN AVG BEGIN HOUR,Ozone 8-hour 2015,Daily maximum of 8-hour running average,,2024,Parts per million,No Events,6130,97,Y,356,366,0,0,33.0,33.0,Certified,0,0.050287,0.014146,0.086,2024-10-02 10:00,0.085,2024-09-07 10:00,0.081,2024-08-10 10:00,0.081,2024-10-04 10:00,,,,,0.081,0.078,0.075,0.069,0.06,0.05,0.033,North Hollywood (NOHO),10659 W. Delano Street,California,Los Angeles,Los Angeles,"Los Angeles-Long Beach-Anaheim, CA",2025-03-18,8019,0,0,0,1,0.050287
6,37,6012,44201,1,34.38344,-118.5284,WGS84,Ozone,8-HR RUN AVG BEGIN HOUR,Ozone 8-hour 2015,Daily maximum of 8-hour running average,,2024,Parts per million,No Events,6081,97,Y,355,366,0,0,94.0,94.0,Certified,0,0.057262,0.018787,0.114,2024-07-10 10:00,0.111,2024-07-09 10:00,0.108,2024-10-03 10:00,0.103,2024-07-03 09:00,,,,,0.103,0.098,0.091,0.083,0.071,0.054,0.037,Santa Clarita,"22224 PLACERITA CANYON RD, SANTA CLARITA",California,Los Angeles,Santa Clarita,"Los Angeles-Long Beach-Anaheim, CA",2025-03-18,8037,0,0,0,1,0.057262
6,37,9035,44201,1,34.725389,-118.178601,WGS84,Ozone,8-HR RUN AVG BEGIN HOUR,Ozone 8-hour 2015,Daily maximum of 8-hour running average,,2024,Parts per million,No Events,6205,100,Y,365,366,0,0,30.0,30.0,Certified,0,0.052737,0.012486,0.087,2024-07-09 13:00,0.083,2024-07-13 08:00,0.082,2024-06-21 11:00,0.081,2024-07-02 13:00,,,,,0.081,0.076,0.073,0.07,0.063,0.052,0.038,Lancaster - Fairgrounds,"2551 W. Avenue H Lancaster, CA",California,Los Angeles,Lancaster,"Los Angeles-Long Beach-Anaheim, CA",2025-02-27,8056,0,0,0,1,0.052737
6,39,4,44201,1,36.867125,-120.010158,NAD83,Ozone,8-HR RUN AVG BEGIN HOUR,Ozone 8-hour 2015,Daily maximum of 8-hour running average,,2024,Parts per million,No Events,5603,89,Y,327,366,0,0,11.0,11.0,Certified,0,0.046086,0.01519,0.082,2024-07-06 09:00,0.082,2024-07-11 09:00,0.078,2024-10-02 09:00,0.077,2024-06-23 10:00,,,,,0.077,0.075,0.07,0.066,0.058,0.046,0.025,Madera-Pump Yard,RD. 29 1/2 NO. OF AVE 8 MADERA COUNTY,California,Madera,Madera,"Madera, CA",2025-03-14,8123,0,0,0,1,0.046086
6,39,2010,44201,1,36.953256,-120.034203,WGS84,Ozone,8-HR RUN AVG BEGIN HOUR,Ozone 8-hour 2015,Daily maximum of 8-hour running average,,2024,Parts per million,No Events,6197,99,Y,364,366,0,0,19.0,19.0,Certified,0,0.045379,0.015191,0.082,2024-07-06 10:00,0.079,2024-07-12 12:00,0.079,2024-10-02 10:00,0.077,2024-06-22 10:00,,,,,0.077,0.074,0.071,0.066,0.057,0.044,0.025,Madera-City,28261 Avenue 14 Madera CA 93638,California,Madera,Madera,"Madera, CA",2025-03-09,8151,0,0,0,1,0.045379
6,43,3,44201,1,37.71325,-119.7062,WGS84,Ozone,8-HR RUN AVG BEGIN HOUR,Ozone 8-hour 2015,Daily maximum of 8-hour running average,,2024,Parts per million,No Events,6200,99,Y,363,366,0,0,4.0,4.0,Certified,0,0.048694,0.008251,0.08,2024-06-23 14:00,0.079,2024-07-31 12:00,0.078,2024-07-03 14:00,0.074,2024-06-22 14:00,,,,,0.074,0.067,0.064,0.06,0.053,0.047,0.039,Yosemite NP,"TURTLEBACK DOME, YOSEMITE NATL' PK 95389",California,Mariposa,,,2025-03-08,8272,0,0,0,1,0.048694
6,43,6,44201,1,37.54377,-119.83957,NAD83,Ozone,8-HR RUN AVG BEGIN HOUR,Ozone 8-hour 2015,Daily maximum of 8-hour running average,,2024,Parts per million,No Events,3532,95,Y,204,214,0,0,2.0,2.0,Certified,0,0.047716,0.009205,0.072,2024-10-08 12:00,0.071,2024-09-28 15:00,0.067,2024-06-23 12:00,0.065,2024-09-21 11:00,,,,,0.067,0.064,0.063,0.059,0.054,0.048,0.035,Jerseydale,"6440 JERSEYDALE ROAD, JERSEYDALE",California,Mariposa,,,2025-01-23,8357,0,0,0,1,0.047716
6,47,2024,44201,1,37.289732,-120.429718,WGS84,Ozone,8-HR RUN AVG BEGIN HOUR,Ozone 8-hour 2015,Daily maximum of 8-hour running average,,2024,Parts per million,No Events,6138,98,Y,359,366,0,0,31.0,31.0,Certified,0,0.047086,0.015668,0.086,2024-07-12 11:00,0.084,2024-10-02 10:00,0.081,2024-07-06 12:00,0.081,2024-08-07 11:00,,,,,0.081,0.079,0.075,0.069,0.059,0.045,0.028,Merced-Vierra,"3076 E Childs Ave Merced, CA 95341",California,Merced,Merced,"Merced, CA",2025-02-19,8401,0,0,0,1,0.047086
6,59,7,44201,1,33.83062,-117.93845,WGS84,Ozone,8-HR RUN AVG BEGIN HOUR,Ozone 8-hour 2015,Daily maximum of 8-hour running average,,2024,Parts per million,No Events,6156,99,Y,361,366,0,0,3.0,3.0,Certified,0,0.037928,0.009521,0.079,2024-09-07 10:00,0.076,2024-09-08 10:00,0.074,2024-09-06 10:00,0.064,2024-08-20 10:00,,,,,0.064,0.06,0.054,0.05,0.043,0.037,0.026,Anaheim,1630 W. PAMPAS LANE,California,Orange,Anaheim,"Los Angeles-Long Beach-Anaheim, CA",2025-03-20,8632,0,0,0,1,0.037928
6,59,5001,44201,1,33.92513,-117.95264,WGS84,Ozone,8-HR RUN AVG BEGIN HOUR,Ozone 8-hour 2015,Daily maximum of 8-hour running average,,2024,Parts per million,No Events,6063,96,Y,353,366,0,0,11.0,11.0,Certified,0,0.045167,0.012611,0.094,2024-09-07 10:00,0.09,2024-09-06 10:00,0.089,2024-09-08 09:00,0.08,2024-09-05 09:00,,,,,0.08,0.073,0.068,0.06,0.052,0.045,0.029,La Habra,"621 W. LAMBERT, LA HABRA",California,Orange,La Habra,"Los Angeles-Long Beach-Anaheim, CA",2025-03-27,8749,0,0,0,1,0.045167
6,61,3,44201,1,38.93568,-121.09959,NAD83,Ozone,8-HR RUN AVG BEGIN HOUR,Ozone 8-hour 2015,Daily maximum of 8-hour running average,,2024,Parts per million,No Events,6193,99,Y,361,366,0,0,24.0,24.0,Certified,0,0.045607,0.015795,0.082,2024-06-12 11:00,0.08,2024-06-25 10:00,0.079,2024-06-22 11:00,0.079,2024-07-23 10:00,,,,,0.079,0.076,0.071,0.068,0.057,0.044,0.026,Auburn-Atwood,"11645 Atwood Street, Auburn",California,Placer,Auburn,"Sacramento--Roseville--Arden-Arcade, CA",2025-01-16,8759,0,0,0,1,0.045607
6,61,4,44201,1,39.100174,-120.953832,WGS84,Ozone,8-HR RUN AVG BEGIN HOUR,Ozone 8-hour 2015,Daily maximum of 8-hour running average,,2024,Parts per million,No Events,6211,99,Y,364,366,0,0,0.0,0.0,Certified,0,0.043396,0.011773,0.069,2024-06-29 10:00,0.067,2024-06-12 13:00,0.067,2024-07-04 11:00,0.067,2024-08-29 10:00,,,,,0.067,0.066,0.064,0.061,0.052,0.042,0.029,Colfax-City Hall,"CITY HALL-33 S MAIN ST, COLFAX",California,Placer,Colfax,"Sacramento--Roseville--Arden-Arcade, CA",2025-03-08,8772,0,0,0,1,0.043396
6,61,6,44201,1,38.74643,-121.26498,NAD83,Ozone,8-HR RUN AVG BEGIN HOUR,Ozone 8-hour 2015,Daily maximum of 8-hour running average,,2024,Parts per million,No Events,6096,97,Y,356,366,0,0,14.0,14.0,Certified,0,0.043871,0.014379,0.078,2024-06-25 10:00,0.078,2024-07-04 11:00,0.078,2024-08-03 10:00,0.077,2024-06-22 10:00,,,,,0.077,0.074,0.069,0.063,0.054,0.043,0.025,Roseville-N Sunrise Ave," 151 NO SUNRISE BLVD, ROSEVILLE, CA",California,Placer,Roseville,"Sacramento--Roseville--Arden-Arcade, CA",2025-03-08,8829,0,0,0,1,0.043871
6,61,1004,44201,1,39.166017,-120.148833,WGS84,Ozone,8-HR RUN AVG BEGIN HOUR,Ozone 8-hour 2015,Daily maximum of 8-hour running average,,2024,Parts per million,No Events,5660,89,Y,326,366,0,0,0.0,0.0,Certified,0,0.044933,0.00735,0.064,2024-06-23 09:00,0.063,2024-04-13 16:00,0.063,2024-05-07 09:00,0.063,2024-06-15 07:00,,,,,0.063,0.059,0.056,0.054,0.05,0.045,0.036,Tahoe City-Fairway Drive,"221 Fairway Drive, Tahoe City, CA 96145",California,Placer,Tahoe City,"Sacramento--Roseville--Arden-Arcade, CA",2025-01-16,8857,0,0,0,1,0.044933
6,61,2003,44201,1,38.867937,-121.338353,NAD83,Ozone,8-HR RUN AVG BEGIN HOUR,Ozone 8-hour 2015,Daily maximum of 8-hour running average,,2024,Parts per million,No Events,6128,98,Y,357,366,0,0,0.0,0.0,Certified,0,0.038062,0.01096,0.065,2024-06-24 11:00,0.064,2024-06-12 09:00,0.063,2024-07-23 09:00,0.063,2024-09-27 10:00,,,,,0.063,0.06,0.056,0.052,0.046,0.037,0.024,Lincoln-2885 Moore Road,"2885 MOORE ROAD, LINCOLN, CA 95648",California,Placer,Lincoln,"Sacramento--Roseville--Arden-Arcade, CA",2025-01-16,8863,0,0,0,1,0.038062
6,65,9,44201,1,33.447867,-117.088649,WGS84,Ozone,8-HR RUN AVG BEGIN HOUR,Ozone 8-hour 2015,Daily maximum of 8-hour running average,,2024,Parts per million,No Events,5369,85,Y,312,366,0,0,10.0,10.0,Certification not required,0,0.048785,0.0089,0.082,2024-10-01 11:00,0.076,2024-10-02 10:00,0.075,2024-09-04 10:00,0.075,2024-09-05 09:00,,,,,0.075,0.072,0.067,0.061,0.053,0.047,0.039,Pechanga,"12705 Pechanga Rd., Temecula, CA 92592",California,Riverside,,"Riverside-San Bernardino-Ontario, CA",2025-10-10,8939,2,0,0,1,0.048785
6,65,10,44201,1,33.747236,-115.820124,NAD83,Ozone,8-HR RUN AVG BEGIN HOUR,Ozone 8-hour 2015,Daily maximum of 8-hour running average,,2024,Parts per million,No Events,6167,99,Y,361,366,0,0,2.0,2.0,Certified,0,0.050258,0.007994,0.074,2024-06-16 12:00,0.072,2024-06-01 11:00,0.07,2024-04-18 10:00,0.07,2024-06-19 12:00,,,,,0.07,0.069,0.065,0.061,0.056,0.05,0.04,Joshua Tree NP - Cottonwood Visitor Center,"Joshua Tree National Park, California",California,Riverside,Joshua Tree National Monument,"Riverside-San Bernardino-Ontario, CA",2025-02-27,8960,0,0,0,1,0.050258
6,65,12,44201,1,33.92086,-116.85841,WGS84,Ozone,8-HR RUN AVG BEGIN HOUR,Ozone 8-hour 2015,Daily maximum of 8-hour running average,,2024,Parts per million,No Events,6170,99,Y,361,366,0,0,73.0,73.0,Certified,0,0.05685,0.01654,0.111,2024-07-09 11:00,0.103,2024-07-24 12:00,0.102,2024-07-08 11:00,0.102,2024-07-10 12:00,,,,,0.102,0.096,0.092,0.081,0.067,0.053,0.04,Banning Airport,"200 S. HATHAWAY ST., BANNING CA",California,Riverside,Banning,"Riverside-San Bernardino-Ontario, CA",2025-03-21,8976,0,0,0,1,0.05685
6,65,16,44201,1,33.583018,-117.072202,NAD83,Ozone,8-HR RUN AVG BEGIN HOUR,Ozone 8-hour 2015,Daily maximum of 8-hour running average,,2024,Parts per million,No Events,6010,96,Y,350,366,0,0,5.0,5.0,Certified,0,0.047446,0.009186,0.077,2024-10-01 10:00,0.076,2024-09-09 10:00,0.072,2024-10-02 09:00,0.071,2024-07-11 10:00,,,,,0.071,0.069,0.065,0.06,0.053,0.046,0.037,Temecula,"33700 Borel Road, Winchester, CA 92596",California,Riverside,,"Riverside-San Bernardino-Ontario, CA",2025-03-19,8991,0,0,0,1,0.047446
6,65,1016,44201,1,33.944713,-116.830074,NAD83,Ozone,8-HR RUN AVG BEGIN HOUR,Ozone 8-hour 2015,Daily maximum of 8-hour running average,,2024,Parts per million,No Events,6045,96,Y,353,366,0,0,87.0,87.0,Certified,0,0.058674,0.017836,0.117,2024-07-09 11:00,0.113,2024-07-08 12:00,0.108,2024-07-04 10:00,0.107,2024-07-24 12:00,,,,,0.107,0.101,0.095,0.084,0.07,0.055,0.04,Morongo Air Monitoring Station,"12160 Santiago Rd. Banning, CA 92220",California,Riverside,Banning,"Riverside-San Bernardino-Ontario, CA",2025-01-21,9030,0,0,0,1,0.058674
6,65,2007,44201,1,33.72537,-116.206842,WGS84,Ozone,8-HR RUN AVG BEGIN HOUR,Ozone 8-hour 2015,Daily maximum of 8-hour running average,,2024,Parts per million,No Events,6187,99,Y,363,366,0,0,27.0,27.0,Certified,0,0.051989,0.012946,0.08,2024-06-01 09:00,0.08,2024-06-16 10:00,0.08,2024-07-08 13:00,0.079,2024-07-09 15:00,,,,,0.079,0.077,0.072,0.069,0.063,0.053,0.035,Indio Amistad High School,"44801 Golf Center Parkway, Indio CA, 92201",California,Riverside,Indio,"Riverside-San Bernardino-Ontario, CA",2025-03-27,9063,0,0,0,1,0.051989
6,65,5001,44201,1,33.85275,-116.54101,WGS84,Ozone,8-HR RUN AVG BEGIN HOUR,Ozone 8-hour 2015,Daily maximum of 8-hour running average,,2024,Parts per million,No Events,6155,98,Y,359,366,0,0,55.0,55.0,Certified,0,0.054379,0.013901,0.091,2024-07-08 11:00,0.09,2024-07-09 13:00,0.087,2024-06-06 11:00,0.087,2024-07-31 14:00,,,,,0.087,0.082,0.078,0.074,0.065,0.053,0.037,Palm Springs,"FS-590 RACQUET CLUB AVE, PALM SPRINGS",California,Riverside,Palm Springs,"Riverside-San Bernardino-Ontario, CA",2025-03-18,9108,0,0,0,1,0.054379
6,65,8001,44201,1,33.99958,-117.41601,WGS84,Ozone,8-HR RUN AVG BEGIN HOUR,Ozone 8-hour 2015,Daily maximum of 8-hour running average,,2024,Parts per million,No Events,6066,96,Y,352,366,0,0,98.0,98.0,Certified,0,0.057974,0.020659,0.111,2024-07-05 10:00,0.111,2024-07-10 10:00,0.109,2024-07-03 10:00,0.105,2024-10-05 10:00,,,,,0.105,0.101,0.097,0.088,0.073,0.054,0.035,Rubidoux,"5888 MISSION BLVD., RUBIDOUX",California,Riverside,Rubidoux,"Riverside-San Bernardino-Ontario, CA",2025-03-20,9346,0,0,0,1,0.057974
6,65,8005,44201,1,33.99636,-117.4924,NAD83,Ozone,8-HR RUN AVG BEGIN HOUR,Ozone 8-hour 2015,Daily maximum of 8-hour running average,,2024,Parts per million,No Events,6094,96,Y,352,366,0,0,78.0,78.0,Certified,0,0.054912,0.0193,0.104,2024-07-10 10:00,0.102,2024-07-05 10:00,0.101,2024-07-03 10:00,0.099,2024-09-09 09:00,,,,,0.099,0.095,0.092,0.083,0.069,0.052,0.032,Mira Loma (Van Buren),5130 POINSETTIA PLACE,California,Riverside,Mira Loma,"Riverside-San Bernardino-Ontario, CA",2025-03-27,9677,0,0,0,1,0.054912
6,65,9001,44201,1,33.67649,-117.33098,WGS84,Ozone,8-HR RUN AVG BEGIN HOUR,Ozone 8-hour 2015,Daily maximum of 8-hour running average,,2024,Parts per million,No Events,6111,96,Y,353,366,0,0,49.0,49.0,Certified,0,0.052499,0.014511,0.099,2024-07-11 10:00,0.098,2024-07-03 09:00,0.097,2024-07-10 10:00,0.095,2024-07-09 09:00,,,,,0.095,0.087,0.08,0.075,0.06,0.048,0.038,Lake Elsinore,"506 W FLINT ST, LAKE ELSINORE",California,Riverside,Lake Elsinore,"Riverside-San Bernardino-Ontario, CA",2025-03-25,9785,0,0,0,1,0.052499
6,65,9003,44201,1,33.61235,-114.60209,NAD83,Ozone,8-HR RUN AVG BEGIN HOUR,Ozone 8-hour 2015,Daily maximum of 8-hour running average,,2024,Parts per million,No Events,5921,95,Y,346,366,0,0,0.0,0.0,Certified,0,0.040266,0.007044,0.06,2024-09-02 09:00,0.058,2024-09-12 09:00,0.055,2024-07-08 09:00,0.055,2024-08-04 09:00,,,,,0.055,0.054,0.052,0.05,0.045,0.04,0.031,Blythe-445 W Murphy Street,"495 W MURPHY STREET, BLYTHE",California,Riverside,Blythe,"Riverside-San Bernardino-Ontario, CA",2025-03-08,9799,0,0,0,1,0.040266
6,67,6,44201,1,38.613779,-121.368014,WGS84,Ozone,8-HR RUN AVG BEGIN HOUR,Ozone 8-hour 2015,Daily maximum of 8-hour running average,,2024,Parts per million,No Events,5852,92,Y,335,366,0,0,14.0,14.0,Certified,0,0.045072,0.01345,0.082,2024-07-10 11:00,0.081,2024-07-06 11:00,0.081,2024-07-12 10:00,0.08,2024-07-04 10:00,,,,,0.08,0.076,0.068,0.063,0.053,0.045,0.029,Sacramento-Del Paso Manor,"DEL PASO-2701 AVALON DR, SACRAMENTO",California,Sacramento,Arden-Arcade,"Sacramento--Roseville--Arden-Arcade, CA",2025-03-08,9815,0,0,0,1,0.045072
6,67,10,44201,1,38.56844,-121.49311,NAD83,Ozone,8-HR RUN AVG BEGIN HOUR,Ozone 8-hour 2015,Daily maximum of 8-hour running average,,2024,Parts per million,No Events,6139,98,Y,358,366,0,0,3.0,3.0,Certified,0,0.040612,0.011386,0.077,2024-07-10 11:00,0.073,2024-07-06 10:00,0.071,2024-07-04 10:00,0.069,2024-07-11 10:00,,,,,0.069,0.068,0.061,0.054,0.048,0.041,0.026,Sacramento-1309 T Street,"1309 T ST., SACRAMENTO, CA. 95814",California,Sacramento,Sacramento,"Sacramento--Roseville--Arden-Arcade, CA",2025-03-08,9939,0,0,0,1,0.040612
6,67,11,44201,1,38.302591,-121.420838,WGS84,Ozone,8-HR RUN AVG BEGIN HOUR,Ozone 8-hour 2015,Daily maximum of 8-hour running average,,2024,Parts per million,No Events,5590,87,Y,317,366,0,0,0.0,0.0,Certified,0,0.026776,0.007964,0.059,2024-07-11 11:00,0.053,2024-07-23 10:00,0.049,2024-06-24 12:00,0.048,2024-06-25 08:00,,,,,0.048,0.045,0.041,0.038,0.031,0.026,0.017,Elk Grove-Bruceville," 12490 BRUCEVILLE RD, ELK GROVE, CA",California,Sacramento,,"Sacramento--Roseville--Arden-Arcade, CA",2025-03-08,10023,0,0,0,1,0.026776
6,67,12,44201,1,38.683304,-121.164457,WGS84,Ozone,8-HR RUN AVG BEGIN HOUR,Ozone 8-hour 2015,Daily maximum of 8-hour running average,,2024,Parts per million,No Events,5800,89,Y,327,366,0,0,0.0,0.0,Certified,0,0.036664,0.010506,0.067,2024-07-10 12:00,0.066,2024-06-25 10:00,0.066,2024-07-12 11:00,0.065,2024-07-11 09:00,,,,,0.065,0.061,0.055,0.051,0.044,0.036,0.024,Folsom-Natoma St.,"50 NATOMA STREET, FOLSOM",California,Sacramento,Folsom,"Sacramento--Roseville--Arden-Arcade, CA",2025-03-08,10042,0,0,0,1,0.036664
6,69,3,44201,1,36.48324,-121.15688,WGS84,Ozone,8-HR RUN AVG BEGIN HOUR,Ozone 8-hour 2015,Daily maximum of 8-hour running average,,2024,Parts per million,No Events,6032,96,Y,350,366,0,0,1.0,1.0,Certified,0,0.043154,0.009097,0.072,2024-07-05 12:00,0.07,2024-07-03 10:00,0.064,2024-08-27 10:00,0.063,2024-07-02 12:00,,,,,0.063,0.062,0.059,0.057,0.05,0.042,0.033,Pinnacles NP,"Northeast entrance, Pinnacles National Park",California,San Benito,,"San Jose-Sunnyvale-Santa Clara, CA",2025-03-08,10137,0,0,0,1,0.043154
6,71,1,44201,1,34.89405,-117.02471,WGS84,Ozone,8-HR RUN AVG BEGIN HOUR,Ozone 8-hour 2015,Daily maximum of 8-hour running average,,2024,Parts per million,No Events,6089,97,Y,354,366,0,0,24.0,24.0,Certified,0,0.051418,0.013847,0.082,2024-07-02 16:00,0.081,2024-09-14 09:00,0.08,2024-06-28 11:00,0.078,2024-06-21 11:00,,,,,0.078,0.075,0.072,0.068,0.062,0.053,0.032,Barstow,"301 E. Mountain View, BARSTOW",California,San Bernardino,Barstow,"Riverside-San Bernardino-Ontario, CA",2025-03-11,10201,0,0,0,1,0.051418
6,71,5,44201,1,34.2431,-117.27235,WGS84,Ozone,8-HR RUN AVG BEGIN HOUR,Ozone 8-hour 2015,Daily maximum of 8-hour running average,,2024,Parts per million,No Events,6140,99,Y,361,366,0,0,105.0,105.0,Certified,0,0.059975,0.020323,0.121,2024-07-12 14:00,0.12,2024-07-09 11:00,0.111,2024-07-02 13:00,0.11,2024-07-11 11:00,,,,,0.11,0.103,0.099,0.09,0.075,0.056,0.038,Crestline,"LAKE GREGORY-LAKE DR, CRESTLINE",California,San Bernardino,Crestline,"Riverside-San Bernardino-Ontario, CA",2025-03-21,10213,0,0,0,1,0.059975
6,71,306,44201,1,34.510961,-117.32554,NAD83,Ozone,8-HR RUN AVG BEGIN HOUR,Ozone 8-hour 2015,Daily maximum of 8-hour running average,,2024,Parts per million,No Events,6044,95,Y,348,366,0,0,46.0,46.0,Certified,0,0.054612,0.014913,0.097,2024-07-08 16:00,0.096,2024-07-12 16:00,0.093,2024-07-09 15:00,0.088,2024-07-17 18:00,,,,,0.088,0.086,0.079,0.074,0.066,0.055,0.036,Victorville-Park Avenue,"14306 PARK AVE., VICTORVILLE, CA",California,San Bernardino,Victorville,"Riverside-San Bernardino-Ontario, CA",2025-03-11,10287,0,0,0,1,0.054612
6,71,1234,44201,1,35.77446,-117.3721,WGS84,Ozone,8-HR RUN AVG BEGIN HOUR,Ozone 8-hour 2015,Daily maximum of 8-hour running average,,2024,Parts per million,No Events,5929,91,Y,333,366,0,0,10.0,10.0,Certified,0,0.049456,0.013239,0.079,2024-06-21 11:00,0.076,2024-07-16 09:00,0.074,2024-09-14 09:00,0.073,2024-07-15 10:00,,,,,0.073,0.072,0.069,0.065,0.059,0.051,0.032,Trona - Athol/Telescope #2,"Corner of Athol and Telescope, Trona",California,San Bernardino,Searles Valley,"Riverside-San Bernardino-Ontario, CA",2025-03-11,10320,0,0,0,1,0.049456
6,71,2002,44201,1,34.10002,-117.49201,WGS84,Ozone,8-HR RUN AVG BEGIN HOUR,Ozone 8-hour 2015,Daily maximum of 8-hour running average,,2024,Parts per million,No Events,6039,96,Y,351,366,0,0,91.0,91.0,Certified,0,0.055205,0.022567,0.117,2024-07-10 11:00,0.111,2024-07-05 11:00,0.11,2024-07-03 09:00,0.109,2024-07-11 10:00,,,,,0.109,0.103,0.095,0.089,0.072,0.05,0.028,Fontana,"14360 ARROW BLVD., FONTANA",California,San Bernardino,Fontana,"Riverside-San Bernardino-Ontario, CA",2025-03-26,10344,0,0,0,1,0.055205
6,71,4001,44201,1,34.41651,-117.28563,WGS84,Ozone,8-HR RUN AVG BEGIN HOUR,Ozone 8-hour 2015,Daily maximum of 8-hour running average,,2024,Parts per million,No Events,6100,97,Y,354,366,0,0,66.0,66.0,Certified,0,0.055305,0.015498,0.106,2024-07-11 16:00,0.096,2024-07-02 15:00,0.096,2024-07-12 15:00,0.094,2024-07-09 12:00,,,,,0.094,0.086,0.08,0.077,0.067,0.055,0.036,Hesperia-Olive Street,"17288 OLIVE ST., HESPERIA",California,San Bernardino,Hesperia,"Riverside-San Bernardino-Ontario, CA",2025-03-11,10436,0,0,0,1,0.055305
6,71,4003,44201,1,34.05977,-117.14731,WGS84,Ozone,8-HR RUN AVG BEGIN HOUR,Ozone 8-hour 2015,Daily maximum of 8-hour running average,,2024,Parts per million,No Events,6186,99,Y,363,366,0,0,111.0,111.0,Certified,0,0.059534,0.023999,0.131,2024-07-05 11:00,0.127,2024-07-11 10:00,0.121,2024-07-09 11:00,0.117,2024-07-03 11:00,,,,,0.117,0.112,0.103,0.095,0.078,0.055,0.033,Redlands,"500 N. DEARBORN, REDLANDS, CA. 92373",California,San Bernardino,Redlands,"Riverside-San Bernardino-Ontario, CA",2025-03-18,10448,0,0,0,1,0.059534
6,71,9002,44201,1,34.06957,-116.38893,WGS84,Ozone,8-HR RUN AVG BEGIN HOUR,Ozone 8-hour 2015,Daily maximum of 8-hour running average,,2024,Parts per million,No Events,5995,95,Y,349,366,0,0,32.0,32.0,Certified,0,0.05512,0.011107,0.085,2024-07-11 13:00,0.082,2024-07-09 14:00,0.08,2024-07-04 13:00,0.079,2024-07-10 12:00,,,,,0.079,0.078,0.075,0.07,0.064,0.054,0.042,Joshua Tree NP,JOSHUA TREE NATIONAL MONUMENT,California,San Bernardino,,"Riverside-San Bernardino-Ontario, CA",2025-03-08,10496,0,0,0,1,0.05512
6,71,9004,44201,1,34.106678,-117.274063,NAD83,Ozone,8-HR RUN AVG BEGIN HOUR,Ozone 8-hour 2015,Daily maximum of 8-hour running average,,2024,Parts per million,No Events,6091,96,Y,352,366,0,0,109.0,109.0,Certified,0,0.058983,0.023715,0.121,2024-07-05 10:00,0.118,2024-07-03 11:00,0.117,2024-07-10 11:00,0.116,2024-07-11 11:00,,,,,0.116,0.11,0.102,0.094,0.076,0.054,0.033,San Bernardino,"24302 4TH ST., SAN BERNARDINO, CA.",California,San Bernardino,San Bernardino,"Riverside-San Bernardino-Ontario, CA",2025-03-25,10559,0,0,0,1,0.058983
6,73,1,44201,1,32.631242,-117.059088,NAD83,Ozone,8-HR RUN AVG BEGIN HOUR,Ozone 8-hour 2015,Daily maximum of 8-hour running average,,2024,Parts per million,No Events,6071,95,Y,349,366,0,0,0.0,0.0,Certified,0,0.043341,0.006764,0.068,2024-09-08 10:00,0.064,2024-09-07 11:00,0.059,2024-11-01 10:00,0.058,2024-09-09 09:00,,,,,0.058,0.058,0.055,0.053,0.047,0.043,0.035,Chula Vista,"84 E. 'J' ST., CHULA VISTA",California,San Diego,Chula Vista,"San Diego-Carlsbad, CA",2025-04-29,10683,0,0,0,1,0.043341
6,73,1006,44201,1,32.842318,-116.768293,NAD83,Ozone,8-HR RUN AVG BEGIN HOUR,Ozone 8-hour 2015,Daily maximum of 8-hour running average,,2024,Parts per million,No Events,6129,97,Y,356,366,0,0,28.0,28.0,Certified,0,0.053716,0.010644,0.088,2024-09-06 10:00,0.087,2024-07-10 10:00,0.085,2024-07-09 11:00,0.084,2024-10-02 09:00,,,,,0.084,0.08,0.073,0.068,0.06,0.052,0.042,Alpine,"2300 VICTORIA DR., ALPINE",California,San Diego,Alpine,"San Diego-Carlsbad, CA",2025-04-29,10736,0,0,0,1,0.053716
6,73,1008,44201,1,33.217046,-117.396249,WGS84,Ozone,8-HR RUN AVG BEGIN HOUR,Ozone 8-hour 2015,Daily maximum of 8-hour running average,,2024,Parts per million,No Events,6012,95,Y,349,366,0,0,0.0,0.0,Certified,0,0.042808,0.006154,0.065,2024-10-11 12:00,0.059,2024-04-13 19:00,0.058,2024-04-15 11:00,0.058,2024-04-21 12:00,,,,,0.058,0.057,0.053,0.05,0.047,0.043,0.035,Camp Pendleton,21441-W B STREET,California,San Diego,Camp Pendleton South,"San Diego-Carlsbad, CA",2025-04-25,10754,0,0,0,1,0.042808
6,73,1014,44201,1,32.578165,-116.921374,WGS84,Ozone,8-HR RUN AVG BEGIN HOUR,Ozone 8-hour 2015,Daily maximum of 8-hour running average,,2024,Parts per million,No Events,6161,98,Y,359,366,0,0,3.0,3.0,Certified,0,0.046173,0.007248,0.076,2024-09-09 09:00,0.073,2024-09-07 10:00,0.071,2024-09-08 10:00,0.065,2024-09-06 09:00,,,,,0.065,0.061,0.058,0.055,0.051,0.046,0.037,Donovan,"480 ALTA RD, OTAY MESA, CA",California,San Diego,Otay Mesa,"San Diego-Carlsbad, CA",2025-04-25,10861,0,0,0,1,0.046173
6,73,1016,44201,1,32.845709,-117.123964,NAD83,Ozone,8-HR RUN AVG BEGIN HOUR,Ozone 8-hour 2015,Daily maximum of 8-hour running average,,2024,Parts per million,No Events,6140,98,Y,358,366,0,0,3.0,3.0,Certified,0,0.045743,0.006961,0.08,2024-09-08 11:00,0.073,2024-09-07 09:00,0.071,2024-09-05 10:00,0.07,2024-09-09 08:00,,,,,0.07,0.061,0.058,0.054,0.05,0.045,0.038,San Diego - Kearny Villa Rd.,"6125A KEARNY VILLA RD., SAN DIEGO",California,San Diego,San Diego,"San Diego-Carlsbad, CA",2025-04-29,10911,0,0,0,1,0.045743
6,73,1022,44201,1,32.789565,-116.944308,NAD83,Ozone,8-HR RUN AVG BEGIN HOUR,Ozone 8-hour 2015,Daily maximum of 8-hour running average,,2024,Parts per million,No Events,5166,94,Y,345,366,0,0,5.0,5.0,Certified,0,0.0484,0.009247,0.09,2024-09-09 09:00,0.085,2024-09-07 09:00,0.081,2024-09-05 10:00,0.074,2024-09-06 09:00,,,,,0.074,0.069,0.064,0.06,0.054,0.048,0.038,El Cajon - Lexington Elementary School,533 First Street,California,San Diego,El Cajon,"San Diego-Carlsbad, CA",2025-04-29,11057,0,0,0,1,0.0484
6,73,1026,44201,1,32.710177,-117.142665,NAD83,Ozone,8-HR RUN AVG BEGIN HOUR,Ozone 8-hour 2015,Daily maximum of 8-hour running average,,2024,Parts per million,No Events,6162,98,Y,358,366,0,0,0.0,0.0,Certified,0,0.041246,0.006487,0.067,2024-09-08 11:00,0.056,2024-04-15 11:00,0.056,2024-04-21 13:00,0.056,2024-09-07 10:00,,,,,0.056,0.054,0.052,0.05,0.045,0.041,0.033,San Diego - Sherman Elementary School,450B 24th Street,California,San Diego,San Diego,"San Diego-Carlsbad, CA",2025-04-30,11303,0,0,0,1,0.041246
6,73,1201,44201,1,33.362593,-117.09023,WGS84,Ozone,8-HR RUN AVG BEGIN HOUR,Ozone 8-hour 2015,Daily maximum of 8-hour running average,,2024,Parts per million,Events Included,6217,100,Y,365,366,0,0,0.0,0.0,Certification not required,0,0.031038,0.01396,0.07,2024-09-09 15:00,0.06,2024-11-11 22:00,0.059,2024-09-07 15:00,0.059,2024-12-09 23:00,,,,,0.059,0.056,0.052,0.046,0.04,0.032,0.003,Pala Airpad,"10848 HWY 76, PALA, CA 92059",California,San Diego,Pala,"San Diego-Carlsbad, CA",2025-05-08,11335,2,0,0,1,0.031038
6,73,9991,44201,1,32.725189,-116.36441,WGS84,Ozone,8-HR RUN AVG BEGIN HOUR,Ozone 8-hour 2015,Daily maximum of 8-hour running average,,2024,Parts per million,No Events,5599,89,Y,324,366,0,0,23.0,23.0,Certified,0,0.054574,0.01,0.089,2024-07-09 13:00,0.08,2024-07-08 10:00,0.079,2024-07-12 12:00,0.078,2024-07-11 11:00,,,,,0.078,0.074,0.072,0.067,0.062,0.054,0.042,La Posta Band of Indians,8 Crestwood Rd,California,San Diego,Boulevard,"San Diego-Carlsbad, CA",2025-03-07,11540,0,0,0,1,0.054574
6,77,1003,44201,1,37.961578,-121.281414,WGS84,Ozone,8-HR RUN AVG BEGIN HOUR,Ozone 8-hour 2015,Daily maximum of 8-hour running average,,2024,Parts per million,No Events,6020,94,Y,344,366,0,0,2.0,2.0,Certified,0,0.038686,0.011785,0.082,2024-10-03 09:00,0.074,2024-09-24 11:00,0.067,2024-06-24 09:00,0.067,2024-10-01 10:00,,,,,0.067,0.064,0.058,0.053,0.046,0.039,0.023,Stockton - University Park,"702 N Aurora Street, Stockton, CA 95202",California,San Joaquin,Stockton,"Stockton-Lodi, CA",2025-03-06,11713,0,0,0,1,0.038686
6,77,3005,44201,1,37.682635,-121.442495,NAD83,Ozone,8-HR RUN AVG BEGIN HOUR,Ozone 8-hour 2015,Daily maximum of 8-hour running average,,2024,Parts per million,No Events,6095,96,Y,352,366,0,0,3.0,3.0,Certified,0,0.039105,0.011731,0.077,2024-07-23 10:00,0.072,2024-10-03 10:00,0.071,2024-08-03 10:00,0.068,2024-07-18 10:00,,,,,0.068,0.067,0.06,0.056,0.046,0.037,0.026,Tracy-Airport,"5749 S. TRACY BLVD., TRACY",California,San Joaquin,Tracy,"Stockton-Lodi, CA",2025-02-19,11762,0,0,0,1,0.039105
6,79,5,44201,1,35.614668,-120.656912,NAD83,Ozone,8-HR RUN AVG BEGIN HOUR,Ozone 8-hour 2015,Daily maximum of 8-hour running average,,2024,Parts per million,No Events,6199,99,Y,364,366,0,0,0.0,0.0,Certified,0,0.039327,0.00816,0.065,2024-10-02 10:00,0.064,2024-10-01 09:00,0.06,2024-09-05 11:00,0.059,2024-10-03 10:00,,,,,0.059,0.057,0.054,0.051,0.044,0.038,0.031,Paso Robles,"235 SANTA FE AVENUE, PASO ROBLES, CA",California,San Luis Obispo,El Paso de Robles (corporate name for Paso Robles),"San Luis Obispo-Paso Robles-Arroyo Grande, CA",2025-03-08,11777,0,0,0,1,0.039327
6,79,3003,44201,1,35.361589,-120.836819,WGS84,Ozone,8-HR RUN AVG BEGIN HOUR,Ozone 8-hour 2015,Daily maximum of 8-hour running average,,2024,Parts per million,No Events,6114,98,Y,357,366,0,0,0.0,0.0,Certified,0,0.034933,0.006712,0.061,2024-04-14 08:00,0.06,2024-04-13 08:00,0.051,2024-10-23 23:00,0.05,2024-04-12 20:00,,,,,0.05,0.047,0.045,0.043,0.039,0.035,0.026,Morro Bay Kings Ave,492 Kings Ave.,California,San Luis Obispo,Morro Bay,"San Luis Obispo-Paso Robles-Arroyo Grande, CA",2025-02-11,11840,0,0,0,1,0.034933
6,79,4002,44201,1,35.03146,-120.50103,WGS84,Ozone,8-HR RUN AVG BEGIN HOUR,Ozone 8-hour 2015,Daily maximum of 8-hour running average,,2024,Parts per million,No Events,5916,93,Y,341,366,0,0,0.0,0.0,Certified,0,0.035466,0.006765,0.061,2024-04-14 09:00,0.059,2024-04-13 10:00,0.054,2024-10-20 10:00,0.052,2024-10-19 10:00,,,,,0.052,0.048,0.046,0.043,0.04,0.036,0.027,Nipomo Regional Park (NRP),"NIPOMO REGIONAL PARK, NIPOMO, CA.",California,San Luis Obispo,Nipomo,"San Luis Obispo-Paso Robles-Arroyo Grande, CA",2025-03-08,11852,0,0,0,1,0.035466
6,79,8002,44201,1,35.49453,-120.66617,WGS84,Ozone,8-HR RUN AVG BEGIN HOUR,Ozone 8-hour 2015,Daily maximum of 8-hour running average,,2024,Parts per million,No Events,6050,95,Y,348,366,0,0,0.0,0.0,Certified,0,0.037216,0.00829,0.062,2024-06-14 11:00,0.062,2024-10-01 09:00,0.062,2024-10-02 10:00,0.061,2024-09-05 11:00,,,,,0.061,0.056,0.053,0.048,0.042,0.036,0.028,Atascadero,"5599 Traffic Way, Atascadero CA",California,San Luis Obispo,Atascadero,"San Luis Obispo-Paso Robles-Arroyo Grande, CA",2025-02-11,11867,0,0,0,1,0.037216
6,79,8005,44201,1,35.64368,-120.23135,WGS84,Ozone,8-HR RUN AVG BEGIN HOUR,Ozone 8-hour 2015,Daily maximum of 8-hour running average,,2024,Parts per million,No Events,6151,99,Y,361,366,0,0,6.0,6.0,Certified,0,0.047615,0.009802,0.077,2024-07-03 22:00,0.076,2024-10-01 13:00,0.076,2024-10-02 18:00,0.074,2024-09-23 19:00,,,,,0.074,0.07,0.064,0.062,0.055,0.045,0.037,Red Hills,3601 GILLIS CANYON ROAD,California,San Luis Obispo,,"San Luis Obispo-Paso Robles-Arroyo Grande, CA",2025-02-11,11887,0,0,0,1,0.047615
6,79,8006,44201,1,35.35472,-120.04019,WGS84,Ozone,8-HR RUN AVG BEGIN HOUR,Ozone 8-hour 2015,Daily maximum of 8-hour running average,,2024,Parts per million,No Events,6146,98,Y,359,366,0,0,3.0,3.0,Certified,0,0.045499,0.010552,0.072,2024-07-12 09:00,0.071,2024-07-06 09:00,0.071,2024-07-11 09:00,0.069,2024-09-05 10:00,,,,,0.069,0.067,0.065,0.062,0.053,0.043,0.033,Carrizo Plains,9640 CARRIZO HIGHWAY,California,San Luis Obispo,,"San Luis Obispo-Paso Robles-Arroyo Grande, CA",2025-03-09,11895,0,0,0,1,0.045499
6,83,11,44201,1,34.427775,-119.691218,WGS84,Ozone,8-HR RUN AVG BEGIN HOUR,Ozone 8-hour 2015,Daily maximum of 8-hour running average,,2024,Parts per million,No Events,5946,96,Y,350,366,0,0,0.0,0.0,Certified,0,0.030843,0.007663,0.054,2024-04-10 11:00,0.054,2024-04-14 11:00,0.05,2024-05-09 09:00,0.048,2024-04-17 11:00,,,,,0.048,0.046,0.043,0.04,0.037,0.03,0.021,Santa Barbara,700 E. CANON PERDIDO,California,Santa Barbara,Santa Barbara,"Santa Maria-Santa Barbara, CA",2025-03-12,11951,0,0,0,1,0.030843
6,83,1009,44201,1,34.890667,-120.432844,WGS84,Ozone,8-HR RUN AVG BEGIN HOUR,Ozone 8-hour 2015,Daily maximum of 8-hour running average,,2024,Parts per million,No Events,6160,98,Y,360,366,0,0,0.0,0.0,Certified,0,0.032275,0.005911,0.054,2024-04-13 09:00,0.053,2024-04-14 08:00,0.047,2024-04-12 13:00,0.046,2024-10-20 10:00,,,,,0.046,0.044,0.042,0.04,0.036,0.032,0.025,Santa Maria,"3700 Orcutt Rd. Santa Maria, CA 93455",California,Santa Barbara,Orcutt,"Santa Maria-Santa Barbara, CA",2025-03-13,11974,0,0,0,1,0.032275
6,83,1013,44201,1,34.725352,-120.428717,NAD83,Ozone,8-HR RUN AVG BEGIN HOUR,Ozone 8-hour 2015,Daily maximum of 8-hour running average,,2024,Parts per million,Events Included,5705,91,Y,333,366,0,0,0.0,0.0,Certified,0,0.031468,0.00674,0.049,2024-04-13 10:00,0.049,2024-11-09 10:00,0.048,2024-04-14 09:00,0.048,2024-10-19 13:00,,,,,0.048,0.046,0.042,0.04,0.036,0.032,0.022,Lompoc HSP,"HS & P FACILITY-500 M SW, LOMPOC",California,Santa Barbara,Lompoc,"Santa Maria-Santa Barbara, CA",2025-03-12,12007,0,0,0,1,0.031468
6,83,1014,44201,1,34.54166,-119.79146,WGS84,Ozone,8-HR RUN AVG BEGIN HOUR,Ozone 8-hour 2015,Daily maximum of 8-hour running average,,2024,Parts per million,No Events,5735,92,Y,336,366,0,0,1.0,1.0,Certified,0,0.04314,0.008105,0.073,2024-06-22 10:00,0.067,2024-09-06 08:00,0.066,2024-07-03 10:00,0.065,2024-09-05 11:00,,,,,0.065,0.063,0.057,0.055,0.048,0.042,0.034,Paradise Road,PARADISE RD-LOS PADRES National Forest,California,Santa Barbara,Los Padres National Forest,"Santa Maria-Santa Barbara, CA",2025-03-12,12021,0,0,0,1,0.04314
6,83,1021,44201,1,34.403052,-119.457914,NAD83,Ozone,8-HR RUN AVG BEGIN HOUR,Ozone 8-hour 2015,Daily maximum of 8-hour running average,,2024,Parts per million,No Events,5910,95,Y,348,366,0,0,0.0,0.0,Certified,0,0.020695,0.004229,0.037,2024-10-19 08:00,0.034,2024-09-06 09:00,0.034,2024-10-20 08:00,0.033,2024-03-13 15:00,,,,,0.033,0.03,0.028,0.026,0.023,0.02,0.016,Carpinteria,"GOBERNADOR RD, CARPINTERIA",California,Santa Barbara,Carpinteria,"Santa Maria-Santa Barbara, CA",2025-03-12,12035,0,0,0,1,0.020695
6,83,1025,44201,1,34.48974,-120.04692,WGS84,Ozone,8-HR RUN AVG BEGIN HOUR,Ozone 8-hour 2015,Daily maximum of 8-hour running average,,2024,Parts per million,No Events,5628,90,Y,329,366,0,0,0.0,0.0,Certified,0,0.037261,0.005741,0.06,2024-11-10 11:00,0.059,2024-04-10 13:00,0.055,2024-11-09 13:00,0.054,2024-10-20 10:00,,,,,0.054,0.052,0.049,0.044,0.04,0.037,0.031,Los Flores Canyon #1,LFC #1-LAS FLORES CANYON,California,Santa Barbara,Capitan,"Santa Maria-Santa Barbara, CA",2025-03-08,12066,0,0,0,1,0.037261
6,83,2004,44201,1,34.63782,-120.4575,WGS84,Ozone,8-HR RUN AVG BEGIN HOUR,Ozone 8-hour 2015,Daily maximum of 8-hour running average,,2024,Parts per million,No Events,5810,93,Y,341,366,0,0,0.0,0.0,Certified,0,0.034413,0.006316,0.05,2024-10-20 10:00,0.048,2024-04-07 14:00,0.048,2024-05-09 08:00,0.048,2024-10-02 10:00,,,,,0.048,0.046,0.044,0.042,0.039,0.035,0.026,Lompoc H Street,"128 S 'H' ST, LOMPOC",California,Santa Barbara,Lompoc,"Santa Maria-Santa Barbara, CA",2025-03-13,12093,0,0,0,1,0.034413
6,83,2011,44201,1,34.44551,-119.8284,WGS84,Ozone,8-HR RUN AVG BEGIN HOUR,Ozone 8-hour 2015,Daily maximum of 8-hour running average,,2024,Parts per million,No Events,6015,96,Y,350,366,0,0,0.0,0.0,Certified,0,0.034623,0.006461,0.054,2024-04-10 10:00,0.051,2024-05-09 09:00,0.051,2024-10-24 10:00,0.05,2024-04-14 10:00,,,,,0.05,0.048,0.044,0.042,0.039,0.035,0.026,Goleta,"380 N FAIRVIEW AVENUE, GOLETA",California,Santa Barbara,Goleta,"Santa Maria-Santa Barbara, CA",2025-03-08,12116,0,0,0,1,0.034623
6,83,3001,44201,1,34.605819,-120.075069,WGS84,Ozone,8-HR RUN AVG BEGIN HOUR,Ozone 8-hour 2015,Daily maximum of 8-hour running average,,2024,Parts per million,No Events,5996,96,Y,350,366,0,0,0.0,0.0,Certified,0,0.03644,0.006107,0.055,2024-10-03 10:00,0.054,2024-09-06 09:00,0.054,2024-10-04 10:00,0.054,2024-10-25 10:00,,,,,0.054,0.051,0.048,0.045,0.04,0.036,0.03,Santa Ynez,"900 AIRPORT RD., SANTA YNEZ",California,Santa Barbara,,"Santa Maria-Santa Barbara, CA",2025-03-08,12138,0,0,0,1,0.03644
6,89,4,44201,1,40.55013,-122.38092,NAD83,Ozone,8-HR RUN AVG BEGIN HOUR,Ozone 8-hour 2015,Daily maximum of 8-hour running average,,2024,Parts per million,No Events,5372,85,Y,311,366,0,0,1.0,1.0,Certified,0,0.04109,0.012814,0.073,2024-06-25 10:00,0.067,2024-07-12 09:00,0.066,2024-08-30 10:00,0.065,2024-06-22 10:00,,,,,0.065,0.064,0.062,0.058,0.051,0.041,0.025,Redding - Health Department,"HLTH CTR-2630 BRESLAUER WAY, REDDING",California,Shasta,Redding,"Redding, CA",2025-03-17,12443,0,0,0,1,0.04109
6,93,2001,44201,1,41.726892,-122.633579,WGS84,Ozone,8-HR RUN AVG BEGIN HOUR,Ozone 8-hour 2015,Daily maximum of 8-hour running average,,2024,Parts per million,No Events,6189,99,Y,361,366,0,0,0.0,0.0,Certified,0,0.039909,0.011417,0.067,2024-12-26 07:00,0.067,2024-12-27 09:00,0.066,2024-12-24 09:00,0.066,2024-12-29 10:00,,,,,0.066,0.062,0.057,0.054,0.047,0.041,0.025,Yreka,"530 FOOTHILL DR., YREKA",California,Siskiyou,Yreka,,2025-05-19,12600,0,0,0,1,0.039909
6,95,3003,44201,1,38.35655,-121.94986,NAD83,Ozone,8-HR RUN AVG BEGIN HOUR,Ozone 8-hour 2015,Daily maximum of 8-hour running average,,2024,Parts per million,No Events,6178,99,Y,362,366,0,0,0.0,0.0,Certified,0,0.037978,0.008449,0.064,2024-09-24 10:00,0.058,2024-04-13 07:00,0.058,2024-07-10 11:00,0.058,2024-08-27 10:00,,,,,0.058,0.057,0.052,0.049,0.043,0.038,0.028,Vacaville-Ulatis Drive,"2012 ULATIS DRIVE, VACAVILLE",California,Solano,Vacaville,"Vallejo-Fairfield, CA",2025-03-09,12675,0,0,0,1,0.037978
6,99,5,44201,1,37.642165,-120.994212,NAD83,Ozone,8-HR RUN AVG BEGIN HOUR,Ozone 8-hour 2015,Daily maximum of 8-hour running average,,2024,Parts per million,No Events,6012,96,Y,351,366,0,0,12.0,12.0,Certified,0,0.042764,0.01432,0.079,2024-08-03 10:00,0.077,2024-10-03 10:00,0.076,2024-06-22 10:00,0.076,2024-07-11 10:00,,,,,0.076,0.074,0.068,0.063,0.053,0.042,0.024,Modesto-14th Street,"814 14TH ST., MODESTO",California,Stanislaus,Modesto,"Modesto, CA",2025-03-08,12731,0,0,0,1,0.042764
6,99,6,44201,1,37.488317,-120.836008,NAD83,Ozone,8-HR RUN AVG BEGIN HOUR,Ozone 8-hour 2015,Daily maximum of 8-hour running average,,2024,Parts per million,No Events,6151,98,Y,357,366,0,0,31.0,31.0,Certified,0,0.046101,0.016062,0.085,2024-10-03 08:00,0.084,2024-07-06 11:00,0.084,2024-07-08 11:00,0.084,2024-07-11 10:00,,,,,0.084,0.081,0.074,0.069,0.058,0.044,0.026,Turlock," 900 S MINARET STREET, TURLOCK, CA",California,Stanislaus,Turlock,"Modesto, CA",2025-03-08,12807,0,0,0,1,0.046101
6,101,3,44201,1,39.138773,-121.618549,WGS84,Ozone,8-HR RUN AVG BEGIN HOUR,Ozone 8-hour 2015,Daily maximum of 8-hour running average,,2024,Parts per million,No Events,6133,97,Y,356,366,0,0,0.0,0.0,Certified,0,0.040986,0.010715,0.065,2024-08-28 10:00,0.064,2024-07-05 11:00,0.064,2024-07-23 10:00,0.063,2024-08-03 10:00,,,,,0.063,0.061,0.059,0.055,0.049,0.042,0.026,Yuba City,"773 ALMOND ST, YUBA CITY",California,Sutter,Yuba City,"Yuba City, CA",2025-03-08,12833,0,0,0,1,0.040986
6,101,4,44201,1,39.205572,-121.820362,WGS84,Ozone,8-HR RUN AVG BEGIN HOUR,Ozone 8-hour 2015,Daily maximum of 8-hour running average,,2024,Parts per million,No Events,3540,96,Y,206,214,0,0,2.0,2.0,Certified,0,0.052816,0.008469,0.075,2024-07-03 21:00,0.072,2024-06-24 22:00,0.07,2024-08-02 10:00,0.069,2024-04-13 08:00,,,,,0.07,0.069,0.067,0.065,0.058,0.053,0.042,Sutter Buttes (seasonal)," TOP OF SOUTH BUTTE,SUTTER BUTTES, CA",California,Sutter,Sutter,"Yuba City, CA",2025-07-13,12864,0,0,0,1,0.052816
6,103,4,44201,1,40.262072,-122.092766,WGS84,Ozone,8-HR RUN AVG BEGIN HOUR,Ozone 8-hour 2015,Daily maximum of 8-hour running average,,2024,Parts per million,No Events,3570,97,Y,207,214,0,0,1.0,1.0,Certified,0,0.051473,0.008312,0.072,2024-06-24 14:00,0.069,2024-06-25 11:00,0.068,2024-06-21 16:00,0.068,2024-06-22 13:00,,,,,0.068,0.068,0.065,0.062,0.057,0.052,0.04,Tuscan Butte (seasonal),OLD FIRE LOOKOUT ATOP TUSCAN BUTTE,California,Tehama,,"Red Bluff, CA",2025-02-04,12874,0,0,0,1,0.051473
6,103,7,44201,1,40.17093,-122.25556,WGS84,Ozone,8-HR RUN AVG BEGIN HOUR,Ozone 8-hour 2015,Daily maximum of 8-hour running average,,2024,Parts per million,No Events,6156,98,Y,360,366,0,0,0.0,0.0,Certified,0,0.033742,0.008392,0.054,2024-06-25 10:00,0.053,2024-07-10 09:00,0.053,2024-07-12 10:00,0.053,2024-08-02 09:00,,,,,0.053,0.051,0.049,0.044,0.039,0.034,0.022,Red Bluff-Walnut St. District Office,"1834 Walnut Street, Red Bluff, CA 96080",California,Tehama,Red Bluff,"Red Bluff, CA",2025-03-27,12884,0,0,0,1,0.033742
6,107,9,44201,1,36.48947,-118.82915,WGS84,Ozone,8-HR RUN AVG BEGIN HOUR,Ozone 8-hour 2015,Daily maximum of 8-hour running average,,2024,Parts per million,No Events,6014,95,Y,349,366,0,0,94.0,94.0,Certified,0,0.05243,0.020828,0.099,2024-07-14 10:00,0.095,2024-07-04 11:00,0.095,2024-10-02 10:00,0.094,2024-07-05 11:00,,,,,0.094,0.092,0.086,0.082,0.072,0.047,0.029,Sequoia & Kings Canyon NPs - Ash Mountain,SEQUOIA & KINGS CANYON NP,California,Tulare,,"Visalia-Porterville, CA",2025-07-13,12973,0,0,0,1,0.05243
6,107,2003,44201,1,36.30815,-119.3129,WGS84,Ozone,8-HR RUN AVG BEGIN HOUR,Ozone 8-hour 2015,Daily maximum of 8-hour running average,,2024,Parts per million,No Events,6045,96,Y,353,366,0,0,62.0,62.0,Certified,0,0.049773,0.019095,0.093,2024-07-04 10:00,0.089,2024-10-02 10:00,0.088,2024-06-22 10:00,0.087,2024-10-03 10:00,,,,,0.087,0.085,0.081,0.076,0.065,0.05,0.025,Visalia-W. Ashland Avenue,"2005 West Ashland Avenue, Suite G, Visalia, CA, 93277",California,Tulare,Visalia,"Visalia-Porterville, CA",2025-02-18,13043,0,0,0,1,0.049773
6,107,2010,44201,1,36.031831,-119.055018,WGS84,Ozone,8-HR RUN AVG BEGIN HOUR,Ozone 8-hour 2015,Daily maximum of 8-hour running average,Multiple Methods Used,2024,Parts per million,No Events,5992,96,Y,350,366,0,0,51.0,51.0,Certified,0,0.049489,0.017806,0.094,2024-10-02 09:00,0.089,2024-10-03 10:00,0.086,2024-07-04 11:00,0.086,2024-07-14 11:00,,,,,0.086,0.083,0.078,0.073,0.064,0.049,0.028,Porterville,"1839 South Newcomb Street Porterville, CA 93257",California,Tulare,Porterville,"Visalia-Porterville, CA",2025-07-10,13115,0,0,0,1,0.049489
6,109,5,44201,1,37.98178,-120.378551,NAD83,Ozone,8-HR RUN AVG BEGIN HOUR,Ozone 8-hour 2015,Daily maximum of 8-hour running average,,2024,Parts per million,No Events,6054,96,Y,351,366,0,0,4.0,4.0,Certified,0,0.043895,0.011636,0.075,2024-07-03 11:00,0.073,2024-07-11 12:00,0.071,2024-06-23 11:00,0.071,2024-07-12 13:00,,,,,0.071,0.067,0.063,0.06,0.052,0.043,0.03,Sonora-Barretta Street," 251 S BARRETTA, SONORA, CA 95370",California,Tuolumne,Sonora,"Sonora, CA",2025-04-29,13127,0,0,0,1,0.043895
6,111,7,44201,1,34.210169,-118.870509,NAD83,Ozone,8-HR RUN AVG BEGIN HOUR,Ozone 8-hour 2015,Daily maximum of 8-hour running average,,2024,Parts per million,No Events,6216,100,Y,365,366,0,0,0.0,0.0,Certified,0,0.044356,0.007407,0.068,2024-08-21 09:00,0.066,2024-09-06 08:00,0.066,2024-10-03 09:00,0.066,2024-10-24 09:00,,,,,0.066,0.062,0.057,0.054,0.049,0.044,0.036,Thousand Oaks,"2323 Moorpark Road, Thousand Oaks, CA  91360",California,Ventura,Thousand Oaks,"Oxnard-Thousand Oaks-Ventura, CA",2025-03-08,13137,0,0,0,1,0.044356
6,111,9,44201,1,34.404281,-118.80998,NAD83,Ozone,8-HR RUN AVG BEGIN HOUR,Ozone 8-hour 2015,Daily maximum of 8-hour running average,,2024,Parts per million,No Events,6157,99,Y,361,366,0,0,1.0,1.0,Certified,0,0.045155,0.00898,0.072,2024-08-02 10:00,0.069,2024-08-21 10:00,0.068,2024-06-22 10:00,0.068,2024-08-11 10:00,,,,,0.068,0.064,0.06,0.057,0.051,0.044,0.034,Piru - Pacific,"3301 PACIFIC AVENUE, PIRU, CA  93040",California,Ventura,Piru,"Oxnard-Thousand Oaks-Ventura, CA",2025-03-08,13159,0,0,0,1,0.045155
6,111,1004,44201,1,34.44806,-119.2313,NAD83,Ozone,8-HR RUN AVG BEGIN HOUR,Ozone 8-hour 2015,Daily maximum of 8-hour running average,,2024,Parts per million,No Events,6217,100,Y,365,366,0,0,0.0,0.0,Certified,0,0.043633,0.00841,0.07,2024-10-03 10:00,0.067,2024-08-02 10:00,0.065,2024-07-03 10:00,0.065,2024-07-10 11:00,,,,,0.065,0.063,0.059,0.056,0.048,0.042,0.034,Ojai - East Ojai Ave,"1201 E. OJAI AVENUE, OJAI, CA  93023",California,Ventura,Ojai,"Oxnard-Thousand Oaks-Ventura, CA",2025-03-08,13199,0,0,0,1,0.043633
6,111,2002,44201,1,34.276316,-118.683685,NAD83,Ozone,8-HR RUN AVG BEGIN HOUR,Ozone 8-hour 2015,Daily maximum of 8-hour running average,,2024,Parts per million,No Events,6208,99,Y,364,366,0,0,13.0,13.0,Certified,0,0.04936,0.010681,0.078,2024-08-02 09:00,0.077,2024-06-22 09:00,0.077,2024-10-04 09:00,0.076,2024-07-03 09:00,,,,,0.076,0.072,0.069,0.065,0.056,0.049,0.037,Simi Valley-Cochran Street,"5400 COCHRAN STREET, SIMI VALLEY, CA  93063",California,Ventura,Simi Valley,"Oxnard-Thousand Oaks-Ventura, CA",2025-03-08,13251,0,0,0,1,0.04936
6,111,3001,44201,1,34.25239,-119.143182,NAD83,Ozone,8-HR RUN AVG BEGIN HOUR,Ozone 8-hour 2015,Daily maximum of 8-hour running average,,2024,Parts per million,No Events,6195,99,Y,363,366,0,0,0.0,0.0,Certified,0,0.038504,0.006181,0.06,2024-10-24 09:00,0.054,2024-10-10 11:00,0.054,2024-10-20 10:00,0.052,2024-04-13 10:00,,,,,0.052,0.051,0.049,0.047,0.042,0.039,0.032,El Rio-Rio Mesa School #2,"545 CENTRAL AVENUE, OXNARD, CA  93030",California,Ventura,,"Oxnard-Thousand Oaks-Ventura, CA",2025-03-08,13289,0,0,0,1,0.038504
6,113,4,44201,1,38.53445,-121.7734,WGS84,Ozone,8-HR RUN AVG BEGIN HOUR,Ozone 8-hour 2015,Daily maximum of 8-hour running average,,2024,Parts per million,No Events,6027,96,Y,350,366,0,0,0.0,0.0,Certified,0,0.040251,0.008884,0.068,2024-07-10 10:00,0.064,2024-09-24 09:00,0.063,2024-08-27 10:00,0.063,2024-08-28 09:00,,,,,0.063,0.06,0.055,0.051,0.046,0.04,0.03,Davis-UCD Campus,"UC DAVIS-CAMPUS, CAMPBELL ROAD WEST OF HIWAY 113 & SOUTH OF HUTCHISON DRIVE.",California,Yolo,,"Sacramento--Roseville--Arden-Arcade, CA",2025-03-08,13318,0,0,0,1,0.040251
6,113,1003,44201,1,38.66121,-121.73269,WGS84,Ozone,8-HR RUN AVG BEGIN HOUR,Ozone 8-hour 2015,Daily maximum of 8-hour running average,,2024,Parts per million,No Events,6175,99,Y,361,366,0,0,0.0,0.0,Certified,0,0.040903,0.00968,0.067,2024-07-04 10:00,0.067,2024-07-10 11:00,0.066,2024-04-13 07:00,0.064,2024-07-06 11:00,,,,,0.064,0.062,0.058,0.053,0.047,0.041,0.029,Woodland-Gibson Road,"41929 E. GIBSON ROAD, WOODLAND",California,Yolo,Woodland,"Sacramento--Roseville--Arden-Arcade, CA",2025-03-08,13330,0,0,0,1,0.040903
8,1,3001,44201,2,39.838119,-104.94984,WGS84,Ozone,8-HR RUN AVG BEGIN HOUR,Ozone 8-hour 2015,Daily maximum of 8-hour running average,,2024,Parts per million,No Events,5449,88,Y,321,366,0,0,22.0,22.0,Certified,0,0.050804,0.014517,0.09,2024-07-23 11:00,0.089,2024-07-24 11:00,0.084,2024-07-22 11:00,0.083,2024-07-31 10:00,,,,,0.083,0.081,0.072,0.069,0.061,0.051,0.032,Welby,3174 E. 78TH AVE.,Colorado,Adams,Welby,"Denver-Aurora-Lakewood, CO",2025-04-04,13719,0,0,0,1,0.050804
8,5,2,44201,1,39.567887,-104.957193,WGS84,Ozone,8-HR RUN AVG BEGIN HOUR,Ozone 8-hour 2015,Daily maximum of 8-hour running average,,2024,Parts per million,No Events,6058,98,Y,357,366,0,0,6.0,6.0,Certified,0,0.046036,0.010898,0.083,2024-07-24 10:00,0.082,2024-07-23 11:00,0.079,2024-07-22 11:00,0.073,2024-07-18 09:00,,,,,0.073,0.069,0.063,0.06,0.053,0.046,0.033,HIGHLAND RESERVOIR,8100 S. UNIVERSITY BLVD,Colorado,Arapahoe,Southglenn,"Denver-Aurora-Lakewood, CO",2025-04-04,13810,0,0,0,1,0.046036
8,5,6,44201,1,39.638522,-104.569335,WGS84,Ozone,8-HR RUN AVG BEGIN HOUR,Ozone 8-hour 2015,Daily maximum of 8-hour running average,,2024,Parts per million,No Events,6187,99,Y,364,366,0,0,16.0,16.0,Certified,0,0.051816,0.010709,0.09,2024-07-24 10:00,0.086,2024-07-23 10:00,0.082,2024-07-22 10:00,0.081,2024-07-25 09:00,,,,,0.081,0.074,0.069,0.065,0.059,0.052,0.038,Aurora East,36001 E. Quincy Ave.,Colorado,Arapahoe,,"Denver-Aurora-Lakewood, CO",2025-04-04,13843,0,0,0,1,0.051816
8,7,7004,44201,1,37.205862,-107.254118,NAD83,Ozone,8-HR RUN AVG BEGIN HOUR,Ozone 8-hour 2015,Daily maximum of 8-hour running average,,2024,Parts per million,No Events,5214,82,Y,299,366,0,0,0.0,0.0,Certified,0,0.035314,0.008529,0.064,2024-06-15 11:00,0.061,2024-06-18 09:00,0.059,2024-07-09 12:00,0.055,2024-06-17 09:00,,,,,0.059,0.053,0.051,0.046,0.041,0.035,0.024,,"398 CO- 151 Pagosa Springs, CO",Colorado,Archuleta,,,2025-04-10,13859,0,0,0,1,0.035314
8,13,14,44201,1,40.070016,-105.220238,NAD83,Ozone,8-HR RUN AVG BEGIN HOUR,Ozone 8-hour 2015,Daily maximum of 8-hour running average,,2024,Parts per million,No Events,5737,91,Y,334,366,0,0,10.0,10.0,Certified,0,0.048254,0.012195,0.087,2024-07-24 10:00,0.084,2024-07-23 10:00,0.084,2024-07-25 10:00,0.084,2024-08-01 10:00,,,,,0.084,0.079,0.067,0.063,0.056,0.048,0.032,Boulder Reservoir,5545 Reservoir Road.,Colorado,Boulder,Boulder,"Boulder, CO",2025-04-04,13907,0,0,0,1,0.048254
8,19,6,44201,1,39.794391,-105.76398,WGS84,Ozone,8-HR RUN AVG BEGIN HOUR,Ozone 8-hour 2015,Daily maximum of 8-hour running average,,2024,Parts per million,Events Included,5910,94,Y,344,366,0,0,8.0,8.0,Certification not required,0,0.052799,0.007556,0.081,2024-07-24 18:00,0.078,2024-07-22 19:00,0.078,2024-08-01 15:00,0.077,2024-07-23 17:00,,,,,0.077,0.072,0.067,0.063,0.057,0.052,0.044,Mines Peak,Near summit of Berthoud Pass off US Highway 40,Colorado,Clear Creek,,"Denver-Aurora-Lakewood, CO",2025-02-12,13937,2,0,0,1,0.052799
8,31,2,44201,6,39.751184,-104.987625,WGS84,Ozone,8-HR RUN AVG BEGIN HOUR,Ozone 8-hour 2015,Daily maximum of 8-hour running average,,2024,Parts per million,No Events,5023,81,Y,295,366,0,0,16.0,16.0,Certified,0,0.049153,0.013841,0.088,2024-07-23 11:00,0.084,2024-07-24 09:00,0.081,2024-07-22 11:00,0.079,2024-07-25 10:00,,,,,0.081,0.078,0.071,0.066,0.058,0.05,0.03,DENVER - CAMP,2105 BROADWAY,Colorado,Denver,Denver,"Denver-Aurora-Lakewood, CO",2025-04-04,13951,0,0,0,1,0.049153
8,31,26,44201,1,39.77949,-105.00518,WGS84,Ozone,8-HR RUN AVG BEGIN HOUR,Ozone 8-hour 2015,Daily maximum of 8-hour running average,,2024,Parts per million,No Events,5671,90,Y,330,366,0,0,28.0,28.0,Certified,0,0.049994,0.015339,0.094,2024-07-23 11:00,0.088,2024-07-24 10:00,0.086,2024-07-22 11:00,0.084,2024-08-02 10:00,,,,,0.084,0.081,0.074,0.069,0.061,0.05,0.029,La Casa,4545 Navajo St.,Colorado,Denver,Denver,"Denver-Aurora-Lakewood, CO",2025-04-04,14018,0,0,0,1,0.049994
8,35,4,44201,1,39.534488,-105.070358,WGS84,Ozone,8-HR RUN AVG BEGIN HOUR,Ozone 8-hour 2015,Daily maximum of 8-hour running average,Multiple Methods Used,2024,Parts per million,No Events,6019,96,Y,351,366,0,0,24.0,24.0,Certified,0,0.051533,0.013431,0.092,2024-07-22 11:00,0.091,2024-07-24 10:00,0.09,2024-07-23 10:00,0.088,2024-07-18 10:00,,,,,0.088,0.081,0.074,0.068,0.061,0.051,0.035,Chatfield State Park,11500 N. Roxborough Park Rd.,Colorado,Douglas,Roxborough Park,"Denver-Aurora-Lakewood, CO",2025-07-10,14270,0,0,0,1,0.051533
8,41,13,44201,1,38.958341,-104.817215,WGS84,Ozone,8-HR RUN AVG BEGIN HOUR,Ozone 8-hour 2015,Daily maximum of 8-hour running average,,2024,Parts per million,No Events,5990,96,Y,351,366,0,0,6.0,6.0,Certified,0,0.047652,0.010362,0.085,2024-07-24 09:00,0.083,2024-07-23 09:00,0.079,2024-07-22 11:00,0.078,2024-07-25 10:00,,,,,0.078,0.069,0.064,0.06,0.054,0.048,0.035,U.S. AIR FORCE ACADEMY,"ROAD 640, USAF ACADEMY",Colorado,El Paso,Air Force Academy,"Colorado Springs, CO",2025-04-04,14307,0,0,0,1,0.047652
8,41,16,44201,1,38.853097,-104.901289,WGS84,Ozone,8-HR RUN AVG BEGIN HOUR,Ozone 8-hour 2015,Daily maximum of 8-hour running average,,2024,Parts per million,No Events,6207,99,Y,364,366,0,0,13.0,13.0,Certified,0,0.051593,0.010402,0.092,2024-07-24 08:00,0.09,2024-07-23 10:00,0.082,2024-07-22 10:00,0.082,2024-07-25 10:00,,,,,0.082,0.075,0.067,0.064,0.058,0.052,0.039,MANITOU SPRINGS,101 BANKS PL.,Colorado,El Paso,Manitou Springs (Manitou),"Colorado Springs, CO",2025-04-04,14311,0,0,0,1,0.051593
8,45,12,44201,1,39.54182,-107.784125,WGS84,Ozone,8-HR RUN AVG BEGIN HOUR,Ozone 8-hour 2015,Daily maximum of 8-hour running average,,2024,Parts per million,No Events,6037,97,Y,354,366,0,0,1.0,1.0,Certified,0,0.041099,0.010667,0.072,2024-07-22 12:00,0.069,2024-07-23 11:00,0.064,2024-07-24 10:00,0.063,2024-06-02 10:00,,,,,0.063,0.06,0.058,0.054,0.049,0.042,0.025,Rifle-Health Dept,195 W. 14th St.,Colorado,Garfield,Rifle,"Glenwood Springs, CO",2025-04-04,14331,0,0,0,1,0.041099
8,45,16,44201,1,39.426,-107.38,WGS84,Ozone,8-HR RUN AVG BEGIN HOUR,Ozone 8-hour 2015,Daily maximum of 8-hour running average,,2024,Parts per million,Events Included,6011,96,Y,352,366,0,0,0.0,0.0,Certification not required,0,0.051435,0.006885,0.07,2024-04-14 09:00,0.069,2024-04-13 19:00,0.069,2024-04-15 11:00,0.069,2024-05-20 10:00,,,,,0.069,0.067,0.063,0.06,0.056,0.051,0.043,Sunlight Mountain,Sunlight Mountain,Colorado,Garfield,,"Glenwood Springs, CO",2025-05-15,14339,2,0,0,1,0.051435
8,45,19,44201,1,39.43806,-108.02611,WGS84,Ozone,8-HR RUN AVG BEGIN HOUR,Ozone 8-hour 2015,Daily maximum of 8-hour running average,,2024,Parts per million,Events Included,5988,93,Y,341,366,0,0,3.0,3.0,Certification not required,0,0.046833,0.009328,0.08,2024-07-22 13:00,0.075,2024-07-23 11:00,0.071,2024-07-24 11:00,0.067,2024-06-02 10:00,,,,,0.067,0.065,0.061,0.058,0.053,0.047,0.035,Battlement Mesa,Garfield County - Battlement Mesa,Colorado,Garfield,Battlement Mesa,"Glenwood Springs, CO",2025-10-17,14350,2,0,0,1,0.046833
8,45,21,44201,1,39.4125,-107.23056,WGS84,Ozone,8-HR RUN AVG BEGIN HOUR,Ozone 8-hour 2015,Daily maximum of 8-hour running average,,2024,Parts per million,Events Included,5750,91,Y,334,366,0,0,1.0,1.0,Certification not required,0,0.046802,0.009497,0.073,2024-07-22 10:00,0.07,2024-05-20 13:00,0.07,2024-07-24 11:00,0.068,2024-06-02 11:00,,,,,0.068,0.065,0.062,0.058,0.054,0.048,0.034,"Rocky Mountain School, Carbondale","Rocky Mountain School, Carbondale",Colorado,Garfield,,"Glenwood Springs, CO",2025-10-17,14374,2,0,0,1,0.046802
8,47,3,44201,1,39.792519,-105.49127,NAD83,Ozone,8-HR RUN AVG BEGIN HOUR,Ozone 8-hour 2015,Daily maximum of 8-hour running average,,2024,Parts per million,No Events,6145,97,Y,355,366,0,0,12.0,12.0,Certified,0,0.052189,0.008591,0.085,2024-07-31 13:00,0.084,2024-07-23 12:00,0.083,2024-08-01 13:00,0.079,2024-07-25 10:00,,,,,0.079,0.073,0.068,0.063,0.057,0.051,0.042,Black Hawk,"831 Miners Mesa Road, Black Hawk Colorado 80422",Colorado,Gilpin,Black Hawk,"Denver-Aurora-Lakewood, CO",2025-04-04,14387,0,0,0,1,0.052189
8,51,9991,44201,1,38.9564,-106.9858,WGS84,Ozone,8-HR RUN AVG BEGIN HOUR,Ozone 8-hour 2015,Daily maximum of 8-hour running average,,2024,Parts per million,No Events,6174,99,Y,362,366,0,0,0.0,0.0,Certified,0,0.050845,0.006544,0.07,2024-04-15 14:00,0.07,2024-07-22 10:00,0.069,2024-04-14 09:00,0.068,2024-05-15 09:00,,,,,0.068,0.066,0.062,0.059,0.055,0.05,0.043,Gothic,"Gunnison National Forest, Crested Butte, CO 81224",Colorado,Gunnison,,,2025-03-07,14410,0,0,0,1,0.050845
8,57,5,44201,1,40.5506,-106.385,WGS84,Ozone,8-HR RUN AVG BEGIN HOUR,Ozone 8-hour 2015,Daily maximum of 8-hour running average,,2024,Parts per million,Events Included,6009,95,Y,346,366,0,0,3.0,3.0,Certification not required,0,0.048659,0.006677,0.072,2024-07-22 10:00,0.071,2024-07-23 09:00,0.071,2024-08-03 09:00,0.068,2024-07-24 10:00,,,,,0.068,0.064,0.061,0.057,0.053,0.048,0.041,"Hebron, Colorado","Hebron, Colorado",Colorado,Jackson,,,2025-04-24,14420,2,0,0,1,0.048659
8,59,6,44201,1,39.912799,-105.188587,WGS84,Ozone,8-HR RUN AVG BEGIN HOUR,Ozone 8-hour 2015,Daily maximum of 8-hour running average,Multiple Methods Used,2024,Parts per million,No Events,6131,98,Y,360,366,0,0,25.0,25.0,Certified,0,0.052419,0.012233,0.095,2024-07-24 09:00,0.093,2024-07-23 12:00,0.089,2024-08-02 10:00,0.088,2024-07-25 10:00,,,,,0.088,0.084,0.073,0.068,0.06,0.051,0.038,ROCKY FLATS-N,16600 W COLO #128,Colorado,Jefferson,,"Denver-Aurora-Lakewood, CO",2025-07-13,14544,0,0,0,1,0.052419
8,59,11,44201,1,39.743724,-105.177989,WGS84,Ozone,8-HR RUN AVG BEGIN HOUR,Ozone 8-hour 2015,Daily maximum of 8-hour running average,Multiple Methods Used,2024,Parts per million,No Events,6090,98,Y,358,366,0,0,26.0,26.0,Certified,0,0.051844,0.012181,0.093,2024-07-23 10:00,0.093,2024-07-24 10:00,0.09,2024-08-02 10:00,0.086,2024-08-01 11:00,,,,,0.086,0.081,0.073,0.068,0.059,0.051,0.038,NATIONAL RENEWABLE ENERGY LABS - NREL,2054 QUAKER ST.,Colorado,Jefferson,Applewood,"Denver-Aurora-Lakewood, CO",2025-07-13,14576,0,0,0,1,0.051844
8,59,14,44201,1,39.620408,-105.33872,WGS84,Ozone,8-HR RUN AVG BEGIN HOUR,Ozone 8-hour 2015,Daily maximum of 8-hour running average,,2024,Parts per million,No Events,6034,96,Y,352,366,0,0,21.0,21.0,Certified,0,0.053151,0.010972,0.092,2024-07-23 11:00,0.088,2024-07-24 09:00,0.087,2024-07-22 10:00,0.085,2024-07-31 11:00,,,,,0.085,0.081,0.072,0.066,0.06,0.052,0.042,Evergreen,5124 South Hatch Drive,Colorado,Jefferson,Evergreen,"Denver-Aurora-Lakewood, CO",2025-04-04,14580,0,0,0,1,0.053151
8,67,1004,44201,1,37.30389,-107.484167,WGS84,Ozone,8-HR RUN AVG BEGIN HOUR,Ozone 8-hour 2015,Daily maximum of 8-hour running average,,2024,Parts per million,No Events,5809,90,Y,331,366,0,0,0.0,0.0,Certification not required,0,0.047344,0.007175,0.064,2024-04-13 09:00,0.064,2024-04-14 09:00,0.064,2024-05-08 08:00,0.064,2024-05-22 08:00,,,,,0.064,0.062,0.06,0.057,0.052,0.047,0.038,Shamrock Mine,Weminuche Wilderness Area - Shamrock Station,Colorado,La Plata,,"Durango, CO",2025-04-14,14595,2,0,0,1,0.047344
8,67,7001,44201,1,37.13678,-107.62863,WGS84,Ozone,8-HR RUN AVG BEGIN HOUR,Ozone 8-hour 2015,Daily maximum of 8-hour running average,,2024,Parts per million,No Events,6043,97,Y,355,366,0,0,0.0,0.0,Certified,0,0.0492,0.00946,0.069,2024-05-08 09:00,0.069,2024-07-24 10:00,0.068,2024-05-22 10:00,0.067,2024-04-13 09:00,,,,,0.067,0.067,0.064,0.061,0.057,0.05,0.036,UTE 1,1 MI. NE OF IGNACIO ON COUNTY RD. 517,Colorado,La Plata,,"Durango, CO",2025-09-09,14657,0,0,0,1,0.0492
8,67,7003,44201,1,37.10258,-107.870219,WGS84,Ozone,8-HR RUN AVG BEGIN HOUR,Ozone 8-hour 2015,Daily maximum of 8-hour running average,,2024,Parts per million,No Events,4965,76,Y,277,366,0,0,1.0,1.0,Certified,0,0.046758,0.008913,0.071,2024-07-24 10:00,0.069,2024-07-25 10:00,0.067,2024-07-23 10:00,0.063,2024-07-22 11:00,,,,,0.067,0.062,0.06,0.058,0.053,0.048,0.035,UTE 3,7571 HWY. 5505,Colorado,La Plata,,"Durango, CO",2025-07-13,14678,0,0,0,1,0.046758
8,69,7,44201,1,40.27813,-105.54564,WGS84,Ozone,8-HR RUN AVG BEGIN HOUR,Ozone 8-hour 2015,Daily maximum of 8-hour running average,,2024,Parts per million,No Events,6191,99,Y,364,366,0,0,8.0,8.0,Certified,0,0.052247,0.007755,0.085,2024-07-25 10:00,0.081,2024-07-24 09:00,0.08,2024-07-22 11:00,0.078,2024-08-01 12:00,,,,,0.078,0.071,0.065,0.061,0.057,0.052,0.044,Rocky Mountain NP,ROCKY MOUNTAIN NP,Colorado,Larimer,,"Fort Collins, CO",2025-07-13,14710,0,0,0,2,0.05206
8,69,7,44201,3,40.27813,-105.54564,WGS84,Ozone,8-HR RUN AVG BEGIN HOUR,Ozone 8-hour 2015,Daily maximum of 8-hour running average,,2024,Parts per million,Events Included,6077,97,Y,355,366,0,0,8.0,8.0,Certification not required,0,0.051873,0.007725,0.084,2024-07-25 10:00,0.079,2024-07-22 11:00,0.079,2024-07-24 08:00,0.079,2024-08-01 13:00,,,,,0.079,0.071,0.065,0.061,0.056,0.051,0.043,Rocky Mountain NP,ROCKY MOUNTAIN NP,Colorado,Larimer,,"Fort Collins, CO",2025-03-07,14714,2,0,1,2,0.05206
8,69,11,44201,1,40.592543,-105.141122,WGS84,Ozone,8-HR RUN AVG BEGIN HOUR,Ozone 8-hour 2015,Daily maximum of 8-hour running average,Multiple Methods Used,2024,Parts per million,No Events,5984,96,Y,351,366,0,0,18.0,18.0,Certified,0,0.049895,0.012189,0.09,2024-07-23 11:00,0.089,2024-07-24 10:00,0.085,2024-07-25 10:00,0.083,2024-08-01 10:00,,,,,0.083,0.079,0.071,0.066,0.058,0.049,0.035,FORT COLLINS - WEST,3416 LA PORTE AVE.,Colorado,Larimer,Fort Collins,"Fort Collins, CO",2025-07-10,14780,0,0,0,1,0.049895
8,69,1004,44201,1,40.57747,-105.07892,WGS84,Ozone,8-HR RUN AVG BEGIN HOUR,Ozone 8-hour 2015,Daily maximum of 8-hour running average,,2024,Parts per million,No Events,6060,98,Y,357,366,0,0,16.0,16.0,Certified,0,0.047076,0.013614,0.088,2024-07-23 11:00,0.086,2024-07-24 10:00,0.083,2024-07-25 10:00,0.082,2024-08-01 10:00,,,,,0.082,0.077,0.07,0.064,0.056,0.047,0.03,Fort Collins - CSU - S. Mason,708 S. Mason St.,Colorado,Larimer,Fort Collins,"Fort Collins, CO",2025-04-04,14834,0,0,0,1,0.047076
8,77,20,44201,1,39.130575,-108.313835,WGS84,Ozone,8-HR RUN AVG BEGIN HOUR,Ozone 8-hour 2015,Daily maximum of 8-hour running average,,2024,Parts per million,No Events,6131,98,Y,360,366,0,0,3.0,3.0,Certified,0,0.046958,0.009541,0.078,2024-07-23 11:00,0.077,2024-07-22 13:00,0.073,2024-07-24 10:00,0.067,2024-05-20 10:00,,,,,0.067,0.065,0.062,0.059,0.054,0.048,0.034,Palisade-Water Treatment,865 Rapid Creek Rd.,Colorado,Mesa,Palisade,"Grand Junction, CO",2025-04-04,15017,0,0,0,1,0.046958
8,83,6,44201,1,37.350054,-108.592334,WGS84,Ozone,8-HR RUN AVG BEGIN HOUR,Ozone 8-hour 2015,Daily maximum of 8-hour running average,,2024,Parts per million,No Events,5586,89,Y,326,366,0,0,0.0,0.0,Certified,0,0.04639,0.008613,0.069,2024-07-23 11:00,0.069,2024-07-24 10:00,0.068,2024-07-08 11:00,0.065,2024-07-09 10:00,,,,,0.065,0.063,0.06,0.058,0.053,0.046,0.034,Cortez - Health Dept,106 W. North Street,Colorado,Montezuma,Cortez,,2025-02-24,15031,0,0,0,1,0.04639
8,83,101,44201,1,37.1984,-108.49046,WGS84,Ozone,8-HR RUN AVG BEGIN HOUR,Ozone 8-hour 2015,Daily maximum of 8-hour running average,,2024,Parts per million,No Events,5657,90,Y,331,366,0,0,1.0,1.0,Certified,0,0.050387,0.007473,0.071,2024-07-24 10:00,0.07,2024-07-08 12:00,0.07,2024-07-23 11:00,0.067,2024-07-09 11:00,,,,,0.067,0.066,0.063,0.061,0.056,0.05,0.041,Mesa Verde NP,"MESA VERDE NATIONAL PARK, COLORADO",Colorado,Montezuma,,,2025-07-13,15045,0,0,0,1,0.050387
8,83,8001,44201,1,37.20006,-108.7331,WGS84,Ozone,8-HR RUN AVG BEGIN HOUR,Ozone 8-hour 2015,Daily maximum of 8-hour running average,,2024,Parts per million,No Events,6181,99,Y,362,366,0,0,0.0,0.0,Certification not required,0,0.046202,0.007809,0.065,2024-07-23 11:00,0.065,2024-07-24 11:00,0.063,2024-05-20 09:00,0.063,2024-05-23 08:00,,,,,0.063,0.062,0.058,0.056,0.052,0.046,0.036,TowaocUMU2,"501 West Sunset Blvd, Towaoc CO",Colorado,Montezuma,Towaoc,,2025-01-16,15130,2,0,0,1,0.046202
8,93,1,44201,1,39.417,-105.755,WGS84,Ozone,8-HR RUN AVG BEGIN HOUR,Ozone 8-hour 2015,Daily maximum of 8-hour running average,,2024,Parts per million,Events Included,5643,88,Y,322,366,0,0,11.0,11.0,Certification not required,0,0.05414,0.008175,0.084,2024-08-03 13:00,0.078,2024-04-15 13:00,0.077,2024-07-24 13:00,0.076,2024-08-01 14:00,,,,,0.076,0.074,0.067,0.064,0.059,0.054,0.044,Kenosha Pass,Kenosha Pass,Colorado,Park,,"Denver-Aurora-Lakewood, CO",2025-05-14,15134,2,0,0,1,0.05414
8,101,16,44201,1,38.30333,-104.7225,WGS84,Ozone,8-HR RUN AVG BEGIN HOUR,Ozone 8-hour 2015,Daily maximum of 8-hour running average,,2024,Parts per million,No Events,5858,93,Y,341,366,0,0,8.0,8.0,Certified,0,0.048496,0.010828,0.083,2024-07-24 10:00,0.082,2024-07-23 10:00,0.077,2024-07-25 10:00,0.076,2024-07-22 11:00,,,,,0.076,0.072,0.066,0.062,0.056,0.049,0.035,Pueblo West,803 South Cellini Circle,Colorado,Pueblo,Pueblo West,"Pueblo, CO",2025-04-04,15219,0,0,0,1,0.048496
8,103,6,44201,1,40.086944,-108.761389,WGS84,Ozone,8-HR RUN AVG BEGIN HOUR,Ozone 8-hour 2015,Daily maximum of 8-hour running average,,2024,Parts per million,Events Included,6069,97,Y,354,366,0,0,2.0,2.0,Certification not required,0,0.046085,0.010254,0.078,2024-07-22 11:00,0.078,2024-07-23 11:00,0.069,2024-07-02 10:00,0.067,2024-04-13 10:00,,,,,0.067,0.066,0.063,0.058,0.053,0.047,0.032,"Rangely, Golf Course","Rangely Colorado, Golf Course",Colorado,Rio Blanco,Rangely,,2025-04-22,15233,2,0,0,1,0.046085
8,103,7,44201,1,39.8723,-108.2183,WGS84,Ozone,8-HR RUN AVG BEGIN HOUR,Ozone 8-hour 2015,Daily maximum of 8-hour running average,,2024,Parts per million,Events Included,6019,95,Y,347,366,0,0,3.0,3.0,Certification not required,0,0.048974,0.007713,0.08,2024-07-22 13:00,0.075,2024-07-23 10:00,0.072,2024-07-02 13:00,0.068,2024-07-24 10:00,,,,,0.068,0.065,0.062,0.059,0.054,0.049,0.04,,Piceance Basin - Mobile,Colorado,Rio Blanco,,,2025-04-23,15259,2,0,0,1,0.048974
8,123,9,44201,1,40.386368,-104.73744,WGS84,Ozone,8-HR RUN AVG BEGIN HOUR,Ozone 8-hour 2015,Daily maximum of 8-hour running average,,2024,Parts per million,No Events,6088,97,Y,356,366,0,0,18.0,18.0,Certified,0,0.047584,0.014637,0.09,2024-07-24 10:00,0.086,2024-07-23 11:00,0.081,2024-07-22 11:00,0.081,2024-08-02 11:00,,,,,0.081,0.076,0.071,0.065,0.058,0.049,0.027,Greeley - Weld County Tower,3101 35TH AVE.,Colorado,Weld,Greeley,"Greeley, CO",2025-04-04,15529,0,0,0,1,0.047584
8,123,11,44201,1,40.65,-104.33,WGS84,Ozone,8-HR RUN AVG BEGIN HOUR,Ozone 8-hour 2015,Daily maximum of 8-hour running average,,2024,Parts per million,Events Included,5996,95,Y,348,366,0,0,8.0,8.0,Certification not required,0,0.049078,0.011308,0.091,2024-07-24 10:00,0.083,2024-07-23 11:00,0.08,2024-08-01 10:00,0.078,2024-07-25 09:00,,,,,0.078,0.073,0.066,0.063,0.057,0.05,0.034,Briggsdale,Briggsdale,Colorado,Weld,,"Greeley, CO",2025-05-14,15539,2,0,0,1,0.049078
8,123,15,44201,1,40.2614,-104.70645,WGS84,Ozone,8-HR RUN AVG BEGIN HOUR,Ozone 8-hour 2015,Daily maximum of 8-hour running average,,2024,Parts per million,No Events,5244,84,Y,306,366,0,0,15.0,15.0,Certified,0,0.049784,0.013118,0.091,2024-07-24 11:00,0.087,2024-07-23 11:00,0.08,2024-08-01 10:00,0.079,2024-07-22 10:00,,,,,0.079,0.078,0.07,0.064,0.058,0.051,0.032,La Salle Tower,18490 County Road 38,Colorado,Weld,La Salle,"Greeley, CO",2025-04-04,15736,0,0,0,1,0.049784
48,27,1045,44201,1,31.122419,-97.431052,WGS84,Ozone,8-HR RUN AVG BEGIN HOUR,Ozone 8-hour 2015,Daily maximum of 8-hour running average,,2024,Parts per million,No Events,5891,95,Y,260,275,0,0,0.0,0.0,Requested but not yet concurred,0,0.0407,0.009859,0.067,2024-07-11 10:00,0.065,2024-06-06 09:00,0.065,2024-07-10 08:00,0.062,2024-05-15 10:00,,,,,0.065,0.061,0.057,0.054,0.048,0.042,0.033,Temple Georgia,8406 Georgia Avenue,Texas,Bell,Temple,"Killeen-Temple, TX",2025-03-19,55861,1,0,0,1,0.0407
48,27,1047,44201,1,31.088002,-97.679734,WGS84,Ozone,8-HR RUN AVG BEGIN HOUR,Ozone 8-hour 2015,Daily maximum of 8-hour running average,,2024,Parts per million,No Events,6025,96,Y,263,275,0,0,4.0,4.0,Requested but not yet concurred,0,0.046297,0.010716,0.079,2024-10-11 09:00,0.074,2024-06-06 11:00,0.072,2024-07-11 10:00,0.071,2024-05-15 09:00,,,,,0.072,0.07,0.064,0.06,0.054,0.046,0.038,Killeen Skylark Field,1605 Stone Tree Drive,Texas,Bell,Killeen,"Killeen-Temple, TX",2025-03-19,55884,1,0,0,1,0.046297
48,29,32,44201,2,29.51509,-98.620166,WGS84,Ozone,8-HR RUN AVG BEGIN HOUR,Ozone 8-hour 2015,Daily maximum of 8-hour running average,,2024,Parts per million,No Events,5923,92,Y,253,275,0,0,8.0,8.0,Requested but not yet concurred,0,0.044344,0.012002,0.081,2024-10-10 11:00,0.079,2024-06-07 09:00,0.077,2024-10-09 10:00,0.076,2024-09-30 11:00,,,,,0.077,0.073,0.067,0.059,0.053,0.044,0.035,San Antonio Northwest,6655 Bluebird Lane,Texas,Bexar,Leon Valley,"San Antonio-New Braunfels, TX",2025-03-24,55898,1,0,0,1,0.044344
48,29,52,44201,1,29.632058,-98.564936,WGS84,Ozone,8-HR RUN AVG BEGIN HOUR,Ozone 8-hour 2015,Daily maximum of 8-hour running average,,2024,Parts per million,No Events,6178,98,Y,270,275,0,0,6.0,6.0,Requested but not yet concurred,0,0.044074,0.011896,0.085,2024-10-10 11:00,0.083,2024-06-07 10:00,0.08,2024-10-11 10:00,0.073,2024-10-09 10:00,,,,,0.08,0.072,0.064,0.06,0.051,0.044,0.035,Camp Bullis,F Range (1000Yd marker off Wilderness Trail),Texas,Bexar,San Antonio,"San Antonio-New Braunfels, TX",2025-03-24,55930,1,0,0,1,0.044074
48,29,59,44201,1,29.275381,-98.311692,WGS84,Ozone,8-HR RUN AVG BEGIN HOUR,Ozone 8-hour 2015,Daily maximum of 8-hour running average,,2024,Parts per million,No Events,6030,97,Y,267,275,0,0,3.0,3.0,Requested but not yet concurred,0,0.042899,0.011737,0.075,2024-05-14 11:00,0.073,2024-06-07 09:00,0.071,2024-10-01 10:00,0.07,2024-06-06 12:00,,,,,0.071,0.069,0.063,0.058,0.051,0.044,0.035,Calaveras Lake,14620 Laguna Rd,Texas,Bexar,San Antonio,"San Antonio-New Braunfels, TX",2025-03-24,55952,1,0,0,1,0.042899
48,39,1004,44201,1,29.520443,-95.392509,WGS84,Ozone,8-HR RUN AVG BEGIN HOUR,Ozone 8-hour 2015,Daily maximum of 8-hour running average,,2024,Parts per million,No Events,6100,97,Y,356,366,0,0,5.0,5.0,Requested but not yet concurred,0,0.037205,0.013152,0.091,2024-06-06 10:00,0.077,2024-06-14 10:00,0.075,2024-09-29 11:00,0.072,2024-07-20 12:00,,,,,0.072,0.067,0.064,0.057,0.045,0.035,0.022,Manvel Croix Park,4503 Croix Pkwy,Texas,Brazoria,Manvel,"Houston-The Woodlands-Sugar Land, TX",2025-03-24,56043,1,0,0,1,0.037205
48,39,1016,44201,1,29.043759,-95.472946,WGS84,Ozone,8-HR RUN AVG BEGIN HOUR,Ozone 8-hour 2015,Daily maximum of 8-hour running average,,2024,Parts per million,No Events,5951,90,Y,329,366,0,0,2.0,2.0,Requested but not yet concurred,0,0.037429,0.011271,0.079,2024-06-06 10:00,0.071,2024-10-10 10:00,0.07,2024-10-01 10:00,0.07,2024-10-09 10:00,,,,,0.07,0.064,0.058,0.053,0.044,0.037,0.023,Lake Jackson,109B  Brazoria Hwy 332 West,Texas,Brazoria,Lake Jackson,"Houston-The Woodlands-Sugar Land, TX",2025-03-24,56128,1,0,0,1,0.037429
48,43,101,44201,1,29.30265,-103.17781,WGS84,Ozone,8-HR RUN AVG BEGIN HOUR,Ozone 8-hour 2015,Daily maximum of 8-hour running average,Multiple Methods Used,2024,Parts per million,No Events,5050,80,Y,291,366,0,0,2.0,2.0,Certified,0,0.046515,0.008887,0.074,2024-05-23 14:00,0.071,2024-05-06 12:00,0.069,2024-05-24 12:00,0.068,2024-05-04 11:00,,,,,0.069,0.066,0.061,0.059,0.053,0.046,0.036,Big Bend NP,"BIG BEND NATIONAL PARK, TEXAS",Texas,Brewster,,,2025-07-11,56165,0,0,0,1,0.046515
48,61,1023,44201,1,26.200335,-97.712684,WGS84,Ozone,8-HR RUN AVG BEGIN HOUR,Ozone 8-hour 2015,Daily maximum of 8-hour running average,,2024,Parts per million,No Events,5957,95,Y,347,366,0,0,0.0,0.0,Requested but not yet concurred,0,0.03413,0.010023,0.061,2024-02-24 11:00,0.056,2024-02-23 09:00,0.056,2024-04-12 09:00,0.056,2024-10-09 09:00,,,,,0.056,0.055,0.051,0.046,0.041,0.035,0.02,Harlingen Teege,1602 W Teege Avenue,Texas,Cameron,Harlingen,"Brownsville-Harlingen, TX",2025-03-20,56236,1,0,0,1,0.03413
48,85,5,44201,1,33.1324,-96.786419,WGS84,Ozone,8-HR RUN AVG BEGIN HOUR,Ozone 8-hour 2015,Daily maximum of 8-hour running average,,2024,Parts per million,No Events,6190,100,Y,274,275,0,0,11.0,11.0,Requested but not yet concurred,0,0.048584,0.012585,0.09,2024-08-07 10:00,0.088,2024-07-11 11:00,0.086,2024-08-08 10:00,0.084,2024-08-06 11:00,,,,,0.086,0.077,0.069,0.066,0.056,0.048,0.036,Frisco,6590 Hillcrest Road,Texas,Collin,Frisco,"Dallas-Fort Worth-Arlington, TX",2025-03-20,56286,1,0,0,1,0.048584
48,113,69,44201,3,32.820061,-96.860117,WGS84,Ozone,8-HR RUN AVG BEGIN HOUR,Ozone 8-hour 2015,Daily maximum of 8-hour running average,,2024,Parts per million,No Events,5292,84,Y,307,366,0,0,10.0,10.0,Requested but not yet concurred,0,0.040537,0.014394,0.099,2024-08-08 11:00,0.095,2024-08-06 12:00,0.078,2024-09-30 12:00,0.077,2024-07-11 11:00,,,,,0.077,0.075,0.064,0.06,0.05,0.039,0.023,Dallas Hinton,1415 Hinton Street,Texas,Dallas,Dallas,"Dallas-Fort Worth-Arlington, TX",2025-07-11,56435,1,0,0,1,0.040537
48,113,75,44201,1,32.919206,-96.808498,WGS84,Ozone,8-HR RUN AVG BEGIN HOUR,Ozone 8-hour 2015,Daily maximum of 8-hour running average,,2024,Parts per million,No Events,5784,90,Y,248,275,0,0,9.0,9.0,Requested but not yet concurred,0,0.045702,0.012884,0.087,2024-08-08 11:00,0.086,2024-08-06 12:00,0.082,2024-08-19 10:00,0.08,2024-07-11 10:00,,,,,0.082,0.076,0.068,0.063,0.054,0.045,0.035,Dallas North #2,12532 1/2 Nuestra Drive,Texas,Dallas,Dallas,"Dallas-Fort Worth-Arlington, TX",2025-03-20,56577,1,0,0,1,0.045702
48,113,87,44201,1,32.676451,-96.87206,WGS84,Ozone,8-HR RUN AVG BEGIN HOUR,Ozone 8-hour 2015,Daily maximum of 8-hour running average,,2024,Parts per million,No Events,6055,96,Y,263,275,0,0,14.0,14.0,Requested but not yet concurred,0,0.04765,0.013113,0.092,2024-08-08 11:00,0.088,2024-08-06 12:00,0.086,2024-08-20 11:00,0.08,2024-06-06 09:00,,,,,0.086,0.078,0.071,0.065,0.056,0.047,0.037,Dallas Redbird Airport Executive,3277 W Redbird Lane,Texas,Dallas,Dallas,"Dallas-Fort Worth-Arlington, TX",2025-03-20,56592,1,0,0,1,0.04765
48,121,34,44201,1,33.219069,-97.196284,WGS84,Ozone,8-HR RUN AVG BEGIN HOUR,Ozone 8-hour 2015,Daily maximum of 8-hour running average,,2024,Parts per million,No Events,5982,96,Y,264,275,0,0,21.0,21.0,Requested but not yet concurred,0,0.048409,0.01412,0.097,2024-08-07 12:00,0.092,2024-06-14 12:00,0.088,2024-08-08 11:00,0.084,2024-06-06 10:00,,,,,0.088,0.083,0.074,0.066,0.058,0.047,0.036,Denton Airport South,Denton Airport South,Texas,Denton,Denton,"Dallas-Fort Worth-Arlington, TX",2025-03-20,56689,1,0,0,1,0.048409
48,121,1032,44201,1,33.410648,-96.94459,WGS84,Ozone,8-HR RUN AVG BEGIN HOUR,Ozone 8-hour 2015,Daily maximum of 8-hour running average,,2024,Parts per million,No Events,6121,99,Y,271,275,0,0,21.0,21.0,Requested but not yet concurred,0,0.049948,0.013175,0.1,2024-08-07 11:00,0.095,2024-06-14 10:00,0.084,2024-07-11 11:00,0.083,2024-06-07 10:00,,,,,0.084,0.081,0.074,0.066,0.057,0.049,0.036,Pilot Point,792 E Northside Dr,Texas,Denton,Pilot Point,"Dallas-Fort Worth-Arlington, TX",2025-03-20,56730,1,0,0,1,0.049948
48,139,1044,44201,1,32.175417,-96.870189,WGS84,Ozone,8-HR RUN AVG BEGIN HOUR,Ozone 8-hour 2015,Daily maximum of 8-hour running average,,2024,Parts per million,No Events,6119,97,Y,266,275,0,0,1.0,1.0,Requested but not yet concurred,0,0.042523,0.010517,0.071,2024-07-09 11:00,0.068,2024-05-31 12:00,0.067,2024-06-05 11:00,0.067,2024-10-15 12:00,,,,,0.067,0.064,0.06,0.056,0.05,0.043,0.035,Italy,900 FM 667 Ellis County,Texas,Ellis,Italy,"Dallas-Fort Worth-Arlington, TX",2025-03-20,56835,1,0,0,1,0.042523
48,141,29,44201,1,31.785769,-106.323578,WGS84,Ozone,8-HR RUN AVG BEGIN HOUR,Ozone 8-hour 2015,Daily maximum of 8-hour running average,,2024,Parts per million,No Events,6168,99,Y,361,366,0,0,1.0,1.0,Requested but not yet concurred,0,0.041199,0.009661,0.075,2024-07-24 11:00,0.068,2024-07-25 11:00,0.065,2024-06-12 09:00,0.065,2024-08-01 10:00,,,,,0.065,0.063,0.058,0.054,0.048,0.04,0.03,Ivanhoe,10834 Ivanhoe (Ivanhoe Fire Station),Texas,El Paso,El Paso,"El Paso, TX",2025-03-20,56866,1,0,0,1,0.041199
48,141,44,44201,1,31.765685,-106.455227,WGS84,Ozone,8-HR RUN AVG BEGIN HOUR,Ozone 8-hour 2015,Daily maximum of 8-hour running average,,2024,Parts per million,No Events,6159,98,Y,359,366,0,0,7.0,7.0,Requested but not yet concurred,0,0.045758,0.012439,0.081,2024-07-24 11:00,0.08,2024-06-12 09:00,0.079,2024-06-15 11:00,0.074,2024-10-05 10:00,,,,,0.074,0.07,0.066,0.063,0.054,0.045,0.03,El Paso Chamizal,800 S San Marcial Street,Texas,El Paso,El Paso,"El Paso, TX",2025-03-20,56930,1,0,0,1,0.045758
48,141,55,44201,1,31.746775,-106.402806,WGS84,Ozone,8-HR RUN AVG BEGIN HOUR,Ozone 8-hour 2015,Daily maximum of 8-hour running average,,2024,Parts per million,No Events,6174,98,Y,360,366,0,0,4.0,4.0,Requested but not yet concurred,0,0.042622,0.011594,0.084,2024-07-24 11:00,0.075,2024-07-25 10:00,0.074,2024-06-12 09:00,0.074,2024-10-05 10:00,,,,,0.074,0.067,0.063,0.058,0.051,0.042,0.028,Ascarate Park SE,650 R E Thomason Loop,Texas,El Paso,El Paso,"El Paso, TX",2025-03-20,57074,1,0,0,1,0.042622
48,141,57,44201,1,31.6675,-106.288,WGS84,Ozone,8-HR RUN AVG BEGIN HOUR,Ozone 8-hour 2015,Daily maximum of 8-hour running average,,2024,Parts per million,No Events,6192,99,Y,363,366,0,0,10.0,10.0,Requested but not yet concurred,0,0.04697,0.01155,0.082,2024-07-24 10:00,0.079,2024-07-25 11:00,0.077,2024-07-27 10:00,0.077,2024-08-01 10:00,,,,,0.077,0.072,0.066,0.062,0.056,0.045,0.034,Socorro Hueco,320 Old Hueco Tanks Road,Texas,El Paso,Socorro,"El Paso, TX",2025-03-20,57109,1,0,0,1,0.04697
48,141,58,44201,1,31.893913,-106.425827,WGS84,Ozone,8-HR RUN AVG BEGIN HOUR,Ozone 8-hour 2015,Daily maximum of 8-hour running average,,2024,Parts per million,No Events,5841,93,Y,339,366,0,0,8.0,8.0,Requested but not yet concurred,0,0.049198,0.010668,0.085,2024-07-24 10:00,0.083,2024-07-25 10:00,0.082,2024-07-26 11:00,0.077,2024-06-12 08:00,,,,,0.077,0.072,0.067,0.064,0.057,0.048,0.036,Skyline Park,5050A Yvette Drive,Texas,El Paso,El Paso,"El Paso, TX",2025-03-20,57144,1,0,0,1,0.049198
48,141,1021,44201,1,31.86247,-106.5473,WGS84,Ozone,8-HR RUN AVG BEGIN HOUR,Ozone 8-hour 2015,Daily maximum of 8-hour running average,,2024,Parts per million,No Events,6083,98,Y,357,366,0,0,12.0,12.0,Requested but not yet concurred,0,0.047045,0.01137,0.084,2024-07-24 11:00,0.082,2024-07-25 10:00,0.075,2024-06-13 10:00,0.075,2024-07-23 20:00,,,,,0.075,0.073,0.068,0.061,0.055,0.046,0.035,Ojo De Agua,6767 Ojo De Agua,Texas,El Paso,El Paso,"El Paso, TX",2025-03-20,57166,1,0,0,1,0.047045
48,167,1034,44201,1,29.254474,-94.861289,WGS84,Ozone,8-HR RUN AVG BEGIN HOUR,Ozone 8-hour 2015,Daily maximum of 8-hour running average,,2024,Parts per million,No Events,6019,96,Y,351,366,0,0,8.0,8.0,Requested but not yet concurred,0,0.041328,0.01319,0.089,2024-07-19 13:00,0.088,2024-09-28 11:00,0.084,2024-09-30 10:00,0.078,2024-07-18 13:00,,,,,0.078,0.071,0.065,0.058,0.049,0.04,0.025,Galveston 99th Street,9511 Avenue V 1/2,Texas,Galveston,Galveston,"Houston-The Woodlands-Sugar Land, TX",2025-03-24,57200,1,0,0,1,0.041328
48,183,1,44201,2,32.378696,-94.711813,NAD83,Ozone,8-HR RUN AVG BEGIN HOUR,Ozone 8-hour 2015,Daily maximum of 8-hour running average,,2024,Parts per million,No Events,5924,96,Y,263,275,0,0,2.0,2.0,Requested but not yet concurred,0,0.04227,0.011949,0.079,2024-06-14 10:00,0.075,2024-08-07 10:00,0.069,2024-06-13 11:00,0.069,2024-08-22 08:00,,,,,0.069,0.067,0.061,0.057,0.05,0.045,0.035,Longview,Gregg Co Airport near Longview,Texas,Gregg,Longview,"Longview, TX",2025-03-12,57233,1,0,0,1,0.04227
48,201,24,44201,2,29.901036,-95.326137,WGS84,Ozone,8-HR RUN AVG BEGIN HOUR,Ozone 8-hour 2015,Daily maximum of 8-hour running average,,2024,Parts per million,No Events,5860,90,Y,329,366,0,0,18.0,18.0,Requested but not yet concurred,0,0.042964,0.015946,0.105,2024-08-21 10:00,0.099,2024-08-22 10:00,0.098,2024-05-15 11:00,0.097,2024-08-08 12:00,,,,,0.097,0.085,0.072,0.064,0.053,0.039,0.025,Houston Aldine,4510 1/2 Aldine Mail Rd,Texas,Harris,Houston,"Houston-The Woodlands-Sugar Land, TX",2025-03-24,57252,1,0,0,1,0.042964
48,201,26,44201,3,29.802707,-95.125495,WGS84,Ozone,8-HR RUN AVG BEGIN HOUR,Ozone 8-hour 2015,Daily maximum of 8-hour running average,,2024,Parts per million,No Events,5981,96,Y,352,366,0,0,11.0,11.0,Requested but not yet concurred,0,0.038205,0.014134,0.096,2024-08-08 11:00,0.082,2024-05-15 10:00,0.075,2024-08-07 10:00,0.075,2024-08-17 10:00,,,,,0.075,0.073,0.067,0.056,0.048,0.036,0.023,Channelview,1405 Sheldon Road,Texas,Harris,Channelview,"Houston-The Woodlands-Sugar Land, TX",2025-03-24,57325,1,0,0,1,0.038205
48,201,29,44201,2,30.039524,-95.673951,WGS84,Ozone,8-HR RUN AVG BEGIN HOUR,Ozone 8-hour 2015,Daily maximum of 8-hour running average,,2024,Parts per million,No Events,6125,98,Y,358,366,0,0,11.0,11.0,Requested but not yet concurred,0,0.040771,0.013888,0.096,2024-05-15 11:00,0.095,2024-08-22 10:00,0.088,2024-10-11 10:00,0.082,2024-09-18 10:00,,,,,0.082,0.073,0.066,0.061,0.049,0.038,0.025,Northwest Harris County,16822 Kitzman,Texas,Harris,Tomball,"Houston-The Woodlands-Sugar Land, TX",2025-03-24,57353,1,0,0,1,0.040771
48,201,46,44201,1,29.828086,-95.284096,WGS84,Ozone,8-HR RUN AVG BEGIN HOUR,Ozone 8-hour 2015,Daily maximum of 8-hour running average,,2024,Parts per million,No Events,5979,94,Y,344,366,0,0,11.0,11.0,Requested but not yet concurred,0,0.03743,0.015413,0.099,2024-08-08 11:00,0.094,2024-05-15 11:00,0.094,2024-08-22 10:00,0.092,2024-08-21 10:00,,,,,0.092,0.08,0.064,0.059,0.047,0.034,0.022,Houston North Wayside,7330 1/2 North Wayside,Texas,Harris,Houston,"Houston-The Woodlands-Sugar Land, TX",2025-07-11,57367,1,0,0,1,0.03743
48,201,47,44201,2,29.834167,-95.489167,WGS84,Ozone,8-HR RUN AVG BEGIN HOUR,Ozone 8-hour 2015,Daily maximum of 8-hour running average,,2024,Parts per million,No Events,5674,89,Y,325,366,0,0,11.0,11.0,Requested but not yet concurred,0,0.038274,0.014986,0.102,2024-10-11 10:00,0.094,2024-08-08 11:00,0.087,2024-06-07 09:00,0.083,2024-05-15 10:00,,,,,0.083,0.079,0.068,0.059,0.047,0.035,0.023,Lang,4401 1/2 Lang Rd,Texas,Harris,Houston,"Houston-The Woodlands-Sugar Land, TX",2025-07-11,57394,1,0,0,1,0.038274
48,201,51,44201,2,29.623889,-95.474167,WGS84,Ozone,8-HR RUN AVG BEGIN HOUR,Ozone 8-hour 2015,Daily maximum of 8-hour running average,,2024,Parts per million,No Events,6011,94,Y,345,366,0,0,7.0,7.0,Requested but not yet concurred,0,0.037603,0.013687,0.082,2024-06-07 10:00,0.082,2024-06-14 10:00,0.078,2024-06-06 10:00,0.076,2024-09-30 10:00,,,,,0.076,0.071,0.062,0.058,0.045,0.036,0.021,Houston Croquet,13826 1/2 Croquet,Texas,Harris,Houston,"Houston-The Woodlands-Sugar Land, TX",2025-07-11,57405,1,0,0,1,0.037603
48,201,55,44201,1,29.695729,-95.499219,WGS84,Ozone,8-HR RUN AVG BEGIN HOUR,Ozone 8-hour 2015,Daily maximum of 8-hour running average,,2024,Parts per million,No Events,6060,97,Y,355,366,0,0,18.0,18.0,Requested but not yet concurred,0,0.042096,0.015113,0.1,2024-06-07 10:00,0.09,2024-06-14 10:00,0.089,2024-09-30 09:00,0.083,2024-06-06 09:00,,,,,0.083,0.076,0.071,0.065,0.05,0.04,0.026,Houston Bayland Park,6400 Bissonnet Street,Texas,Harris,Houston,"Houston-The Woodlands-Sugar Land, TX",2025-03-24,57419,1,0,0,1,0.042096
48,201,62,44201,1,29.625556,-95.267222,WGS84,Ozone,8-HR RUN AVG BEGIN HOUR,Ozone 8-hour 2015,Daily maximum of 8-hour running average,,2024,Parts per million,No Events,5522,86,Y,315,366,0,0,2.0,2.0,Requested but not yet concurred,0,0.033949,0.012049,0.073,2024-09-30 10:00,0.072,2024-09-17 10:00,0.068,2024-05-15 11:00,0.066,2024-09-29 11:00,,,,,0.066,0.064,0.056,0.05,0.042,0.032,0.019,Houston Monroe,9726 1/2 Monroe,Texas,Harris,Houston,"Houston-The Woodlands-Sugar Land, TX",2025-07-11,57456,1,0,0,1,0.033949
48,201,66,44201,1,29.723333,-95.635833,WGS84,Ozone,8-HR RUN AVG BEGIN HOUR,Ozone 8-hour 2015,Daily maximum of 8-hour running average,Multiple Methods Used,2024,Parts per million,No Events,5858,92,Y,335,366,0,0,7.0,7.0,Requested but not yet concurred,0,0.039119,0.013692,0.099,2024-06-07 10:00,0.083,2024-06-14 10:00,0.08,2024-10-11 11:00,0.078,2024-06-13 10:00,,,,,0.078,0.075,0.064,0.059,0.047,0.037,0.023,Houston Westhollow,3333 1/2 Hwy 6 South,Texas,Harris,Houston,"Houston-The Woodlands-Sugar Land, TX",2025-07-11,57462,1,0,0,1,0.039119
48,201,416,44201,1,29.686389,-95.294722,WGS84,Ozone,8-HR RUN AVG BEGIN HOUR,Ozone 8-hour 2015,Daily maximum of 8-hour running average,,2024,Parts per million,No Events,5909,93,Y,342,366,0,0,13.0,13.0,Requested but not yet concurred,0,0.039754,0.014852,0.088,2024-09-30 10:00,0.083,2024-06-07 10:00,0.083,2024-06-14 11:00,0.082,2024-07-20 12:00,,,,,0.082,0.076,0.067,0.061,0.049,0.036,0.023,Park Place,7421 Park Place Blvd,Texas,Harris,Houston,"Houston-The Woodlands-Sugar Land, TX",2025-07-10,57491,1,0,0,1,0.039754
48,201,417,44201,1,29.772915,-95.395784,WGS84,Ozone,8-HR RUN AVG BEGIN HOUR,Ozone 8-hour 2015,Daily maximum of 8-hour running average,,2024,Parts per million,No Events,6137,98,Y,360,366,0,0,22.0,22.0,Requested but not yet concurred,0,0.041347,0.016263,0.106,2024-06-07 09:00,0.099,2024-08-08 10:00,0.094,2024-08-22 10:00,0.09,2024-10-11 10:00,,,,,0.09,0.082,0.073,0.064,0.05,0.037,0.025,Houston Harvard Street,160 Harvard Street,Texas,Harris,Houston,"Houston-The Woodlands-Sugar Land, TX",2025-02-12,57511,1,0,0,1,0.041347
48,201,1015,44201,1,29.758889,-95.079444,NAD83,Ozone,8-HR RUN AVG BEGIN HOUR,Ozone 8-hour 2015,Daily maximum of 8-hour running average,,2024,Parts per million,No Events,5904,93,Y,341,366,0,0,12.0,12.0,Requested but not yet concurred,0,0.038795,0.014494,0.095,2024-08-08 09:00,0.086,2024-05-15 10:00,0.083,2024-08-06 10:00,0.078,2024-08-02 11:00,,,,,0.078,0.077,0.066,0.057,0.048,0.037,0.023,Lynchburg Ferry,4364 Independence Parkway South,Texas,Harris,Baytown,"Houston-The Woodlands-Sugar Land, TX",2025-03-24,57523,1,0,0,1,0.038795
48,201,1017,44201,1,29.827158,-94.988423,WGS84,Ozone,8-HR RUN AVG BEGIN HOUR,Ozone 8-hour 2015,Daily maximum of 8-hour running average,,2024,Parts per million,No Events,6182,99,Y,363,366,0,0,8.0,8.0,Requested but not yet concurred,0,0.03973,0.012875,0.087,2024-08-08 11:00,0.079,2024-08-20 11:00,0.079,2024-10-15 10:00,0.078,2024-08-07 11:00,,,,,0.078,0.071,0.063,0.056,0.048,0.038,0.025,Baytown Garth,"4898 Ashbel Cove Drive, Trailer A",Texas,Harris,Baytown,"Houston-The Woodlands-Sugar Land, TX",2025-03-24,57535,1,0,0,1,0.03973
48,201,1034,44201,2,29.767997,-95.220582,WGS84,Ozone,8-HR RUN AVG BEGIN HOUR,Ozone 8-hour 2015,Daily maximum of 8-hour running average,,2024,Parts per million,No Events,5776,90,Y,331,366,0,0,16.0,16.0,Requested but not yet concurred,0,0.039121,0.015813,0.098,2024-05-15 09:00,0.098,2024-08-08 11:00,0.088,2024-08-22 09:00,0.084,2024-08-06 08:00,,,,,0.084,0.08,0.069,0.06,0.049,0.036,0.022,Houston East,1262 1/2 Mae Drive,Texas,Harris,Houston,"Houston-The Woodlands-Sugar Land, TX",2025-03-24,57551,1,0,0,1,0.039121
48,201,1035,44201,3,29.733726,-95.257593,WGS84,Ozone,8-HR RUN AVG BEGIN HOUR,Ozone 8-hour 2015,Daily maximum of 8-hour running average,,2024,Parts per million,No Events,5904,94,Y,343,366,0,0,18.0,18.0,Requested but not yet concurred,0,0.03793,0.015805,0.091,2024-06-07 10:00,0.086,2024-08-22 10:00,0.085,2024-08-08 11:00,0.084,2024-09-30 11:00,,,,,0.084,0.081,0.072,0.058,0.046,0.034,0.022,Clinton,9525 1/2 Clinton Dr,Texas,Harris,Houston,"Houston-The Woodlands-Sugar Land, TX",2025-07-11,57632,1,0,0,1,0.03793
48,201,1039,44201,1,29.670025,-95.128508,WGS84,Ozone,8-HR RUN AVG BEGIN HOUR,Ozone 8-hour 2015,Daily maximum of 8-hour running average,,2024,Parts per million,No Events,6029,95,Y,347,366,0,0,12.0,12.0,Requested but not yet concurred,0,0.039908,0.014094,0.091,2024-08-06 10:00,0.087,2024-08-19 11:00,0.087,2024-09-17 11:00,0.084,2024-09-30 11:00,,,,,0.084,0.078,0.066,0.058,0.049,0.037,0.024,Houston Deer Park #2,4413 Glenwood Avenue,Texas,Harris,Deer Park,"Houston-The Woodlands-Sugar Land, TX",2025-03-24,57824,1,0,0,1,0.039908
48,201,1050,44201,1,29.583047,-95.015544,WGS84,Ozone,8-HR RUN AVG BEGIN HOUR,Ozone 8-hour 2015,Daily maximum of 8-hour running average,,2024,Parts per million,No Events,5873,93,Y,340,366,0,0,7.0,7.0,Requested but not yet concurred,0,0.0369,0.013163,0.095,2024-07-09 11:00,0.082,2024-09-29 10:00,0.082,2024-09-30 10:00,0.08,2024-08-06 10:00,,,,,0.08,0.071,0.062,0.053,0.045,0.035,0.022,Seabrook Friendship Park,4522 Park Rd,Texas,Harris,Seabrook,"Houston-The Woodlands-Sugar Land, TX",2025-03-24,58043,1,0,0,1,0.0369
48,203,2,44201,1,32.669001,-94.167468,NAD83,Ozone,8-HR RUN AVG BEGIN HOUR,Ozone 8-hour 2015,Daily maximum of 8-hour running average,,2024,Parts per million,No Events,6075,95,Y,261,275,0,0,0.0,0.0,Requested but not yet concurred,0,0.03818,0.01033,0.069,2024-10-12 10:00,0.063,2024-05-15 10:00,0.063,2024-06-14 09:00,0.062,2024-04-04 11:00,,,,,0.063,0.057,0.054,0.052,0.046,0.041,0.032,Karnack,Hwy 134 & Spur 449,Texas,Harrison,,"Marshall, TX",2025-03-12,58101,1,0,0,1,0.03818
48,221,1,44201,1,32.442304,-97.803529,WGS84,Ozone,8-HR RUN AVG BEGIN HOUR,Ozone 8-hour 2015,Daily maximum of 8-hour running average,,2024,Parts per million,No Events,5955,96,Y,264,275,0,0,6.0,6.0,Requested but not yet concurred,0,0.04664,0.012418,0.087,2024-10-04 11:00,0.083,2024-08-09 11:00,0.077,2024-09-10 11:00,0.076,2024-07-24 12:00,,,,,0.077,0.071,0.067,0.063,0.055,0.046,0.036,Granbury,200 N Gordon Street,Texas,Hood,Granbury,"Dallas-Fort Worth-Arlington, TX",2025-03-20,58289,1,0,0,1,0.04664
48,231,1006,44201,1,33.153088,-96.115572,WGS84,Ozone,8-HR RUN AVG BEGIN HOUR,Ozone 8-hour 2015,Daily maximum of 8-hour running average,,2024,Parts per million,No Events,5829,91,Y,250,275,0,0,2.0,2.0,Requested but not yet concurred,0,0.043348,0.010706,0.08,2024-08-19 11:00,0.076,2024-08-07 10:00,0.068,2024-08-08 10:00,0.068,2024-09-13 10:00,,,,,0.068,0.067,0.06,0.056,0.051,0.044,0.035,Greenville,824 Sayle Street,Texas,Hunt,Greenville,"Dallas-Fort Worth-Arlington, TX",2025-03-20,58316,1,0,0,1,0.043348
48,245,9,44201,2,30.036422,-94.071061,WGS84,Ozone,8-HR RUN AVG BEGIN HOUR,Ozone 8-hour 2015,Daily maximum of 8-hour running average,,2024,Parts per million,No Events,6109,98,Y,358,366,0,0,3.0,3.0,Requested but not yet concurred,0,0.03705,0.011931,0.079,2024-05-15 10:00,0.079,2024-08-21 10:00,0.077,2024-08-22 10:00,0.067,2024-06-07 11:00,,,,,0.067,0.061,0.058,0.053,0.045,0.037,0.022,Beaumont Downtown,1086 Vermont Avenue,Texas,Jefferson,Beaumont,"Beaumont-Port Arthur, TX",2025-03-19,58387,1,0,0,1,0.03705
48,245,11,44201,1,29.897516,-93.991084,WGS84,Ozone,8-HR RUN AVG BEGIN HOUR,Ozone 8-hour 2015,Daily maximum of 8-hour running average,,2024,Parts per million,No Events,6069,96,Y,353,366,0,0,2.0,2.0,Requested but not yet concurred,0,0.034657,0.01089,0.073,2024-05-15 12:00,0.072,2024-10-15 11:00,0.063,2024-08-20 13:00,0.062,2024-06-12 09:00,,,,,0.062,0.055,0.052,0.05,0.042,0.034,0.021,Port Arthur West,623 Ellias Street,Texas,Jefferson,Port Arthur,"Beaumont-Port Arthur, TX",2025-03-19,58416,1,0,0,1,0.034657
48,245,22,44201,1,29.863957,-94.317802,WGS84,Ozone,8-HR RUN AVG BEGIN HOUR,Ozone 8-hour 2015,Daily maximum of 8-hour running average,,2024,Parts per million,No Events,5782,83,Y,303,366,0,0,2.0,2.0,Requested but not yet concurred,0,0.03667,0.012387,0.078,2024-06-07 11:00,0.072,2024-05-15 10:00,0.068,2024-08-22 10:00,0.067,2024-04-04 13:00,,,,,0.067,0.063,0.056,0.052,0.045,0.037,0.019,Hamshire,12552 Second St,Texas,Jefferson,,"Beaumont-Port Arthur, TX",2025-03-19,58476,1,0,0,1,0.03667
48,245,101,44201,1,29.727931,-93.894081,NAD83,Ozone,8-HR RUN AVG BEGIN HOUR,Ozone 8-hour 2015,Daily maximum of 8-hour running average,,2024,Parts per million,No Events,5711,87,Y,320,366,0,0,3.0,3.0,Requested but not yet concurred,0,0.039088,0.011713,0.074,2024-08-20 12:00,0.072,2024-06-06 11:00,0.071,2024-10-15 11:00,0.07,2024-06-14 10:00,,,,,0.07,0.068,0.057,0.054,0.047,0.039,0.025,SETRPC  40  Sabine Pass,5200 Mechanic,Texas,Jefferson,,"Beaumont-Port Arthur, TX",2025-07-10,58497,1,0,0,1,0.039088
48,245,102,44201,1,29.9425,-94.000556,WGS84,Ozone,8-HR RUN AVG BEGIN HOUR,Ozone 8-hour 2015,Daily maximum of 8-hour running average,,2024,Parts per million,No Events,5812,91,Y,332,366,0,0,3.0,3.0,Requested but not yet concurred,0,0.036572,0.012249,0.079,2024-10-15 11:00,0.077,2024-06-07 11:00,0.074,2024-05-15 09:00,0.069,2024-08-20 11:00,,,,,0.069,0.062,0.057,0.053,0.046,0.035,0.021,SETRPC 43 Jefferson Co Airport,Jefferson County Airport,Texas,Jefferson,Port Arthur,"Beaumont-Port Arthur, TX",2025-07-09,58501,1,0,0,1,0.036572
48,245,1035,44201,1,29.979958,-94.004746,WGS84,Ozone,8-HR RUN AVG BEGIN HOUR,Ozone 8-hour 2015,Daily maximum of 8-hour running average,,2024,Parts per million,No Events,6139,98,Y,357,366,0,0,5.0,5.0,Requested but not yet concurred,0,0.038087,0.012154,0.083,2024-05-15 10:00,0.079,2024-08-22 09:00,0.078,2024-06-07 10:00,0.073,2024-10-15 12:00,,,,,0.073,0.062,0.059,0.054,0.046,0.037,0.023,Nederland 17th Street,1516 17th Street,Texas,Jefferson,Nederland,"Beaumont-Port Arthur, TX",2025-03-19,58543,1,0,0,1,0.038087
48,251,3,44201,1,32.353595,-97.436742,WGS84,Ozone,8-HR RUN AVG BEGIN HOUR,Ozone 8-hour 2015,Daily maximum of 8-hour running average,,2024,Parts per million,No Events,5948,95,Y,260,275,0,0,10.0,10.0,Requested but not yet concurred,0,0.046273,0.012035,0.079,2024-10-04 11:00,0.077,2024-07-19 11:00,0.076,2024-06-05 12:00,0.076,2024-07-24 11:00,,,,,0.076,0.075,0.067,0.064,0.054,0.046,0.036,Cleburne Airport,1650 Airport Drive,Texas,Johnson,Cleburne,"Dallas-Fort Worth-Arlington, TX",2025-03-20,58582,1,0,0,1,0.046273
48,257,5,44201,1,32.564968,-96.317687,WGS84,Ozone,8-HR RUN AVG BEGIN HOUR,Ozone 8-hour 2015,Daily maximum of 8-hour running average,,2024,Parts per million,No Events,5867,92,Y,254,275,0,0,8.0,8.0,Requested but not yet concurred,0,0.046457,0.011594,0.084,2024-10-15 12:00,0.077,2024-09-30 11:00,0.073,2024-10-26 12:00,0.072,2024-07-10 10:00,,,,,0.073,0.071,0.065,0.062,0.055,0.047,0.038,Kaufman,3790 S Houston St,Texas,Kaufman,Kaufman,"Dallas-Fort Worth-Arlington, TX",2025-03-20,58620,1,0,0,1,0.046457
48,309,1037,44201,1,31.653086,-97.070704,NAD83,Ozone,8-HR RUN AVG BEGIN HOUR,Ozone 8-hour 2015,Daily maximum of 8-hour running average,,2024,Parts per million,No Events,5866,92,Y,253,275,0,0,4.0,4.0,Requested but not yet concurred,0,0.046304,0.011443,0.08,2024-07-10 11:00,0.077,2024-08-07 11:00,0.071,2024-07-11 11:00,0.071,2024-10-10 11:00,,,,,0.071,0.07,0.065,0.062,0.054,0.046,0.036,Waco Mazanec,4472 Mazanec Rd,Texas,McLennan,Waco,"Waco, TX",2025-03-19,58710,1,0,0,1,0.046304
48,339,78,44201,1,30.350302,-95.425128,WGS84,Ozone,8-HR RUN AVG BEGIN HOUR,Ozone 8-hour 2015,Daily maximum of 8-hour running average,,2024,Parts per million,No Events,5858,92,Y,338,366,0,0,17.0,17.0,Requested but not yet concurred,0,0.044926,0.013588,0.092,2024-05-15 10:00,0.084,2024-10-24 11:00,0.082,2024-08-21 10:00,0.081,2024-08-23 10:00,,,,,0.081,0.078,0.071,0.063,0.054,0.043,0.029,Conroe Relocated,9472A Hwy 1484,Texas,Montgomery,Conroe,"Houston-The Woodlands-Sugar Land, TX",2025-03-24,58743,1,0,0,1,0.044926
48,349,1051,44201,1,32.031934,-96.399141,WGS84,Ozone,8-HR RUN AVG BEGIN HOUR,Ozone 8-hour 2015,Daily maximum of 8-hour running average,,2024,Parts per million,No Events,6158,99,Y,272,275,0,0,7.0,7.0,Requested but not yet concurred,0,0.047217,0.011492,0.079,2024-10-15 12:00,0.078,2024-07-09 12:00,0.074,2024-05-14 11:00,0.073,2024-07-10 10:00,,,,,0.074,0.071,0.067,0.063,0.056,0.048,0.038,Corsicana Airport,Corsicana Airport,Texas,Navarro,Corsicana,"Corsicana, TX",2025-03-20,58774,1,0,0,1,0.047217
48,355,25,44201,2,27.76534,-97.434262,WGS84,Ozone,8-HR RUN AVG BEGIN HOUR,Ozone 8-hour 2015,Daily maximum of 8-hour running average,,2024,Parts per million,No Events,6200,99,Y,363,366,0,0,0.0,0.0,Requested but not yet concurred,0,0.036132,0.011127,0.07,2024-10-10 10:00,0.068,2024-09-29 11:00,0.066,2024-10-09 11:00,0.065,2024-09-28 10:00,,,,,0.065,0.059,0.055,0.051,0.043,0.036,0.021,Corpus Christi West,902 Airport Road,Texas,Nueces,Corpus Christi,"Corpus Christi, TX",2025-03-19,58814,1,0,0,1,0.036132
48,355,26,44201,1,27.832413,-97.555387,NAD83,Ozone,8-HR RUN AVG BEGIN HOUR,Ozone 8-hour 2015,Daily maximum of 8-hour running average,,2024,Parts per million,No Events,6193,99,Y,364,366,0,0,2.0,2.0,Requested but not yet concurred,0,0.035648,0.010965,0.072,2024-09-30 10:00,0.072,2024-10-10 10:00,0.067,2024-09-29 11:00,0.063,2024-10-09 11:00,,,,,0.063,0.06,0.054,0.049,0.042,0.036,0.021,Corpus Christi Tuloso,9860 La Branch,Texas,Nueces,Corpus Christi,"Corpus Christi, TX",2025-03-19,58832,1,0,0,1,0.035648
48,361,1001,44201,2,30.085263,-93.761341,WGS84,Ozone,8-HR RUN AVG BEGIN HOUR,Ozone 8-hour 2015,Daily maximum of 8-hour running average,,2024,Parts per million,No Events,6048,97,Y,354,366,0,0,2.0,2.0,Requested but not yet concurred,0,0.035297,0.011318,0.076,2024-05-15 12:00,0.072,2024-08-21 10:00,0.067,2024-08-22 10:00,0.067,2024-10-12 10:00,,,,,0.067,0.057,0.054,0.049,0.043,0.035,0.02,West Orange,2700 Austin Ave,Texas,Orange,West Orange,"Beaumont-Port Arthur, TX",2025-03-19,59018,1,0,0,1,0.035297
48,367,81,44201,1,32.868773,-97.905931,WGS84,Ozone,8-HR RUN AVG BEGIN HOUR,Ozone 8-hour 2015,Daily maximum of 8-hour running average,,2024,Parts per million,No Events,6020,93,Y,257,275,0,0,6.0,6.0,Requested but not yet concurred,0,0.043078,0.012733,0.088,2024-09-10 12:00,0.077,2024-08-20 13:00,0.076,2024-10-08 12:00,0.074,2024-08-21 12:00,,,,,0.076,0.071,0.064,0.059,0.052,0.044,0.034,Parker County,3033 New Authon Rd,Texas,Parker,Weatherford,"Dallas-Fort Worth-Arlington, TX",2025-03-20,59052,1,0,0,1,0.043078
48,373,9991,44201,1,30.7017,-94.6742,WGS84,Ozone,8-HR RUN AVG BEGIN HOUR,Ozone 8-hour 2015,Daily maximum of 8-hour running average,,2024,Parts per million,No Events,5965,95,Y,349,366,0,0,0.0,0.0,Certified,0,0.035871,0.010103,0.068,2024-04-05 10:00,0.062,2024-02-19 12:00,0.059,2024-02-25 10:00,0.059,2024-10-24 10:00,,,,,0.059,0.057,0.052,0.049,0.043,0.036,0.023,Alabama-Coushatta,"361 Tombigbee Rd, Livingston, TX 77351",Texas,Polk,,,2025-03-07,59074,0,0,0,1,0.035871
48,381,9991,44201,1,34.8803,-101.6649,WGS84,Ozone,8-HR RUN AVG BEGIN HOUR,Ozone 8-hour 2015,Daily maximum of 8-hour running average,,2024,Parts per million,No Events,6136,99,Y,271,275,0,0,2.0,2.0,Certified,0,0.04924,0.009251,0.073,2024-07-24 11:00,0.071,2024-07-11 10:00,0.07,2024-07-10 10:00,0.069,2024-05-19 10:00,,,,,0.07,0.068,0.065,0.062,0.055,0.05,0.04,Palo Duro,"Palo Duro Canyon State Park, Canyon, TX 79015",Texas,Randall,,"Amarillo, TX",2025-03-07,59133,0,0,0,1,0.04924
48,397,1,44201,1,32.936523,-96.459211,WGS84,Ozone,8-HR RUN AVG BEGIN HOUR,Ozone 8-hour 2015,Daily maximum of 8-hour running average,,2024,Parts per million,No Events,5827,88,Y,243,275,0,0,2.0,2.0,Requested but not yet concurred,0,0.041407,0.010351,0.078,2024-08-08 10:00,0.072,2024-08-19 11:00,0.069,2024-08-06 11:00,0.065,2024-09-30 11:00,,,,,0.069,0.065,0.06,0.054,0.048,0.042,0.032,Rockwall Heath,100 E Heath St,Texas,Rockwall,Rockwall,"Dallas-Fort Worth-Arlington, TX",2025-03-20,59149,1,0,0,1,0.041407
48,423,7,44201,1,32.344027,-95.415754,NAD83,Ozone,8-HR RUN AVG BEGIN HOUR,Ozone 8-hour 2015,Daily maximum of 8-hour running average,,2024,Parts per million,No Events,6146,98,Y,269,275,0,0,1.0,1.0,Requested but not yet concurred,0,0.044591,0.01109,0.072,2024-08-21 12:00,0.068,2024-06-14 12:00,0.067,2024-05-15 09:00,0.067,2024-06-13 11:00,,,,,0.067,0.066,0.063,0.059,0.053,0.046,0.037,Tyler Airport Relocated,14790 County Road 1145,Texas,Smith,Tyler,"Tyler, TX",2025-03-12,59177,1,0,0,1,0.044591
48,439,75,44201,1,32.987891,-97.477175,WGS84,Ozone,8-HR RUN AVG BEGIN HOUR,Ozone 8-hour 2015,Daily maximum of 8-hour running average,,2024,Parts per million,No Events,5984,93,Y,255,275,0,0,21.0,21.0,Requested but not yet concurred,0,0.048663,0.014692,0.107,2024-08-08 13:00,0.096,2024-08-20 12:00,0.093,2024-06-06 11:00,0.089,2024-08-21 11:00,,,,,0.093,0.085,0.076,0.068,0.057,0.048,0.037,Eagle Mountain Lake,14290 Morris Dido Newark Rd,Texas,Tarrant,Eagle Mountain,"Dallas-Fort Worth-Arlington, TX",2025-03-20,59194,1,0,0,1,0.048663
48,439,1002,44201,2,32.80581,-97.356529,NAD83,Ozone,8-HR RUN AVG BEGIN HOUR,Ozone 8-hour 2015,Daily maximum of 8-hour running average,,2024,Parts per million,No Events,5930,92,Y,254,275,0,0,14.0,14.0,Requested but not yet concurred,0,0.045547,0.01412,0.104,2024-08-20 11:00,0.091,2024-08-08 11:00,0.089,2024-06-06 11:00,0.085,2024-09-10 12:00,,,,,0.089,0.079,0.071,0.065,0.054,0.044,0.034,Fort Worth Northwest,3317 Ross Ave,Texas,Tarrant,Fort Worth,"Dallas-Fort Worth-Arlington, TX",2025-03-20,59258,1,0,0,1,0.045547
48,439,2003,44201,2,32.922492,-97.282099,NAD83,Ozone,8-HR RUN AVG BEGIN HOUR,Ozone 8-hour 2015,Daily maximum of 8-hour running average,,2024,Parts per million,No Events,5959,93,Y,256,275,0,0,20.0,20.0,Requested but not yet concurred,0,0.0485,0.014383,0.108,2024-08-08 12:00,0.094,2024-08-20 11:00,0.092,2024-06-06 11:00,0.088,2024-08-06 13:00,,,,,0.092,0.081,0.074,0.069,0.057,0.047,0.036,Keller,FAA Site off Alta Vista Road,Texas,Tarrant,Fort Worth,"Dallas-Fort Worth-Arlington, TX",2025-03-20,59375,1,0,0,1,0.0485
48,439,3009,44201,1,32.98426,-97.063721,WGS84,Ozone,8-HR RUN AVG BEGIN HOUR,Ozone 8-hour 2015,Daily maximum of 8-hour running average,,2024,Parts per million,No Events,6184,100,Y,274,275,0,0,14.0,14.0,Requested but not yet concurred,0,0.045102,0.013512,0.099,2024-08-08 10:00,0.088,2024-08-07 10:00,0.082,2024-06-14 11:00,0.081,2024-08-06 13:00,,,,,0.082,0.08,0.071,0.063,0.053,0.044,0.033,Grapevine Fairway,4100 Fairway Dr,Texas,Tarrant,Grapevine,"Dallas-Fort Worth-Arlington, TX",2025-03-20,59458,1,0,0,1,0.045102
48,453,14,44201,2,30.354944,-97.761803,NAD83,Ozone,8-HR RUN AVG BEGIN HOUR,Ozone 8-hour 2015,Daily maximum of 8-hour running average,,2024,Parts per million,No Events,6140,99,Y,272,275,0,0,2.0,2.0,Requested but not yet concurred,0,0.044228,0.01168,0.078,2024-10-10 10:00,0.077,2024-08-06 11:00,0.07,2024-07-11 10:00,0.07,2024-08-08 11:00,,,,,0.07,0.069,0.065,0.061,0.052,0.044,0.035,Austin North Hills Drive,3824 North Hills Drive,Texas,Travis,Austin,"Austin-Round Rock, TX",2025-03-19,59528,1,0,0,1,0.044228
48,453,20,44201,1,30.483163,-97.875084,NAD83,Ozone,8-HR RUN AVG BEGIN HOUR,Ozone 8-hour 2015,Daily maximum of 8-hour running average,,2024,Parts per million,No Events,6083,96,Y,263,275,0,0,1.0,1.0,Requested but not yet concurred,0,0.041681,0.011259,0.081,2024-10-10 11:00,0.069,2024-06-07 10:00,0.068,2024-08-06 11:00,0.068,2024-08-08 11:00,,,,,0.068,0.067,0.062,0.057,0.049,0.042,0.034,Austin Audubon Society,12200 Lime Creek Rd,Texas,Travis,Leander,"Austin-Round Rock, TX",2025-03-19,59566,1,0,0,1,0.041681
48,469,3,44201,1,28.836214,-97.005525,NAD83,Ozone,8-HR RUN AVG BEGIN HOUR,Ozone 8-hour 2015,Daily maximum of 8-hour running average,,2024,Parts per million,No Events,6116,97,Y,354,366,0,0,2.0,2.0,Requested but not yet concurred,0,0.03828,0.011391,0.072,2024-09-28 10:00,0.072,2024-09-29 10:00,0.07,2024-10-10 10:00,0.069,2024-06-06 11:00,,,,,0.069,0.064,0.058,0.053,0.045,0.038,0.024,Victoria,106 Mockingbird Lane,Texas,Victoria,Victoria,"Victoria, TX",2025-03-19,59637,1,0,0,1,0.03828
48,479,16,44201,1,27.507904,-99.523949,WGS84,Ozone,8-HR RUN AVG BEGIN HOUR,Ozone 8-hour 2015,Daily maximum of 8-hour running average,,2024,Parts per million,No Events,6153,97,Y,356,366,0,0,4.0,4.0,Requested but not yet concurred,0,0.040927,0.011287,0.079,2024-05-18 10:00,0.073,2024-09-27 11:00,0.071,2024-09-28 11:00,0.071,2024-10-08 11:00,,,,,0.071,0.065,0.062,0.056,0.048,0.041,0.027,Laredo College,West End Washington Street,Texas,Webb,Laredo,"Laredo, TX",2025-03-20,59651,1,0,0,1,0.040927
6,7,8,42602,1,39.76168,-121.84047,NAD83,Nitrogen dioxide (NO2),1 HOUR,NO2 Annual 1971,Observed values,INSTRUMENTAL - CHEMILUMINESCENCE,2024,Parts per billion,No Events,8194,93,Y,351,366,0,590,,,Certified,0,4.35105,3.954513,31.9,2024-11-08 18:00,31.0,2024-11-07 17:00,29.1,2024-11-08 19:00,27.2,2024-12-06 18:00,,,,,19.1,16.2,13.0,9.9,5.5,2.9,1.1,Chico-East Avenue,"984 East Avenue, Chico",California,Butte,Chico,"Chico, CA",2025-02-10,4763,0,0,0,1,4.35105
6,19,7,42602,1,36.705474,-119.741332,NAD83,Nitrogen dioxide (NO2),1 HOUR,NO2 Annual 1971,Observed values,INSTRUMENTAL - GAS PHASE CHEMILUMINESCENCE,2024,Parts per billion,No Events,8288,94,Y,364,366,0,496,,,Certified,0,9.732734,7.01075,58.9,2024-10-02 20:00,51.7,2024-12-23 08:00,48.6,2024-11-09 19:00,47.6,2024-10-02 21:00,,,,,33.7,29.6,24.1,19.5,12.9,7.5,3.3,Fresno-Drummond,"4706 E. DRUMMOND ST., FRESNO",California,Fresno,,"Fresno, CA",2025-02-28,5346,0,0,0,1,9.732734
6,19,11,42602,3,36.78538,-119.77321,NAD83,Nitrogen dioxide (NO2),1 HOUR,NO2 Annual 1971,Observed values,"Instrumental - Chemiluminescence Thermo Electron 42C-TL, 42i-TL",2024,Parts per billion,No Events,8363,95,Y,363,366,0,421,,,Certified,0,7.132034,6.390789,42.1,2024-11-10 19:00,41.4,2024-11-10 20:00,40.9,2024-11-08 19:00,40.7,2024-11-09 19:00,,,,,29.4,26.1,20.7,16.2,9.5,4.8,1.7,Fresno - Garland,"3727 N FIRST ST, FRESNO",California,Fresno,Fresno,"Fresno, CA",2025-02-19,5393,0,0,0,1,7.132034
6,19,242,42602,1,36.841592,-119.874739,NAD83,Nitrogen dioxide (NO2),1 HOUR,NO2 Annual 1971,Observed values,INSTRUMENTAL - GAS PHASE CHEMILUMINESCENCE,2024,Parts per billion,No Events,8027,91,Y,350,366,0,733,,,Certified,0,5.626224,3.8088,34.2,2024-01-05 11:00,31.9,2024-01-30 20:00,30.4,2024-11-19 21:00,29.0,2024-01-08 16:00,,,,,18.6,16.6,13.1,10.4,7.3,4.7,2.0,Fresno-Sky Park,"SIERRA SKYPARK#2-BLYTHE & CHNNLT, FRESNO",California,Fresno,Fresno,"Fresno, CA",2025-02-26,5596,0,0,0,1,5.626224
6,19,2016,42602,1,36.710833,-119.7775,WGS84,Nitrogen dioxide (NO2),1 HOUR,NO2 Annual 1971,Observed values,Teledyne Model T500U - Cavity Attenuated Phase Shift Spectroscopy,2024,Parts per billion,No Events,8105,92,Y,352,366,0,679,,,Certified,0,16.242171,7.620955,74.8,2024-03-20 14:00,54.8,2024-10-02 18:00,54.6,2024-10-03 05:00,52.3,2024-10-03 06:00,,,,,39.4,35.9,30.9,26.3,20.5,15.3,7.5,Fresno-Foundry,2482 Foundry Park Ave,California,Fresno,Fresno,"Fresno, CA",2025-03-14,5653,0,0,0,1,16.242171
6,19,4001,42602,1,36.597442,-119.503659,NAD83,Nitrogen dioxide (NO2),1 HOUR,NO2 Annual 1971,Observed values,INSTRUMENTAL - GAS PHASE CHEMILUMINESCENCE,2024,Parts per billion,No Events,8189,93,Y,358,366,0,595,,,Certified,0,5.610074,3.455968,22.1,2024-07-03 02:00,21.5,2024-10-02 06:00,21.5,2024-10-08 01:00,21.4,2024-11-20 18:00,,,,,16.4,14.8,12.4,10.6,7.5,4.7,2.0,Parlier,"9240 S. RIVERBEND, PARLIER 93648",California,Fresno,Parlier,"Fresno, CA",2025-03-14,5671,0,0,0,1,5.610074
6,19,5001,42602,1,36.819449,-119.716433,NAD83,Nitrogen dioxide (NO2),1 HOUR,NO2 Annual 1971,Observed values,INSTRUMENTAL - GAS PHASE CHEMILUMINESCENCE,2024,Parts per billion,No Events,8197,93,Y,358,366,0,587,,,Certified,0,6.902672,5.449308,41.5,2024-11-08 18:00,39.6,2024-11-08 19:00,38.7,2024-11-09 19:00,37.9,2024-12-04 19:00,,,,,26.6,23.0,18.0,14.5,9.0,5.0,2.2,Clovis-Villa,"908 N VILLA AVE, CLOVIS",California,Fresno,Clovis,"Fresno, CA",2025-02-28,5747,0,0,0,1,6.902672
6,23,1004,42602,1,40.77678,-124.17949,NAD83,Nitrogen dioxide (NO2),1 HOUR,NO2 Annual 1971,Observed values,INSTRUMENTAL - CHEMILUMINESCENCE,2024,Parts per billion,No Events,8109,92,Y,341,366,0,675,,,Certified,0,1.498372,1.737822,21.9,2024-12-16 08:00,16.7,2024-12-01 17:00,16.6,2024-12-10 13:00,15.7,2024-12-11 08:00,,,,,8.6,7.0,4.9,3.5,1.8,0.9,0.2,Jacobs,717 SOUTH AVENUE,California,Humboldt,Eureka,"Eureka-Arcata-Fortuna, CA",2025-03-20,5924,0,0,0,1,1.498372
6,25,5,42602,1,32.67618,-115.48307,NAD83,Nitrogen dioxide (NO2),1 HOUR,NO2 Annual 1971,Observed values,INSTRUMENTAL - CHEMILUMINESCENCE,2024,Parts per billion,No Events,8296,94,Y,360,366,0,488,,,Certified,0,10.633836,10.260376,78.2,2024-10-24 08:00,78.1,2024-10-24 09:00,77.8,2024-11-26 10:00,73.0,2024-01-31 11:00,,,,,43.1,38.5,32.6,26.5,14.9,6.3,2.2,Calexico-Ethel Street,"1029 ETHEL ST, CALEXICO HIGH SCHOOL",California,Imperial,Calexico,"El Centro, CA",2025-02-19,5981,0,0,0,1,10.633836
6,25,1003,42602,1,32.79222,-115.56306,WGS84,Nitrogen dioxide (NO2),1 HOUR,NO2 Annual 1971,Observed values,INSTRUMENTAL - GAS PHASE CHEMILUMINESCENCE,2024,Parts per billion,No Events,7616,87,Y,352,366,0,1168,,,Certified,0,6.638445,6.465288,72.1,2024-11-26 11:00,59.0,2024-11-26 12:00,46.0,2024-01-17 10:00,41.1,2024-01-17 09:00,,,,,30.8,27.5,21.5,15.4,7.8,4.2,1.8,El Centro-9th Street,"150 9TH ST., EL CENTRO",California,Imperial,El Centro,"El Centro, CA",2025-04-07,6118,0,0,0,1,6.638445
6,29,7,42602,1,35.345607,-118.851825,NAD83,Nitrogen dioxide (NO2),1 HOUR,NO2 Annual 1971,Observed values,INSTRUMENTAL - CHEMILUMINESCENCE,2024,Parts per billion,No Events,7989,91,Y,340,366,0,795,,,Certified,0,4.422731,3.313168,24.2,2024-11-21 17:00,24.0,2024-06-28 04:00,23.5,2024-11-21 16:00,23.1,2024-09-06 02:00,,,,,15.8,13.6,11.1,9.0,5.9,3.4,1.3,Edison,"JOHNSON FARM, EDISON, CA. 93320",California,Kern,,"Bakersfield, CA",2025-02-18,6541,0,0,0,1,4.422731
6,29,14,42602,1,35.356615,-119.062613,NAD83,Nitrogen dioxide (NO2),1 HOUR,NO2 Annual 1971,Observed values,INSTRUMENTAL - CHEMILUMINESCENCE,2024,Parts per billion,No Events,6728,77,Y,289,366,0,2056,,,Certified,0,9.73805,8.241057,56.6,2024-10-25 20:00,51.6,2024-10-25 21:00,48.0,2024-11-10 20:00,46.5,2024-11-09 19:00,,,,,34.7,30.9,25.5,21.5,14.9,7.0,1.7,Bakersfield-California,"5558 California Ave., Bakersfield CA 93309",California,Kern,Bakersfield,"Bakersfield, CA",2025-02-18,6620,0,0,0,1,9.73805
6,29,2012,42602,1,35.331612,-118.999961,NAD83,Nitrogen dioxide (NO2),1 HOUR,NO2 Annual 1971,Observed values,INSTRUMENTAL - GAS PHASE CHEMILUMINESCENCE,2024,Parts per billion,No Events,7872,90,Y,347,366,0,912,,,Certified,0,10.761369,7.102903,47.0,2024-11-22 18:00,46.0,2024-09-09 19:00,45.3,2024-11-08 18:00,44.7,2024-11-09 18:00,,,,,33.6,30.2,24.5,20.4,14.7,9.1,3.6,Bakersfield-Muni,2000 South Union Ave. Bakersfield CA  93307,California,Kern,Bakersfield,"Bakersfield, CA",2025-02-28,6928,0,0,0,1,10.761369
6,29,2019,42602,1,35.376953,-119.043889,NAD83,Nitrogen dioxide (NO2),1 HOUR,NO2 Annual 1971,Observed values,Teledyne Model T500U - Cavity Attenuated Phase Shift Spectroscopy,2024,Parts per billion,No Events,8396,96,Y,365,366,0,388,,,Certified,0,15.250572,6.153907,45.6,2024-07-12 07:00,43.3,2024-07-02 20:00,43.0,2024-11-21 17:00,41.3,2024-09-04 19:00,,,,,31.6,28.9,26.2,23.4,19.3,14.7,7.7,Bakersfield-Westwind,2001 Westwind Drive,California,Kern,Bakersfield,"Bakersfield, CA",2025-02-11,7004,0,0,0,1,15.250572
6,29,6001,42602,1,35.503587,-119.272606,WGS84,Nitrogen dioxide (NO2),1 HOUR,NO2 Annual 1971,Observed values,INSTRUMENTAL - CHEMILUMINESCENCE,2024,Parts per billion,No Events,7713,88,Y,326,366,0,1071,,,Certified,0,6.096875,4.761896,35.0,2024-11-21 17:00,32.4,2024-11-21 18:00,31.9,2024-11-09 17:00,29.0,2024-11-08 18:00,,,,,19.8,18.0,15.4,13.3,9.1,4.4,1.5,Shafter,"548 WALKER ST., SHAFTER, CA., 93263",California,Kern,Shafter,"Bakersfield, CA",2025-03-19,7023,0,0,0,1,6.096875
6,31,1004,42602,1,36.31567,-119.643447,NAD83,Nitrogen dioxide (NO2),1 HOUR,NO2 Annual 1971,Observed values,INSTRUMENTAL - GAS PHASE CHEMILUMINESCENCE,2024,Parts per billion,No Events,8279,94,Y,361,366,0,505,,,Certified,0,7.163583,5.982432,41.0,2024-10-03 04:00,40.7,2024-10-03 00:00,40.6,2024-10-03 01:00,39.6,2024-11-09 19:00,,,,,28.2,25.1,20.2,15.4,9.3,5.0,2.1,Hanford-Irwin,"807 SOUTH IRWIN ST., HANFORD",California,Kings,Hanford,"Hanford-Corcoran, CA",2025-02-13,7152,0,0,0,1,7.163583
6,37,16,42602,1,34.14435,-117.85036,WGS84,Nitrogen dioxide (NO2),1 HOUR,NO2 Annual 1971,Observed values,INSTRUMENTAL - GAS PHASE CHEMILUMINESCENCE,2024,Parts per billion,No Events,8084,92,Y,336,366,0,700,,,Certified,0,9.103884,6.110981,47.9,2024-12-05 14:00,47.0,2024-12-05 15:00,46.8,2024-12-05 16:00,46.5,2024-11-22 16:00,,,,,30.3,26.1,20.4,16.8,11.9,8.0,2.7,Glendora,"840 LAUREL, GLENDORA",California,Los Angeles,Glendora,"Los Angeles-Long Beach-Anaheim, CA",2025-03-27,7220,0,0,0,1,9.103884
6,37,113,42602,1,34.05111,-118.45636,WGS84,Nitrogen dioxide (NO2),1 HOUR,NO2 Annual 1971,Observed values,INSTRUMENTAL - GAS PHASE CHEMILUMINESCENCE,2024,Parts per billion,No Events,8722,99,Y,364,366,0,62,,,Certified,0,9.498555,8.241862,54.0,2024-12-19 10:00,50.0,2024-12-19 11:00,46.8,2024-12-19 09:00,46.2,2024-10-24 06:00,,,,,34.9,31.8,27.1,22.2,13.5,6.4,2.1,West Los Angeles,"VA HOSPITAL, WEST LOS ANGELES",California,Los Angeles,West Los Angeles,"Los Angeles-Long Beach-Anaheim, CA",2025-03-19,7238,0,0,0,1,9.498555
6,37,1103,42602,3,34.06659,-118.22688,WGS84,Nitrogen dioxide (NO2),1 HOUR,NO2 Annual 1971,Observed values,Teledyne Model T500U - Cavity Attenuated Phase Shift Spectroscopy,2024,Parts per billion,No Events,8655,99,Y,363,366,0,129,,,Certified,0,15.513726,10.313063,78.7,2024-09-05 09:00,72.1,2024-09-05 08:00,66.3,2024-10-25 09:00,64.8,2024-10-25 10:00,,,,,43.3,39.5,35.1,30.8,22.4,12.8,4.6,Los Angeles-North Main Street,"1630 N MAIN ST, LOS ANGELES",California,Los Angeles,Los Angeles,"Los Angeles-Long Beach-Anaheim, CA",2025-03-26,7308,0,0,0,2,16.0033275
6,37,1103,42602,1,34.06659,-118.22688,WGS84,Nitrogen dioxide (NO2),1 HOUR,NO2 Annual 1971,Observed values,INSTRUMENTAL - GAS PHASE CHEMILUMINESCENCE,2024,Parts per billion,No Events,8500,97,Y,357,366,0,284,,,Certified,0,16.492929,10.402891,80.0,2024-09-05 09:00,72.0,2024-09-05 08:00,70.4,2024-09-05 10:00,66.8,2024-10-25 09:00,,,,,44.1,40.0,35.8,32.1,23.7,13.7,5.5,Los Angeles-North Main Street,"1630 N MAIN ST, LOS ANGELES",California,Los Angeles,Los Angeles,"Los Angeles-Long Beach-Anaheim, CA",2025-03-26,7306,0,0,1,2,16.0033275
6,37,1201,42602,2,34.19925,-118.53276,WGS84,Nitrogen dioxide (NO2),1 HOUR,NO2 Annual 1971,Observed values,Instrumental - Chemiluminescence,2024,Parts per billion,No Events,8113,92,Y,340,366,0,671,,,Certified,0,9.278232,8.494673,55.4,2024-12-20 18:00,51.4,2024-12-20 19:00,48.9,2024-12-03 18:00,48.0,2024-12-02 19:00,,,,,35.1,31.5,26.7,22.1,14.1,6.1,1.3,Reseda,"18330 GAULT ST., RESEDA",California,Los Angeles,Reseda,"Los Angeles-Long Beach-Anaheim, CA",2025-09-30,7764,0,0,0,1,9.278232
6,37,1302,42602,1,33.901389,-118.205,WGS84,Nitrogen dioxide (NO2),1 HOUR,NO2 Annual 1971,Observed values,INSTRUMENTAL - GAS PHASE CHEMILUMINESCENCE,2024,Parts per billion,No Events,8355,95,Y,348,366,0,429,,,Certified,0,12.644452,9.954114,60.7,2024-12-18 17:00,59.6,2024-10-23 09:00,56.7,2024-10-23 08:00,55.0,2024-10-23 10:00,,,,,40.8,36.8,32.0,27.8,19.4,8.7,3.2,Compton,700 North Bullis Road,California,Los Angeles,Compton,"Los Angeles-Long Beach-Anaheim, CA",2025-03-21,7801,0,0,0,1,12.644452
6,37,1602,42602,1,34.01029,-118.0685,NAD83,Nitrogen dioxide (NO2),1 HOUR,NO2 Annual 1971,Observed values,INSTRUMENTAL - GAS PHASE CHEMILUMINESCENCE,2024,Parts per billion,No Events,8615,98,Y,363,366,0,169,,,Certified,0,15.876761,9.547268,62.1,2024-09-09 09:00,62.1,2024-12-06 17:00,59.8,2024-12-06 12:00,57.0,2024-09-09 08:00,,,,,42.2,38.8,33.6,29.5,22.3,13.7,5.3,Pico Rivera #2,"4144 SAN GABRIEL RIVER PKWY, PICO RIVERA",California,Los Angeles,Pico Rivera,"Los Angeles-Long Beach-Anaheim, CA",2025-03-18,7848,0,0,0,1,15.876761
6,37,1701,42602,2,34.06703,-117.7514,WGS84,Nitrogen dioxide (NO2),1 HOUR,NO2 Annual 1971,Observed values,INSTRUMENTAL - GAS PHASE CHEMILUMINESCENCE,2024,Parts per billion,No Events,8550,97,Y,359,366,0,234,,,Certified,0,17.082737,10.603417,68.9,2024-12-20 18:00,67.4,2024-12-20 17:00,66.1,2024-09-06 08:00,62.9,2024-12-20 19:00,,,,,46.8,42.8,37.3,32.7,24.1,14.0,6.0,Pomona,"924 N. GAREY AVE., POMONA",California,Los Angeles,Pomona,"Los Angeles-Long Beach-Anaheim, CA",2025-03-18,7882,0,0,0,1,17.082737
6,37,2005,42602,1,34.1326,-118.1272,WGS84,Nitrogen dioxide (NO2),1 HOUR,NO2 Annual 1971,Observed values,INSTRUMENTAL - GAS PHASE CHEMILUMINESCENCE,2024,Parts per billion,No Events,8715,99,Y,366,366,0,69,,,Certified,0,12.543706,8.706569,61.5,2024-12-20 15:00,60.9,2024-12-06 18:00,55.4,2024-12-06 19:00,53.5,2024-12-20 16:00,,,,,40.5,36.5,31.2,25.2,16.2,9.9,4.4,Pasadena,"752 S. WILSON AVE., PASADENA",California,Los Angeles,Pasadena,"Los Angeles-Long Beach-Anaheim, CA",2025-03-18,7896,0,0,0,1,12.543706
6,37,4008,42602,1,33.859662,-118.200707,NAD83,Nitrogen dioxide (NO2),1 HOUR,NO2 Annual 1971,Observed values,INSTRUMENTAL - GAS PHASE CHEMILUMINESCENCE,2024,Parts per billion,No Events,8710,99,Y,363,366,0,74,,,Certified,0,20.535499,12.549551,75.6,2024-10-23 10:00,75.0,2024-12-10 19:00,69.4,2024-09-09 09:00,69.0,2024-10-22 09:00,,,,,52.2,48.4,42.8,38.1,29.1,19.4,4.8,Long Beach-Route 710 Near Road,5895 Long Beach Blvd.,California,Los Angeles,Long Beach,"Los Angeles-Long Beach-Anaheim, CA",2025-03-19,7929,0,0,0,1,20.535499
6,37,4009,42602,1,33.793713,-118.171019,NAD83,Nitrogen dioxide (NO2),1 HOUR,NO2 Annual 1971,Observed values,INSTRUMENTAL - GAS PHASE CHEMILUMINESCENCE,2024,Parts per billion,No Events,8537,97,Y,355,366,0,247,,,Certified,0,10.986857,8.916894,55.4,2024-12-10 20:00,53.4,2024-10-22 09:00,53.2,2024-12-18 11:00,52.5,2024-12-18 17:00,,,,,38.3,34.9,29.7,24.5,15.3,7.9,2.5,Signal Hill (LBSH),1710 E. 20th Street,California,Los Angeles,Signal Hill,"Los Angeles-Long Beach-Anaheim, CA",2025-03-27,7971,0,0,0,1,10.986857
6,37,4010,42602,1,34.181977,-118.363036,NAD83,Nitrogen dioxide (NO2),1 HOUR,NO2 Annual 1971,Observed values,INSTRUMENTAL - GAS PHASE CHEMILUMINESCENCE,2024,Parts per billion,No Events,8616,98,Y,360,366,0,168,,,Certified,0,13.123433,9.329367,55.5,2024-12-17 18:00,55.4,2024-12-19 20:00,54.1,2024-12-19 21:00,52.9,2024-12-06 17:00,,,,,40.1,36.7,31.6,27.4,18.7,10.0,4.0,North Hollywood (NOHO),10659 W. Delano Street,California,Los Angeles,Los Angeles,"Los Angeles-Long Beach-Anaheim, CA",2025-03-18,8014,0,0,0,1,13.123433
6,37,6012,42602,1,34.38344,-118.5284,WGS84,Nitrogen dioxide (NO2),1 HOUR,NO2 Annual 1971,Observed values,INSTRUMENTAL - GAS PHASE CHEMILUMINESCENCE,2024,Parts per billion,No Events,8695,99,Y,365,366,0,89,,,Certified,0,9.61663,5.927244,47.0,2024-12-23 17:00,43.4,2024-12-03 17:00,42.9,2024-12-23 18:00,40.8,2024-12-03 18:00,,,,,28.0,25.5,21.1,17.5,12.5,8.6,2.8,Santa Clarita,"22224 PLACERITA CANYON RD, SANTA CLARITA",California,Los Angeles,Santa Clarita,"Los Angeles-Long Beach-Anaheim, CA",2025-03-18,8032,0,0,0,1,9.61663
6,37,9035,42602,1,34.725389,-118.178601,WGS84,Nitrogen dioxide (NO2),1 HOUR,NO2 Annual 1971,Observed values,INSTRUMENTAL - GAS PHASE CHEMILUMINESCENCE,2024,Parts per billion,No Events,8399,96,Y,365,366,0,385,,,Certified,0,3.335433,3.639944,42.5,2024-09-29 22:00,41.7,2024-09-29 23:00,33.4,2024-10-03 06:00,31.2,2024-09-30 00:00,,,,,18.3,15.4,11.0,7.8,3.7,2.0,0.9,Lancaster - Fairgrounds,"2551 W. Avenue H Lancaster, CA",California,Los Angeles,Lancaster,"Los Angeles-Long Beach-Anaheim, CA",2025-02-27,8051,0,0,0,1,3.335433
6,39,4,42602,1,36.867125,-120.010158,NAD83,Nitrogen dioxide (NO2),1 HOUR,NO2 Annual 1971,Observed values,INSTRUMENTAL - GAS PHASE CHEMILUMINESCENCE,2024,Parts per billion,No Events,8150,93,Y,356,366,0,634,,,Certified,0,4.87254,3.311517,28.5,2024-11-07 19:00,22.6,2024-11-07 20:00,21.7,2024-10-04 00:00,21.6,2024-10-02 05:00,,,,,16.0,14.1,11.6,9.5,6.4,3.8,1.8,Madera-Pump Yard,RD. 29 1/2 NO. OF AVE 8 MADERA COUNTY,California,Madera,Madera,"Madera, CA",2025-03-18,8076,0,0,0,1,4.87254
6,59,7,42602,5,33.83062,-117.93845,WGS84,Nitrogen dioxide (NO2),1 HOUR,NO2 Annual 1971,Observed values,INSTRUMENTAL - CHEMILUMINESCENCE,2024,Parts per billion,No Events,8713,99,Y,365,366,0,71,,,Certified,0,10.548101,9.082662,53.1,2024-12-11 18:00,50.5,2024-12-11 17:00,50.0,2024-11-20 20:00,49.4,2024-12-06 13:00,,,,,37.7,34.7,30.0,25.1,14.3,6.9,2.6,Anaheim,1630 W. PAMPAS LANE,California,Orange,Anaheim,"Los Angeles-Long Beach-Anaheim, CA",2025-09-26,8627,0,0,0,1,10.548101
6,59,8,42602,1,33.819305,-117.918759,WGS84,Nitrogen dioxide (NO2),1 HOUR,NO2 Annual 1971,Observed values,INSTRUMENTAL - GAS PHASE CHEMILUMINESCENCE,2024,Parts per billion,No Events,8653,99,Y,362,366,0,131,,,Certified,0,19.827193,8.130561,55.8,2024-12-06 13:00,55.5,2024-10-22 13:00,55.0,2024-01-29 20:00,54.7,2024-11-20 19:00,,,,,44.0,39.7,34.8,31.0,24.4,18.7,10.3,Anaheim Near-Road,"812 W. Vermont St., Anaheim, CA 92802",California,Orange,Anaheim,"Los Angeles-Long Beach-Anaheim, CA",2025-03-20,8732,0,0,0,1,19.827193
6,59,5001,42602,2,33.92513,-117.95264,WGS84,Nitrogen dioxide (NO2),1 HOUR,NO2 Annual 1971,Observed values,INSTRUMENTAL - GAS PHASE CHEMILUMINESCENCE,2024,Parts per billion,No Events,8600,98,Y,359,366,0,160,,,Certified,0,11.677721,8.279229,55.6,2024-12-07 17:00,50.0,2024-12-07 16:00,49.0,2024-12-07 18:00,48.7,2024-12-18 17:00,,,,,36.5,33.6,28.7,24.0,16.4,8.7,3.8,La Habra,"621 W. LAMBERT, LA HABRA",California,Orange,La Habra,"Los Angeles-Long Beach-Anaheim, CA",2025-03-27,8744,0,0,0,1,11.677721
6,61,6,42602,1,38.74643,-121.26498,NAD83,Nitrogen dioxide (NO2),1 HOUR,NO2 Annual 1971,Observed values,INSTRUMENTAL - CHEMILUMINESCENCE,2024,Parts per billion,No Events,8349,95,Y,361,366,0,435,,,Certified,0,5.45736,4.709862,35.9,2024-10-02 08:00,34.8,2024-09-27 19:00,34.3,2024-11-08 18:00,33.8,2024-10-01 19:00,,,,,23.6,20.6,15.9,11.9,6.3,3.7,2.0,Roseville-N Sunrise Ave," 151 NO SUNRISE BLVD, ROSEVILLE, CA",California,Placer,Roseville,"Sacramento--Roseville--Arden-Arcade, CA",2025-01-23,8797,0,0,0,1,5.45736
6,65,12,42602,1,33.92086,-116.85841,WGS84,Nitrogen dioxide (NO2),1 HOUR,NO2 Annual 1971,Observed values,Multiple Methods Used,2024,Parts per billion,No Events,8560,97,Y,358,366,0,224,,,Certified,0,8.480794,8.941683,53.5,2024-12-04 20:00,51.7,2024-12-04 21:00,51.6,2024-09-25 03:00,51.1,2024-11-21 23:00,,,,,39.6,35.2,28.4,21.7,11.7,4.7,1.4,Banning Airport,"200 S. HATHAWAY ST., BANNING CA",California,Riverside,Banning,"Riverside-San Bernardino-Ontario, CA",2025-03-21,8971,0,0,0,1,8.480794
6,65,5001,42602,2,33.85275,-116.54101,WGS84,Nitrogen dioxide (NO2),1 HOUR,NO2 Annual 1971,Observed values,INSTRUMENTAL - GAS PHASE CHEMILUMINESCENCE,2024,Parts per billion,No Events,8707,99,Y,364,366,0,77,,,Certified,0,6.420903,5.348459,36.5,2024-12-11 17:00,36.1,2024-11-20 21:00,34.4,2024-12-07 21:00,34.3,2024-01-10 21:00,,,,,23.8,21.3,17.7,14.2,9.0,4.3,1.7,Palm Springs,"FS-590 RACQUET CLUB AVE, PALM SPRINGS",California,Riverside,Palm Springs,"Riverside-San Bernardino-Ontario, CA",2025-03-18,9103,0,0,0,1,6.420903
6,65,8001,42602,2,33.99958,-117.41601,WGS84,Nitrogen dioxide (NO2),1 HOUR,NO2 Annual 1971,Observed values,INSTRUMENTAL - GAS PHASE CHEMILUMINESCENCE,2024,Parts per billion,No Events,8573,98,Y,359,366,0,211,,,Certified,0,12.741806,10.441259,62.1,2024-09-09 08:00,58.0,2024-09-06 08:00,54.8,2024-09-09 09:00,53.4,2024-10-07 08:00,,,,,43.1,40.2,34.9,28.9,18.5,8.6,3.2,Rubidoux,"5888 MISSION BLVD., RUBIDOUX",California,Riverside,Rubidoux,"Riverside-San Bernardino-Ontario, CA",2025-03-20,9210,0,0,0,2,12.1239275
6,65,8001,42602,3,33.99958,-117.41601,WGS84,Nitrogen dioxide (NO2),1 HOUR,NO2 Annual 1971,Observed values,Teledyne Model T500U - Cavity Attenuated Phase Shift Spectroscopy,2024,Parts per billion,No Events,8580,98,Y,357,366,0,204,,,Certified,0,11.506049,10.181403,59.1,2024-09-09 08:00,55.8,2024-09-06 08:00,52.4,2024-11-21 20:00,50.9,2024-10-07 08:00,,,,,40.3,37.5,33.1,27.9,17.1,7.3,2.2,Rubidoux,"5888 MISSION BLVD., RUBIDOUX",California,Riverside,Rubidoux,"Riverside-San Bernardino-Ontario, CA",2025-03-20,9212,0,0,1,2,12.1239275
6,65,8005,42602,1,33.99636,-117.4924,NAD83,Nitrogen dioxide (NO2),1 HOUR,NO2 Annual 1971,Observed values,INSTRUMENTAL - GAS PHASE CHEMILUMINESCENCE,2024,Parts per billion,No Events,8598,98,Y,357,366,0,186,,,Certified,0,11.544906,8.761288,53.2,2024-11-21 18:00,50.4,2024-11-21 19:00,50.4,2024-11-22 08:00,49.2,2024-09-09 07:00,,,,,37.9,34.5,29.9,25.1,16.0,8.5,3.2,Mira Loma (Van Buren),5130 POINSETTIA PLACE,California,Riverside,Mira Loma,"Riverside-San Bernardino-Ontario, CA",2025-03-27,9672,0,0,0,1,11.544906
6,65,9001,42602,1,33.67649,-117.33098,WGS84,Nitrogen dioxide (NO2),1 HOUR,NO2 Annual 1971,Observed values,INSTRUMENTAL - GAS PHASE CHEMILUMINESCENCE,2024,Parts per billion,No Events,8653,99,Y,360,366,0,131,,,Certified,0,7.391575,6.781486,44.8,2024-11-22 20:00,44.7,2024-11-22 19:00,40.7,2024-12-02 19:00,40.6,2024-12-20 19:00,,,,,29.7,26.9,21.9,17.3,10.4,4.8,1.5,Lake Elsinore,"506 W FLINT ST, LAKE ELSINORE",California,Riverside,Lake Elsinore,"Riverside-San Bernardino-Ontario, CA",2025-03-25,9780,0,0,0,1,7.391575
6,67,6,42602,1,38.613779,-121.368014,WGS84,Nitrogen dioxide (NO2),1 HOUR,NO2 Annual 1971,Observed values,Teledyne-API Model 200EUP or T200UP - Photolytic-Chemiluminescence,2024,Parts per billion,No Events,8389,96,Y,365,366,0,395,,,Certified,0,4.323757,4.825825,28.0,2024-12-11 18:00,27.0,2024-01-11 19:00,27.0,2024-10-01 21:00,27.0,2024-11-08 19:00,,,,,21.0,19.0,15.0,12.0,5.0,2.0,1.0,Sacramento-Del Paso Manor,"DEL PASO-2701 AVALON DR, SACRAMENTO",California,Sacramento,Arden-Arcade,"Sacramento--Roseville--Arden-Arcade, CA",2025-03-25,9810,0,0,0,1,4.323757
6,67,10,42602,1,38.56844,-121.49311,NAD83,Nitrogen dioxide (NO2),1 HOUR,NO2 Annual 1971,Observed values,INSTRUMENTAL - CHEMILUMINESCENCE,2024,Parts per billion,No Events,8122,92,Y,351,366,0,662,,,Certified,0,6.456821,6.39481,47.0,2024-10-02 20:00,46.2,2024-10-02 19:00,43.6,2024-10-02 21:00,43.2,2024-10-01 21:00,,,,,30.8,27.0,20.2,15.1,7.9,3.9,1.8,Sacramento-1309 T Street,"1309 T ST., SACRAMENTO, CA. 95814",California,Sacramento,Sacramento,"Sacramento--Roseville--Arden-Arcade, CA",2025-01-24,9934,0,0,0,1,6.456821
6,67,12,42602,1,38.683304,-121.164457,WGS84,Nitrogen dioxide (NO2),1 HOUR,NO2 Annual 1971,Observed values,Teledyne-API Model 200EUP or T200UP - Photolytic-Chemiluminescence,2024,Parts per billion,No Events,7840,89,Y,331,366,0,944,,,Certified,0,1.892219,2.023397,17.0,2024-01-11 18:00,17.0,2024-01-12 07:00,16.0,2024-11-29 19:00,15.0,2024-07-04 01:00,,,,,9.0,8.0,6.0,4.0,2.0,1.0,0.0,Folsom-Natoma St.,"50 NATOMA STREET, FOLSOM",California,Sacramento,Folsom,"Sacramento--Roseville--Arden-Arcade, CA",2025-11-13,10037,0,0,0,1,1.892219
6,67,15,42602,1,38.593322,-121.503795,WGS84,Nitrogen dioxide (NO2),1 HOUR,NO2 Annual 1971,Observed values,Teledyne-API Model 200EUP or T200UP - Photolytic-Chemiluminescence,2024,Parts per billion,No Events,8279,94,Y,354,366,0,505,,,Certified,0,8.494383,5.703446,42.0,2024-10-01 17:00,40.0,2024-11-08 19:00,39.0,2024-11-09 21:00,38.0,2024-11-08 20:00,,,,,28.0,25.0,20.0,16.0,11.0,7.0,3.0,Sacramento-Bercut Drive,"100 Bercut Drive, Sacramento",California,Sacramento,Sacramento,"Sacramento--Roseville--Arden-Arcade, CA",2025-11-13,10071,0,0,0,1,8.494383
6,71,1,42602,1,34.89405,-117.02471,WGS84,Nitrogen dioxide (NO2),1 HOUR,NO2 Annual 1971,Observed values,INSTRUMENTAL - GAS PHASE CHEMILUMINESCENCE,2024,Parts per billion,No Events,7945,90,Y,357,366,0,839,,,Certified,0,14.098339,13.047526,62.4,2024-08-30 01:00,61.8,2024-06-06 04:00,58.1,2024-07-08 04:00,57.0,2024-04-11 05:00,,,,,47.3,44.2,39.6,34.8,23.8,7.8,2.2,Barstow,"301 E. Mountain View, BARSTOW",California,San Bernardino,Barstow,"Riverside-San Bernardino-Ontario, CA",2025-03-11,10197,0,0,0,1,14.098339
6,71,26,42602,1,34.06812,-117.52579,NAD83,Nitrogen dioxide (NO2),1 HOUR,NO2 Annual 1971,Observed values,INSTRUMENTAL - GAS PHASE CHEMILUMINESCENCE,2024,Parts per billion,No Events,8682,99,Y,362,366,0,102,,,Certified,0,26.106899,11.896898,84.6,2024-10-02 09:00,78.2,2024-12-05 17:00,73.6,2024-12-05 18:00,73.6,2024-12-20 19:00,,,,,59.6,55.0,47.8,41.6,33.1,25.1,11.5,Ontario Near Road (Etiwanda),NW Corner Interstate 10 & Etiwanda Ave,California,San Bernardino,Ontario,"Riverside-San Bernardino-Ontario, CA",2025-03-25,10236,0,0,0,1,26.106899
6,71,27,42602,1,34.030833,-117.61722,WGS84,Nitrogen dioxide (NO2),1 HOUR,NO2 Annual 1971,Observed values,INSTRUMENTAL - GAS PHASE CHEMILUMINESCENCE,2024,Parts per billion,No Events,8644,98,Y,360,366,0,140,,,Certified,0,26.448276,10.541705,75.7,2024-10-02 10:00,74.0,2024-12-20 09:00,72.3,2024-10-26 09:00,70.7,2024-10-08 09:00,,,,,55.1,50.8,45.4,40.1,32.6,25.9,13.1,Ontario-Route 60 Near Road,2330 S. Castle Harbour,California,San Bernardino,Ontario,"Riverside-San Bernardino-Ontario, CA",2025-03-20,10247,0,0,0,1,26.448276
6,71,306,42602,1,34.510961,-117.32554,NAD83,Nitrogen dioxide (NO2),1 HOUR,NO2 Annual 1971,Observed values,INSTRUMENTAL - GAS PHASE CHEMILUMINESCENCE,2024,Parts per billion,No Events,7915,90,Y,353,366,0,869,,,Certified,0,10.586001,10.345287,57.0,2024-07-10 03:00,55.8,2024-10-25 03:00,55.4,2024-08-20 04:00,55.4,2024-10-24 20:00,,,,,39.5,37.3,32.5,27.7,15.7,6.0,1.6,Victorville-Park Avenue,"14306 PARK AVE., VICTORVILLE, CA",California,San Bernardino,Victorville,"Riverside-San Bernardino-Ontario, CA",2025-03-11,10283,0,0,0,1,10.586001
6,71,1234,42602,1,35.77446,-117.3721,WGS84,Nitrogen dioxide (NO2),1 HOUR,NO2 Annual 1971,Observed values,INSTRUMENTAL - GAS PHASE CHEMILUMINESCENCE,2024,Parts per billion,No Events,7826,89,Y,337,366,0,958,,,Certified,0,2.887043,4.087012,44.8,2024-07-27 16:00,42.9,2024-07-30 19:00,36.9,2024-07-21 19:00,36.5,2024-05-28 18:00,,,,,21.2,17.2,10.8,6.9,3.0,1.4,0.5,Trona - Athol/Telescope #2,"Corner of Athol and Telescope, Trona",California,San Bernardino,Searles Valley,"Riverside-San Bernardino-Ontario, CA",2025-03-11,10316,0,0,0,1,2.887043
6,71,2002,42602,1,34.10002,-117.49201,WGS84,Nitrogen dioxide (NO2),1 HOUR,NO2 Annual 1971,Observed values,INSTRUMENTAL - GAS PHASE CHEMILUMINESCENCE,2024,Parts per billion,No Events,8621,98,Y,359,366,0,163,,,Certified,0,19.415822,11.875791,80.0,2024-10-03 08:00,76.8,2024-10-03 07:00,73.9,2024-10-07 20:00,72.6,2024-10-03 09:00,,,,,51.9,47.8,41.3,36.1,27.5,17.2,5.9,Fontana,"14360 ARROW BLVD., FONTANA",California,San Bernardino,Fontana,"Riverside-San Bernardino-Ontario, CA",2025-03-26,10339,0,0,0,1,19.415822
6,71,9004,42602,1,34.106678,-117.274063,NAD83,Nitrogen dioxide (NO2),1 HOUR,NO2 Annual 1971,Observed values,INSTRUMENTAL - GAS PHASE CHEMILUMINESCENCE,2024,Parts per billion,No Events,8582,98,Y,359,366,0,202,,,Certified,0,15.666942,9.495833,59.1,2024-12-21 18:00,58.6,2024-11-22 17:00,58.4,2024-10-26 21:00,58.4,2024-12-04 18:00,,,,,43.1,38.6,33.0,29.0,21.6,13.9,4.8,San Bernardino,"24302 4TH ST., SAN BERNARDINO, CA.",California,San Bernardino,San Bernardino,"Riverside-San Bernardino-Ontario, CA",2025-03-25,10554,0,0,0,1,15.666942
6,73,1,42602,2,32.631242,-117.059088,NAD83,Nitrogen dioxide (NO2),1 HOUR,NO2 Annual 1971,Observed values,Teledyne Model T500U - Cavity Attenuated Phase Shift Spectroscopy,2024,Parts per billion,No Events,7950,91,Y,358,366,0,834,,,Certified,0,7.617069,7.068902,43.2,2024-12-11 18:00,43.1,2024-12-11 19:00,42.9,2024-11-21 19:00,42.7,2024-11-20 19:00,,,,,32.2,28.7,22.9,18.0,10.2,4.8,1.8,Chula Vista,"84 E. 'J' ST., CHULA VISTA",California,San Diego,Chula Vista,"San Diego-Carlsbad, CA",2025-04-29,10652,0,0,0,1,7.617069
6,73,1006,42602,2,32.842318,-116.768293,NAD83,Nitrogen dioxide (NO2),1 HOUR,NO2 Annual 1971,Observed values,Teledyne Model T500U - Cavity Attenuated Phase Shift Spectroscopy,2024,Parts per billion,No Events,7936,90,Y,355,366,0,848,,,Certified,0,3.662034,2.647742,26.3,2024-12-19 17:00,24.5,2024-09-24 21:00,23.5,2024-09-24 20:00,21.9,2024-10-03 18:00,,,,,13.3,11.5,8.9,7.0,4.6,3.0,1.2,Alpine,"2300 VICTORIA DR., ALPINE",California,San Diego,Alpine,"San Diego-Carlsbad, CA",2025-04-29,10732,0,0,0,1,3.662034
6,73,1008,42602,2,33.217046,-117.396249,WGS84,Nitrogen dioxide (NO2),1 HOUR,NO2 Annual 1971,Observed values,Teledyne Model T500U - Cavity Attenuated Phase Shift Spectroscopy,2024,Parts per billion,No Events,7833,89,Y,352,366,0,951,,,Certified,0,4.949291,4.883266,45.4,2024-01-26 19:00,44.6,2024-01-26 18:00,41.7,2024-01-26 20:00,41.2,2024-01-29 20:00,,,,,22.8,18.9,14.3,11.2,6.8,3.3,1.0,Camp Pendleton,21441-W B STREET,California,San Diego,Camp Pendleton South,"San Diego-Carlsbad, CA",2025-04-25,10750,0,0,0,1,4.949291
6,73,1014,42602,2,32.578165,-116.921374,WGS84,Nitrogen dioxide (NO2),1 HOUR,NO2 Annual 1971,Observed values,Teledyne Model T500U - Cavity Attenuated Phase Shift Spectroscopy,2024,Parts per billion,No Events,7985,91,Y,358,366,0,799,,,Certified,0,7.558121,8.732788,85.6,2024-10-02 08:00,84.2,2024-10-02 07:00,72.0,2024-10-03 08:00,66.5,2024-10-02 06:00,,,,,42.1,34.9,26.3,18.6,9.4,4.1,1.5,Donovan,"480 ALTA RD, OTAY MESA, CA",California,San Diego,Otay Mesa,"San Diego-Carlsbad, CA",2025-04-25,10779,0,0,0,1,7.558121
6,73,1016,42602,2,32.845709,-117.123964,NAD83,Nitrogen dioxide (NO2),1 HOUR,NO2 Annual 1971,Observed values,Teledyne Model T500U - Cavity Attenuated Phase Shift Spectroscopy,2024,Parts per billion,No Events,7972,91,Y,362,366,0,812,,,Certified,0,5.800263,5.225887,42.1,2024-10-22 05:00,40.4,2024-11-21 06:00,38.5,2024-12-11 21:00,38.3,2024-12-11 18:00,,,,,25.9,21.5,16.6,12.8,7.5,4.0,1.5,San Diego - Kearny Villa Rd.,"6125A KEARNY VILLA RD., SAN DIEGO",California,San Diego,San Diego,"San Diego-Carlsbad, CA",2025-04-29,10907,0,0,0,1,5.800263
6,73,1017,42602,2,32.985428,-117.082198,WGS84,Nitrogen dioxide (NO2),1 HOUR,NO2 Annual 1971,Observed values,Teledyne Model T500U - Cavity Attenuated Phase Shift Spectroscopy,2024,Parts per billion,No Events,7841,89,Y,348,366,0,943,,,Certified,0,13.061395,6.67231,50.8,2024-11-20 19:00,47.2,2024-11-22 06:00,46.5,2024-12-18 19:00,46.0,2024-12-18 18:00,,,,,35.2,31.5,26.3,21.8,16.1,11.8,6.0,San Diego -Rancho Carmel Drive,11403 Rancho Carmel Drive,California,San Diego,San Diego,"San Diego-Carlsbad, CA",2025-04-30,10938,0,0,0,1,13.061395
6,73,1022,42602,2,32.789565,-116.944308,NAD83,Nitrogen dioxide (NO2),1 HOUR,NO2 Annual 1971,Observed values,Teledyne Model T500U - Cavity Attenuated Phase Shift Spectroscopy,2024,Parts per billion,No Events,7543,86,Y,344,366,0,1241,,,Certified,0,6.838937,5.825963,35.9,2024-11-21 19:00,35.9,2024-12-11 17:00,35.0,2024-12-11 16:00,34.5,2024-12-11 18:00,,,,,26.4,24.0,19.5,16.0,8.7,4.7,1.9,El Cajon - Lexington Elementary School,533 First Street,California,San Diego,El Cajon,"San Diego-Carlsbad, CA",2025-04-29,10983,0,0,0,1,6.838937
6,73,1025,42602,2,32.552824,-117.047345,WGS84,Nitrogen dioxide (NO2),1 HOUR,NO2 Annual 1971,Observed values,Teledyne Model T500U - Cavity Attenuated Phase Shift Spectroscopy,2024,Parts per billion,No Events,7976,91,Y,359,366,0,808,,,Certified,0,10.820148,9.006373,65.3,2024-10-22 08:00,63.0,2024-10-26 08:00,62.1,2024-12-19 09:00,55.0,2024-12-17 09:00,,,,,38.5,35.0,30.0,24.8,14.7,7.0,3.2,San Ysidro,198 W. San Ysidro Blvd,California,San Diego,San Diego,"San Diego-Carlsbad, CA",2025-04-30,11189,0,0,0,1,10.820148
6,73,1026,42602,2,32.710177,-117.142665,NAD83,Nitrogen dioxide (NO2),1 HOUR,NO2 Annual 1971,Observed values,Teledyne Model T500U - Cavity Attenuated Phase Shift Spectroscopy,2024,Parts per billion,No Events,8004,91,Y,362,366,0,780,,,Certified,0,9.993928,7.720447,48.8,2024-12-06 17:00,47.3,2024-11-20 17:00,46.5,2024-10-22 08:00,46.2,2024-11-20 18:00,,,,,35.5,31.9,26.7,21.0,13.3,7.5,2.7,San Diego - Sherman Elementary School,450B 24th Street,California,San Diego,San Diego,"San Diego-Carlsbad, CA",2025-04-30,11260,0,0,0,1,9.993928
6,77,3005,42602,1,37.682635,-121.442495,NAD83,Nitrogen dioxide (NO2),1 HOUR,NO2 Annual 1971,Observed values,INSTRUMENTAL - GAS PHASE CHEMILUMINESCENCE,2024,Parts per billion,No Events,8254,94,Y,363,366,0,530,,,Certified,0,3.754095,3.04496,34.7,2024-06-02 04:00,27.0,2024-12-05 07:00,26.8,2024-09-24 06:00,25.3,2024-12-05 08:00,,,,,14.7,12.6,9.8,7.6,4.9,2.8,1.1,Tracy-Airport,"5749 S. TRACY BLVD., TRACY",California,San Joaquin,Tracy,"Stockton-Lodi, CA",2025-02-19,11757,0,0,0,1,3.754095
6,79,4002,42602,1,35.03146,-120.50103,WGS84,Nitrogen dioxide (NO2),1 HOUR,NO2 Annual 1971,Observed values,Instrumental - Chemiluminescence Teledyne API 200 EU/501,2024,Parts per billion,No Events,8266,94,Y,355,366,0,518,,,Certified,0,1.836777,1.837644,16.8,2024-12-11 08:00,16.8,2024-12-11 19:00,16.2,2024-12-10 18:00,16.1,2024-11-09 20:00,,,,,9.4,7.6,5.4,4.0,2.2,1.2,0.5,Nipomo Regional Park (NRP),"NIPOMO REGIONAL PARK, NIPOMO, CA.",California,San Luis Obispo,Nipomo,"San Luis Obispo-Paso Robles-Arroyo Grande, CA",2025-02-11,11847,0,0,0,1,1.836777
6,79,8002,42602,1,35.49453,-120.66617,WGS84,Nitrogen dioxide (NO2),1 HOUR,NO2 Annual 1971,Observed values,INSTRUMENTAL - GAS PHASE CHEMILUMINESCENCE,2024,Parts per billion,No Events,8275,94,Y,356,366,0,509,,,Certified,0,3.241414,3.25526,32.4,2024-04-11 20:00,28.8,2024-12-11 18:00,27.2,2024-12-11 17:00,26.5,2024-02-20 08:00,,,,,15.8,12.8,9.8,7.3,4.3,2.1,0.6,Atascadero,"5599 Traffic Way, Atascadero CA",California,San Luis Obispo,Atascadero,"San Luis Obispo-Paso Robles-Arroyo Grande, CA",2025-02-11,11862,0,0,0,1,3.241414
6,83,1013,42602,1,34.725352,-120.428717,NAD83,Nitrogen dioxide (NO2),1 HOUR,NO2 Annual 1971,Observed values,INSTRUMENTAL - CHEMILUMINESCENCE,2024,Parts per billion,Events Included,7615,87,Y,344,366,7615,1169,,,Certified,0,-0.308877,0.463801,10.3,2024-04-04 07:00,5.3,2024-07-19 15:00,3.5,2024-12-20 10:00,3.2,2024-07-19 16:00,,,,,1.2,1.0,0.5,0.2,-0.1,-0.4,-0.8,Lompoc HSP,"HS & P FACILITY-500 M SW, LOMPOC",California,Santa Barbara,Lompoc,"Santa Maria-Santa Barbara, CA",2025-03-12,12001,0,0,0,1,-0.308877
6,83,1014,42602,1,34.54166,-119.79146,WGS84,Nitrogen dioxide (NO2),1 HOUR,NO2 Annual 1971,Observed values,INSTRUMENTAL - CHEMILUMINESCENCE,2024,Parts per billion,Events Included,7793,89,Y,357,366,7793,991,,,Certified,0,1.423521,1.069988,8.1,2024-09-23 03:00,7.4,2024-09-20 17:00,7.4,2024-09-22 18:00,7.4,2024-09-22 19:00,,,,,5.8,4.7,3.2,2.7,1.9,1.2,0.4,Paradise Road,PARADISE RD-LOS PADRES National Forest,California,Santa Barbara,Los Padres National Forest,"Santa Maria-Santa Barbara, CA",2025-03-12,12016,0,0,0,1,1.423521
6,83,1021,42602,1,34.403052,-119.457914,NAD83,Nitrogen dioxide (NO2),1 HOUR,NO2 Annual 1971,Observed values,INSTRUMENTAL - CHEMILUMINESCENCE,2024,Parts per billion,Events Included,7559,86,Y,315,366,7559,1201,,,Certified,0,1.035719,1.016688,14.0,2024-11-21 07:00,13.0,2024-11-22 07:00,11.0,2024-07-23 20:00,11.0,2024-11-13 07:00,,,,,5.0,4.0,3.0,2.0,1.0,1.0,0.0,Carpinteria,"GOBERNADOR RD, CARPINTERIA",California,Santa Barbara,Carpinteria,"Santa Maria-Santa Barbara, CA",2025-03-12,12030,0,0,0,1,1.035719
6,83,1025,42602,1,34.48974,-120.04692,WGS84,Nitrogen dioxide (NO2),1 HOUR,NO2 Annual 1971,Observed values,INSTRUMENTAL - CHEMILUMINESCENCE,2024,Parts per billion,Events Included,8000,91,Y,346,366,8000,784,,,Certified,0,0.68525,0.754655,11.0,2024-12-19 09:00,10.0,2024-12-19 16:00,9.0,2024-12-19 10:00,9.0,2024-12-19 15:00,,,,,3.0,2.0,2.0,1.0,1.0,1.0,0.0,Los Flores Canyon #1,LFC #1-LAS FLORES CANYON,California,Santa Barbara,Capitan,"Santa Maria-Santa Barbara, CA",2025-03-04,12060,0,0,0,1,0.68525
6,83,2004,42602,1,34.63782,-120.4575,WGS84,Nitrogen dioxide (NO2),1 HOUR,NO2 Annual 1971,Observed values,INSTRUMENTAL - CHEMILUMINESCENCE,2024,Parts per billion,No Events,6834,78,Y,292,366,0,1950,,,Certified,0,2.300117,2.984899,21.0,2024-11-19 07:00,21.0,2024-12-11 07:00,20.0,2024-12-18 20:00,20.0,2024-12-19 19:00,,,,,14.0,12.0,9.0,6.0,3.0,1.0,0.0,Lompoc H Street,"128 S 'H' ST, LOMPOC",California,Santa Barbara,Lompoc,"Santa Maria-Santa Barbara, CA",2025-03-13,12088,0,0,0,1,2.300117
6,99,6,42602,1,37.488317,-120.836008,NAD83,Nitrogen dioxide (NO2),1 HOUR,NO2 Annual 1971,Observed values,INSTRUMENTAL - GAS PHASE CHEMILUMINESCENCE,2024,Parts per billion,No Events,8280,94,Y,361,366,0,504,,,Certified,0,7.129771,5.294368,37.4,2024-12-04 18:00,37.3,2024-10-25 22:00,37.2,2024-11-10 18:00,36.8,2024-11-10 20:00,,,,,26.4,23.1,18.3,14.5,8.9,5.2,2.7,Turlock," 900 S MINARET STREET, TURLOCK, CA",California,Stanislaus,Turlock,"Modesto, CA",2025-02-25,12802,0,0,0,1,7.129771
6,101,3,42602,1,39.138773,-121.618549,WGS84,Nitrogen dioxide (NO2),1 HOUR,NO2 Annual 1971,Observed values,INSTRUMENTAL - CHEMILUMINESCENCE,2024,Parts per billion,No Events,7756,88,Y,333,366,0,1028,,,Certified,0,5.042522,4.524024,34.8,2024-09-27 19:00,34.6,2024-11-08 18:00,34.0,2024-11-08 19:00,31.9,2024-11-07 18:00,,,,,22.6,19.7,14.8,10.9,5.9,3.4,1.7,Yuba City,"773 ALMOND ST, YUBA CITY",California,Sutter,Yuba City,"Yuba City, CA",2025-02-25,12828,0,0,0,1,5.042522
6,107,2003,42602,1,36.30815,-119.3129,WGS84,Nitrogen dioxide (NO2),1 HOUR,NO2 Annual 1971,Observed values,INSTRUMENTAL - CHEMILUMINESCENCE,2024,Parts per billion,No Events,7731,88,Y,333,366,0,1053,,,Certified,0,7.208809,4.957014,42.7,2024-11-10 18:00,41.4,2024-11-08 18:00,41.4,2024-11-08 19:00,40.9,2024-11-10 19:00,,,,,25.4,21.9,16.8,13.6,9.1,5.7,2.8,Visalia-W. Ashland Avenue,"2005 West Ashland Avenue, Suite G, Visalia, CA, 93277",California,Tulare,Visalia,"Visalia-Porterville, CA",2025-02-18,13038,0,0,0,1,7.208809
6,111,2002,42602,1,34.276316,-118.683685,NAD83,Nitrogen dioxide (NO2),1 HOUR,NO2 Annual 1971,Observed values,INSTRUMENTAL - GAS PHASE CHEMILUMINESCENCE,2024,Parts per billion,No Events,8371,95,Y,363,366,0,413,,,Certified,0,6.589416,5.940966,34.0,2024-11-21 06:00,34.0,2024-11-21 07:00,33.0,2024-11-22 06:00,33.0,2024-11-22 07:00,,,,,26.0,24.0,20.0,15.0,9.0,5.0,1.0,Simi Valley-Cochran Street,"5400 COCHRAN STREET, SIMI VALLEY, CA  93063",California,Ventura,Simi Valley,"Oxnard-Thousand Oaks-Ventura, CA",2025-02-26,13240,0,0,0,1,6.589416
6,111,3001,42602,1,34.25239,-119.143182,NAD83,Nitrogen dioxide (NO2),1 HOUR,NO2 Annual 1971,Observed values,INSTRUMENTAL - GAS PHASE CHEMILUMINESCENCE,2024,Parts per billion,No Events,8371,95,Y,365,366,0,413,,,Certified,0,3.714252,3.067549,29.0,2024-12-18 19:00,27.0,2024-12-18 20:00,26.0,2024-12-18 07:00,26.0,2024-12-18 18:00,,,,,14.0,12.0,10.0,8.0,5.0,3.0,1.0,El Rio-Rio Mesa School #2,"545 CENTRAL AVENUE, OXNARD, CA  93030",California,Ventura,,"Oxnard-Thousand Oaks-Ventura, CA",2025-02-26,13284,0,0,0,1,3.714252
6,113,4,42602,1,38.53445,-121.7734,WGS84,Nitrogen dioxide (NO2),1 HOUR,NO2 Annual 1971,Observed values,INSTRUMENTAL - CHEMILUMINESCENCE,2024,Parts per billion,No Events,8192,93,Y,353,366,0,592,,,Certified,0,3.247852,2.569647,25.0,2024-12-04 20:00,22.6,2024-12-04 21:00,21.8,2024-01-25 19:00,20.7,2024-12-05 18:00,,,,,12.6,10.7,8.5,6.7,4.2,2.5,1.0,Davis-UCD Campus,"UC DAVIS-CAMPUS, CAMPBELL ROAD WEST OF HIWAY 113 & SOUTH OF HUTCHISON DRIVE.",California,Yolo,,"Sacramento--Roseville--Arden-Arcade, CA",2025-01-24,13313,0,0,0,1,3.247852
8,1,3001,42602,1,39.838119,-104.94984,WGS84,Nitrogen dioxide (NO2),1 HOUR,NO2 Annual 1971,Observed values,INSTRUMENTAL - GAS PHASE CHEMILUMINESCENCE,2024,Parts per billion,No Events,8319,95,Y,365,366,0,465,,,Certified,0,14.399495,12.57933,54.6,2024-01-17 07:00,54.6,2024-11-26 10:00,54.3,2024-01-03 09:00,54.2,2024-01-05 09:00,,,,,45.8,42.8,38.9,35.0,23.2,9.0,2.5,Welby,3174 E. 78TH AVE.,Colorado,Adams,Welby,"Denver-Aurora-Lakewood, CO",2025-02-12,13714,0,0,0,1,14.399495
8,31,2,42602,1,39.751184,-104.987625,WGS84,Nitrogen dioxide (NO2),1 HOUR,NO2 Annual 1971,Observed values,Instrumental - Chemiluminescence Teledyne API 200 EU/501,2024,Parts per billion,No Events,6769,77,Y,287,366,0,2015,,,Certified,0,13.620165,9.901294,66.4,2024-03-18 23:00,66.3,2024-03-10 23:00,65.9,2024-11-22 17:00,59.7,2024-11-22 18:00,,,,,47.7,43.4,35.4,27.9,17.2,10.2,5.0,DENVER - CAMP,2105 BROADWAY,Colorado,Denver,Denver,"Denver-Aurora-Lakewood, CO",2025-02-19,13946,0,0,0,1,13.620165
8,31,26,42602,1,39.77949,-105.00518,WGS84,Nitrogen dioxide (NO2),1 HOUR,NO2 Annual 1971,Observed values,Teledyne Model T500U - Cavity Attenuated Phase Shift Spectroscopy,2024,Parts per billion,No Events,7873,90,Y,338,366,0,911,,,Certified,0,14.546463,11.378771,52.5,2024-11-11 16:00,51.7,2024-11-22 16:00,51.6,2024-01-16 18:00,51.6,2024-02-06 09:00,,,,,44.8,42.2,37.6,33.4,21.1,10.4,3.4,La Casa,4545 Navajo St.,Colorado,Denver,Denver,"Denver-Aurora-Lakewood, CO",2025-02-12,14013,0,0,0,1,14.546463
8,31,27,42602,1,39.73217,-105.0153,WGS84,Nitrogen dioxide (NO2),1 HOUR,NO2 Annual 1971,Observed values,INSTRUMENTAL - GAS PHASE CHEMILUMINESCENCE,2024,Parts per billion,No Events,8150,93,Y,355,366,0,634,,,Certified,0,20.292086,11.674668,62.7,2024-01-17 09:00,61.8,2024-11-22 10:00,61.2,2024-11-11 17:00,59.8,2024-02-05 18:00,,,,,49.8,47.1,41.7,37.9,28.4,17.5,7.1,I-25,971 Yuma Street,Colorado,Denver,Denver,"Denver-Aurora-Lakewood, CO",2025-02-12,14139,0,0,0,1,20.292086
8,31,28,42602,1,39.7861,-104.9886,WGS84,Nitrogen dioxide (NO2),1 HOUR,NO2 Annual 1971,Observed values,INSTRUMENTAL - GAS PHASE CHEMILUMINESCENCE,2024,Parts per billion,No Events,8204,93,Y,355,366,0,580,,,Certified,0,23.296234,12.42338,67.3,2024-07-23 19:00,63.4,2024-12-18 14:00,62.0,2024-01-16 22:00,62.0,2024-01-17 13:00,,,,,51.6,49.0,44.8,40.9,32.8,21.8,7.7,Globeville,4903 Acoma St.,Colorado,Denver,Denver,"Denver-Aurora-Lakewood, CO",2025-02-12,14175,0,0,0,1,23.296234
8,45,19,42602,1,39.43806,-108.02611,WGS84,Nitrogen dioxide (NO2),1 HOUR,NO2 Annual 1971,Observed values,INSTRUMENTAL - GAS PHASE CHEMILUMINESCENCE,2024,Parts per billion,Events Included,8106,92,Y,341,366,8106,678,,,Certification not required,0,2.65544,1.903156,18.8,2024-12-13 06:00,18.1,2024-01-19 05:00,16.0,2024-12-09 06:00,15.5,2024-01-21 07:00,,,,,9.2,7.8,6.1,5.0,3.6,2.2,0.8,Battlement Mesa,Garfield County - Battlement Mesa,Colorado,Garfield,Battlement Mesa,"Glenwood Springs, CO",2025-10-17,14342,2,0,0,1,2.65544
8,57,5,42602,1,40.5506,-106.385,WGS84,Nitrogen dioxide (NO2),1 HOUR,NO2 Annual 1971,Observed values,INSTRUMENTAL - GAS PHASE CHEMILUMINESCENCE,2024,Parts per billion,Events Included,8021,91,Y,347,366,8021,763,,,Certification not required,0,1.413103,1.533002,25.4,2024-05-23 04:00,24.4,2024-05-23 03:00,21.5,2024-06-07 22:00,18.3,2024-05-05 21:00,,,,,8.4,6.0,3.8,2.7,1.6,1.0,0.4,"Hebron, Colorado","Hebron, Colorado",Colorado,Jackson,,,2025-04-24,14414,2,0,0,1,1.413103
8,59,6,42602,1,39.912799,-105.188587,WGS84,Nitrogen dioxide (NO2),1 HOUR,NO2 Annual 1971,Observed values,Teledyne Model T500U - Cavity Attenuated Phase Shift Spectroscopy,2024,Parts per billion,No Events,8191,93,Y,355,366,0,593,,,Certified,0,2.50083,2.622276,35.6,2024-01-20 22:00,35.1,2024-11-22 16:00,34.7,2024-01-20 20:00,34.5,2024-01-20 19:00,,,,,12.6,10.7,7.3,5.1,3.1,1.8,0.4,ROCKY FLATS-N,16600 W COLO #128,Colorado,Jefferson,,"Denver-Aurora-Lakewood, CO",2025-02-12,14493,0,0,0,1,2.50083
8,103,6,42602,1,40.086944,-108.761389,WGS84,Nitrogen dioxide (NO2),1 HOUR,NO2 Annual 1971,Observed values,Instrumental - Chemiluminescence Teledyne API 200 EU/501,2024,Parts per billion,No Events,7975,91,Y,335,366,0,809,,,Certification not required,0,1.289028,1.083335,18.6,2024-12-06 14:00,18.3,2024-12-06 15:00,18.3,2024-12-06 16:00,16.7,2024-12-06 17:00,,,,,5.8,4.5,3.2,2.4,1.5,1.0,0.5,"Rangely, Golf Course","Rangely Colorado, Golf Course",Colorado,Rio Blanco,Rangely,,2025-04-22,15228,2,0,0,1,1.289028
8,103,7,42602,1,39.8723,-108.2183,WGS84,Nitrogen dioxide (NO2),1 HOUR,NO2 Annual 1971,Observed values,INSTRUMENTAL - GAS PHASE CHEMILUMINESCENCE,2024,Parts per billion,Events Included,8524,97,Y,359,366,8524,260,,,Certification not required,0,0.566084,0.452,11.9,2024-09-05 19:00,10.2,2024-07-15 20:00,8.0,2024-07-15 21:00,5.7,2024-07-07 23:00,,,,,2.0,1.7,1.3,1.0,0.7,0.5,0.2,,Piceance Basin - Mobile,Colorado,Rio Blanco,,,2025-04-23,15254,2,0,0,1,0.566084
8,123,15,42602,1,40.2614,-104.70645,WGS84,Nitrogen dioxide (NO2),1 HOUR,NO2 Annual 1971,Observed values,INSTRUMENTAL - GAS PHASE CHEMILUMINESCENCE,2024,Parts per billion,No Events,7258,83,Y,309,366,0,662,,,Certified,0,6.304616,5.520848,45.2,2024-11-23 01:00,43.1,2024-11-22 18:00,42.5,2024-11-22 19:00,41.3,2024-11-22 17:00,,,,,28.0,23.8,17.0,13.2,8.2,4.5,1.8,La Salle Tower,18490 County Road 38,Colorado,Weld,La Salle,"Greeley, CO",2025-02-12,15680,0,0,0,1,6.304616
48,27,1047,42602,1,31.088002,-97.679734,WGS84,Nitrogen dioxide (NO2),1 HOUR,NO2 Annual 1971,Observed values,INSTRUMENTAL - GAS PHASE CHEMILUMINESCENCE,2024,Parts per billion,No Events,8366,95,Y,360,366,0,418,,,Requested but not yet concurred,0,3.247215,2.901797,35.8,2024-01-30 20:00,26.7,2024-11-21 22:00,26.5,2024-11-20 21:00,25.7,2024-02-08 21:00,,,,,15.5,12.7,8.8,6.2,3.8,2.4,1.2,Killeen Skylark Field,1605 Stone Tree Drive,Texas,Bell,Killeen,"Killeen-Temple, TX",2025-03-19,55879,1,0,0,1,3.247215
48,29,32,42602,1,29.51509,-98.620166,WGS84,Nitrogen dioxide (NO2),1 HOUR,NO2 Annual 1971,Observed values,INSTRUMENTAL - GAS PHASE CHEMILUMINESCENCE,2024,Parts per billion,No Events,8327,95,Y,355,366,0,457,,,Requested but not yet concurred,0,5.764417,5.143239,42.6,2024-01-18 19:00,40.0,2024-01-31 20:00,39.3,2024-12-11 19:00,38.2,2024-10-11 20:00,,,,,25.8,22.7,17.1,12.1,6.8,4.0,1.9,San Antonio Northwest,6655 Bluebird Lane,Texas,Bexar,Leon Valley,"San Antonio-New Braunfels, TX",2025-03-24,55893,1,0,0,1,5.764417
48,29,52,42602,2,29.632058,-98.564936,WGS84,Nitrogen dioxide (NO2),1 HOUR,NO2 Annual 1971,Observed values,INSTRUMENTAL - GAS PHASE CHEMILUMINESCENCE,2024,Parts per billion,No Events,8316,95,Y,351,366,0,468,,,Requested but not yet concurred,0,1.773713,2.029869,17.0,2024-01-17 11:00,15.6,2024-02-20 09:00,15.1,2024-03-27 11:00,14.9,2024-01-24 00:00,,,,,9.4,7.5,5.5,4.2,2.6,1.3,-0.1,Camp Bullis,F Range (1000Yd marker off Wilderness Trail),Texas,Bexar,San Antonio,"San Antonio-New Braunfels, TX",2025-03-24,55925,1,0,0,1,1.773713
48,29,59,42602,1,29.275381,-98.311692,WGS84,Nitrogen dioxide (NO2),1 HOUR,NO2 Annual 1971,Observed values,INSTRUMENTAL - GAS PHASE CHEMILUMINESCENCE,2024,Parts per billion,No Events,8266,94,Y,352,366,0,518,,,Requested but not yet concurred,0,4.691774,4.881164,52.0,2024-11-11 19:00,48.8,2024-11-11 18:00,45.7,2024-11-21 18:00,44.3,2024-11-21 19:00,,,,,25.3,21.7,14.7,9.8,5.3,3.0,1.4,Calaveras Lake,14620 Laguna Rd,Texas,Bexar,San Antonio,"San Antonio-New Braunfels, TX",2025-03-24,55947,1,0,0,1,4.691774
48,29,1069,42602,1,29.529432,-98.391403,NAD83,Nitrogen dioxide (NO2),1 HOUR,NO2 Annual 1971,Observed values,INSTRUMENTAL - GAS PHASE CHEMILUMINESCENCE,2024,Parts per billion,No Events,8017,91,Y,337,366,0,767,,,Requested but not yet concurred,0,8.83979,8.765902,48.9,2024-10-14 23:00,47.0,2024-10-15 22:00,46.8,2024-10-10 07:00,46.0,2024-10-09 23:00,,,,,36.1,33.1,27.6,22.0,13.3,5.5,1.0,San Antonio Interstate 35,9904 IH 35 N,Texas,Bexar,San Antonio,"San Antonio-New Braunfels, TX",2025-03-24,55984,1,0,0,1,8.83979
48,39,1004,42602,1,29.520443,-95.392509,WGS84,Nitrogen dioxide (NO2),1 HOUR,NO2 Annual 1971,Observed values,INSTRUMENTAL - GAS PHASE CHEMILUMINESCENCE,2024,Parts per billion,No Events,8462,96,Y,353,366,0,322,,,Requested but not yet concurred,0,6.449799,5.701983,49.6,2024-10-11 08:00,49.1,2024-11-22 19:00,42.3,2024-10-10 07:00,42.1,2024-10-11 05:00,,,,,27.5,23.8,18.3,14.1,8.1,4.9,1.4,Manvel Croix Park,4503 Croix Pkwy,Texas,Brazoria,Manvel,"Houston-The Woodlands-Sugar Land, TX",2025-03-24,56038,1,0,0,1,6.449799
48,39,1016,42602,1,29.043759,-95.472946,WGS84,Nitrogen dioxide (NO2),1 HOUR,NO2 Annual 1971,Observed values,INSTRUMENTAL - GAS PHASE CHEMILUMINESCENCE,2024,Parts per billion,No Events,7694,88,Y,319,366,0,1090,,,Requested but not yet concurred,0,1.550221,2.375877,17.2,2024-12-12 08:00,16.8,2024-02-14 07:00,16.4,2024-02-01 08:00,15.6,2024-02-01 07:00,,,,,10.4,9.0,6.3,4.5,2.5,0.9,-0.6,Lake Jackson,109B  Brazoria Hwy 332 West,Texas,Brazoria,Lake Jackson,"Houston-The Woodlands-Sugar Land, TX",2025-03-24,56123,1,0,0,1,1.550221
48,113,69,42602,4,32.820061,-96.860117,WGS84,Nitrogen dioxide (NO2),1 HOUR,NO2 Annual 1971,Observed values,Teledyne Model T500U - Cavity Attenuated Phase Shift Spectroscopy,2024,Parts per billion,No Events,8543,97,Y,361,366,0,241,,,Requested but not yet concurred,0,9.39492,8.334919,58.8,2024-01-29 19:00,58.6,2024-01-30 19:00,56.9,2024-01-30 20:00,56.7,2024-01-29 20:00,,,,,38.2,34.1,28.1,21.9,11.7,6.3,2.6,Dallas Hinton,1415 Hinton Street,Texas,Dallas,Dallas,"Dallas-Fort Worth-Arlington, TX",2025-03-20,56379,1,0,0,1,9.39492
48,113,75,42602,1,32.919206,-96.808498,WGS84,Nitrogen dioxide (NO2),1 HOUR,NO2 Annual 1971,Observed values,INSTRUMENTAL - GAS PHASE CHEMILUMINESCENCE,2024,Parts per billion,No Events,7775,89,Y,334,366,0,1009,,,Requested but not yet concurred,0,7.759833,6.854219,51.2,2024-01-30 20:00,50.8,2024-01-30 23:00,49.7,2024-01-30 22:00,49.2,2024-01-30 21:00,,,,,34.2,30.3,22.5,16.5,9.5,5.4,2.3,Dallas North #2,12532 1/2 Nuestra Drive,Texas,Dallas,Dallas,"Dallas-Fort Worth-Arlington, TX",2025-03-20,56572,1,0,0,1,7.759833
48,113,87,42602,1,32.676451,-96.87206,WGS84,Nitrogen dioxide (NO2),1 HOUR,NO2 Annual 1971,Observed values,INSTRUMENTAL - GAS PHASE CHEMILUMINESCENCE,2024,Parts per billion,No Events,7453,85,Y,315,366,0,1331,,,Requested but not yet concurred,0,6.411713,7.646784,53.2,2024-10-09 21:00,51.5,2024-12-02 19:00,49.4,2024-01-30 19:00,48.8,2024-12-02 20:00,,,,,35.1,30.1,22.6,16.7,8.4,4.0,-0.2,Dallas Redbird Airport Executive,3277 W Redbird Lane,Texas,Dallas,Dallas,"Dallas-Fort Worth-Arlington, TX",2025-03-20,56587,1,0,0,1,6.411713
48,113,1067,42602,1,32.92118,-96.75355,WGS84,Nitrogen dioxide (NO2),1 HOUR,NO2 Annual 1971,Observed values,INSTRUMENTAL - GAS PHASE CHEMILUMINESCENCE,2024,Parts per billion,No Events,7865,90,Y,342,366,0,919,,,Requested but not yet concurred,0,10.576491,8.493206,55.3,2024-01-30 19:00,50.2,2024-01-30 20:00,49.1,2024-01-29 21:00,49.0,2024-12-02 19:00,,,,,37.1,33.8,28.0,22.5,15.1,8.2,2.2,Dallas LBJ Freeway,8652 LBJ Freeway,Texas,Dallas,Dallas,"Dallas-Fort Worth-Arlington, TX",2025-03-20,56601,1,0,0,1,10.576491
48,121,34,42602,1,33.219069,-97.196284,WGS84,Nitrogen dioxide (NO2),1 HOUR,NO2 Annual 1971,Observed values,INSTRUMENTAL - GAS PHASE CHEMILUMINESCENCE,2024,Parts per billion,No Events,7310,83,Y,295,366,0,1474,,,Requested but not yet concurred,0,5.084077,5.455991,40.2,2024-02-19 20:00,34.8,2024-02-06 20:00,34.4,2024-02-20 02:00,34.2,2024-10-14 21:00,,,,,23.9,21.0,16.5,12.6,7.2,3.5,0.0,Denton Airport South,Denton Airport South,Texas,Denton,Denton,"Dallas-Fort Worth-Arlington, TX",2025-04-29,56616,1,0,0,1,5.084077
48,139,1044,42602,1,32.175417,-96.870189,WGS84,Nitrogen dioxide (NO2),1 HOUR,NO2 Annual 1971,Observed values,INSTRUMENTAL - GAS PHASE CHEMILUMINESCENCE,2024,Parts per billion,No Events,6620,75,Y,260,366,0,2164,,,Requested but not yet concurred,0,2.379683,4.019808,33.1,2024-11-21 20:00,32.4,2024-11-21 21:00,29.5,2024-11-21 22:00,27.7,2024-11-22 05:00,,,,,18.4,15.5,11.0,7.2,3.1,1.2,-0.7,Italy,900 FM 667 Ellis County,Texas,Ellis,Italy,"Dallas-Fort Worth-Arlington, TX",2025-03-20,56762,1,0,0,1,2.379683
48,141,55,42602,1,31.746775,-106.402806,WGS84,Nitrogen dioxide (NO2),1 HOUR,NO2 Annual 1971,Observed values,INSTRUMENTAL - GAS PHASE CHEMILUMINESCENCE,2024,Parts per billion,No Events,7241,82,Y,313,366,0,1543,,,Requested but not yet concurred,0,12.934028,11.94872,66.2,2024-12-22 17:00,62.6,2024-09-26 19:00,61.4,2024-10-03 19:00,60.0,2024-10-10 18:00,,,,,48.6,44.2,38.2,31.7,18.9,8.2,2.0,Ascarate Park SE,650 R E Thomason Loop,Texas,El Paso,El Paso,"El Paso, TX",2025-03-20,57069,1,0,0,1,12.934028
48,167,1034,42602,1,29.254474,-94.861289,WGS84,Nitrogen dioxide (NO2),1 HOUR,NO2 Annual 1971,Observed values,INSTRUMENTAL - GAS PHASE CHEMILUMINESCENCE,2024,Parts per billion,No Events,7596,86,Y,320,366,0,1188,,,Requested but not yet concurred,0,2.908202,3.840402,33.5,2024-10-21 06:00,33.3,2024-01-31 12:00,32.1,2024-12-01 07:00,31.4,2024-11-23 03:00,,,,,18.9,14.7,10.5,7.5,3.8,1.6,0.1,Galveston 99th Street,9511 Avenue V 1/2,Texas,Galveston,Galveston,"Houston-The Woodlands-Sugar Land, TX",2025-03-24,57195,1,0,0,1,2.908202
48,183,1,42602,1,32.378696,-94.711813,NAD83,Nitrogen dioxide (NO2),1 HOUR,NO2 Annual 1971,Observed values,INSTRUMENTAL - GAS PHASE CHEMILUMINESCENCE,2024,Parts per billion,No Events,8092,92,Y,341,366,0,692,,,Requested but not yet concurred,0,1.960022,2.754041,25.3,2024-01-22 01:00,23.4,2024-01-22 07:00,22.4,2024-01-24 00:00,22.3,2024-12-02 22:00,,,,,12.4,10.0,7.2,5.3,2.9,1.3,-0.5,Longview,Gregg Co Airport near Longview,Texas,Gregg,Longview,"Longview, TX",2025-03-12,57228,1,0,0,1,1.960022
48,201,24,42602,1,29.901036,-95.326137,WGS84,Nitrogen dioxide (NO2),1 HOUR,NO2 Annual 1971,Observed values,INSTRUMENTAL - GAS PHASE CHEMILUMINESCENCE,2024,Parts per billion,No Events,7237,82,Y,290,366,0,1547,,,Requested but not yet concurred,0,7.642987,7.30352,57.1,2024-01-31 19:00,53.1,2024-12-12 09:00,45.3,2024-04-04 08:00,42.9,2024-12-12 08:00,,,,,32.1,28.9,23.5,17.9,10.6,5.5,0.9,Houston Aldine,4510 1/2 Aldine Mail Rd,Texas,Harris,Houston,"Houston-The Woodlands-Sugar Land, TX",2025-03-24,57247,1,0,0,1,7.642987
48,201,26,42602,2,29.802707,-95.125495,WGS84,Nitrogen dioxide (NO2),1 HOUR,NO2 Annual 1971,Observed values,INSTRUMENTAL - GAS PHASE CHEMILUMINESCENCE,2024,Parts per billion,No Events,8369,95,Y,357,366,0,415,,,Requested but not yet concurred,0,9.781563,7.580351,63.2,2024-01-31 18:00,62.1,2024-01-31 19:00,61.9,2024-01-29 18:00,58.5,2024-10-10 20:00,,,,,35.9,32.4,26.0,20.4,12.2,7.5,2.9,Channelview,1405 Sheldon Road,Texas,Harris,Channelview,"Houston-The Woodlands-Sugar Land, TX",2025-03-24,57283,1,0,0,1,9.781563
48,201,29,42602,1,30.039524,-95.673951,WGS84,Nitrogen dioxide (NO2),1 HOUR,NO2 Annual 1971,Observed values,INSTRUMENTAL - GAS PHASE CHEMILUMINESCENCE,2024,Parts per billion,No Events,7234,82,Y,295,366,0,1550,,,Requested but not yet concurred,0,3.016768,3.877228,31.4,2024-02-07 09:00,30.3,2024-10-31 20:00,26.3,2024-12-12 09:00,25.7,2024-07-12 07:00,,,,,17.2,14.5,10.9,8.1,4.4,1.9,-0.4,Northwest Harris County,16822 Kitzman,Texas,Harris,Tomball,"Houston-The Woodlands-Sugar Land, TX",2025-03-24,57348,1,0,0,1,3.016768
48,201,47,42602,1,29.834167,-95.489167,WGS84,Nitrogen dioxide (NO2),1 HOUR,NO2 Annual 1971,Observed values,Multiple Methods Used,2024,Parts per billion,No Events,6787,77,Y,283,366,0,1997,,,Requested but not yet concurred,0,5.268278,7.499299,51.0,2024-11-22 18:00,49.2,2024-12-12 08:00,46.9,2024-02-06 19:00,46.1,2024-11-22 19:00,,,,,31.9,28.5,22.6,16.0,7.3,1.3,0.4,Lang,4401 1/2 Lang Rd,Texas,Harris,Houston,"Houston-The Woodlands-Sugar Land, TX",2025-04-24,57389,1,0,0,1,5.268278
48,201,55,42602,1,29.695729,-95.499219,WGS84,Nitrogen dioxide (NO2),1 HOUR,NO2 Annual 1971,Observed values,INSTRUMENTAL - GAS PHASE CHEMILUMINESCENCE,2024,Parts per billion,No Events,8150,93,Y,340,366,0,634,,,Requested but not yet concurred,0,6.782012,6.892027,46.8,2024-11-22 21:00,45.7,2024-10-11 07:00,45.3,2024-07-12 20:00,44.6,2024-07-12 21:00,,,,,32.3,28.6,22.0,16.2,8.6,4.4,1.2,Houston Bayland Park,6400 Bissonnet Street,Texas,Harris,Houston,"Houston-The Woodlands-Sugar Land, TX",2025-03-24,57414,1,0,0,1,6.782012
48,201,416,42602,1,29.686389,-95.294722,WGS84,Nitrogen dioxide (NO2),1 HOUR,NO2 Annual 1971,Observed values,Instrumental - Chemiluminescence,2024,Parts per billion,No Events,8248,94,Y,353,366,0,536,,,Requested but not yet concurred,0,5.904631,7.518871,51.7,2024-11-22 20:00,51.5,2024-11-22 19:00,50.2,2024-11-22 18:00,50.1,2024-10-11 09:00,,,,,32.9,28.9,22.6,16.5,8.2,3.1,0.0,Park Place,7421 Park Place Blvd,Texas,Harris,Houston,"Houston-The Woodlands-Sugar Land, TX",2025-04-24,57486,1,0,0,1,5.904631
48,201,417,42602,1,29.772915,-95.395784,WGS84,Nitrogen dioxide (NO2),1 HOUR,NO2 Annual 1971,Observed values,Multiple Methods Used,2024,Parts per billion,No Events,8075,92,Y,339,366,0,709,,,Requested but not yet concurred,0,8.203827,8.995267,53.1,2024-11-22 19:00,51.9,2024-11-22 20:00,50.0,2024-10-23 08:00,48.7,2024-02-14 08:00,,,,,37.5,34.6,28.9,21.5,11.4,5.1,0.1,Houston Harvard Street,160 Harvard Street,Texas,Harris,Houston,"Houston-The Woodlands-Sugar Land, TX",2025-04-25,57506,1,0,0,1,8.203827
48,201,1015,42602,1,29.758889,-95.079444,NAD83,Nitrogen dioxide (NO2),1 HOUR,NO2 Annual 1971,Observed values,INSTRUMENTAL - GAS PHASE CHEMILUMINESCENCE,2024,Parts per billion,No Events,8073,92,Y,344,366,0,711,,,Requested but not yet concurred,0,10.252335,8.240269,83.9,2024-01-13 08:00,82.8,2024-01-13 09:00,65.7,2024-02-24 08:00,62.0,2024-01-31 18:00,,,,,40.8,34.9,27.7,21.2,12.7,7.7,3.1,Lynchburg Ferry,4364 Independence Parkway South,Texas,Harris,Baytown,"Houston-The Woodlands-Sugar Land, TX",2025-03-24,57518,1,0,0,1,10.252335
48,201,1034,42602,1,29.767997,-95.220582,WGS84,Nitrogen dioxide (NO2),1 HOUR,NO2 Annual 1971,Observed values,INSTRUMENTAL - GAS PHASE CHEMILUMINESCENCE,2024,Parts per billion,No Events,8096,92,Y,341,366,0,688,,,Requested but not yet concurred,0,11.631522,8.224661,63.4,2024-09-30 08:00,56.8,2024-12-12 09:00,54.1,2024-02-19 09:00,51.9,2024-09-30 07:00,,,,,38.3,34.3,28.8,23.6,15.2,9.3,3.6,Houston East,1262 1/2 Mae Drive,Texas,Harris,Houston,"Houston-The Woodlands-Sugar Land, TX",2025-03-24,57546,1,0,0,1,11.631522
48,201,1035,42602,1,29.733726,-95.257593,WGS84,Nitrogen dioxide (NO2),1 HOUR,NO2 Annual 1971,Observed values,INSTRUMENTAL - CHEMILUMINESCENCE,2024,Parts per billion,No Events,7197,82,Y,302,366,0,1587,,,Requested but not yet concurred,0,11.89654,8.270559,56.6,2024-09-30 07:00,53.7,2024-10-23 08:00,51.9,2024-04-04 07:00,50.3,2024-02-01 08:00,,,,,40.9,36.6,29.3,23.2,15.1,9.7,3.9,Clinton,9525 1/2 Clinton Dr,Texas,Harris,Houston,"Houston-The Woodlands-Sugar Land, TX",2025-04-24,57578,1,0,0,1,11.89654
48,201,1039,42602,4,29.670025,-95.128508,WGS84,Nitrogen dioxide (NO2),1 HOUR,NO2 Annual 1971,Observed values,Teledyne Model T500U - Cavity Attenuated Phase Shift Spectroscopy,2024,Parts per billion,No Events,8467,96,Y,355,366,0,317,,,Requested but not yet concurred,0,7.891343,6.579283,53.8,2024-02-19 08:00,52.7,2024-09-30 08:00,49.2,2024-11-13 20:00,47.8,2024-09-30 07:00,,,,,32.4,27.6,21.7,16.7,9.9,5.8,2.3,Houston Deer Park #2,4413 Glenwood Avenue,Texas,Harris,Deer Park,"Houston-The Woodlands-Sugar Land, TX",2025-03-24,57771,1,0,0,1,7.891343
48,201,1050,42602,1,29.583047,-95.015544,WGS84,Nitrogen dioxide (NO2),1 HOUR,NO2 Annual 1971,Observed values,INSTRUMENTAL - GAS PHASE CHEMILUMINESCENCE,2024,Parts per billion,No Events,7712,88,Y,327,366,0,1072,,,Requested but not yet concurred,0,5.443348,5.33391,50.9,2024-01-31 10:00,50.2,2024-11-22 08:00,45.9,2024-07-10 07:00,44.5,2024-01-29 11:00,,,,,25.4,21.4,16.4,12.3,7.0,3.6,1.2,Seabrook Friendship Park,4522 Park Rd,Texas,Harris,Seabrook,"Houston-The Woodlands-Sugar Land, TX",2025-03-24,58038,1,0,0,1,5.443348
48,201,1052,42602,1,29.81453,-95.38769,WGS84,Nitrogen dioxide (NO2),1 HOUR,NO2 Annual 1971,Observed values,INSTRUMENTAL - GAS PHASE CHEMILUMINESCENCE,2024,Parts per billion,No Events,7964,91,Y,333,366,0,820,,,Requested but not yet concurred,0,16.643948,11.853119,75.6,2024-01-31 17:00,73.2,2024-10-11 16:00,70.2,2024-01-31 18:00,68.6,2024-10-23 17:00,,,,,48.0,43.6,38.3,33.2,24.7,14.8,2.5,Houston North Loop,822 North Loop,Texas,Harris,Houston,"Houston-The Woodlands-Sugar Land, TX",2025-03-24,58065,1,0,0,1,16.643948
48,201,1066,42602,1,29.7216,-95.49265,WGS84,Nitrogen dioxide (NO2),1 HOUR,NO2 Annual 1971,Observed values,INSTRUMENTAL - GAS PHASE CHEMILUMINESCENCE,2024,Parts per billion,No Events,8357,95,Y,351,366,0,427,,,Requested but not yet concurred,0,12.021192,9.846056,59.3,2024-11-13 19:00,58.2,2024-11-22 19:00,57.4,2024-10-14 18:00,56.7,2024-11-22 20:00,,,,,41.5,37.7,32.0,27.2,17.3,8.7,2.6,Houston Southwest Freeway,5617 Westward Avenue,Texas,Harris,Houston,"Houston-The Woodlands-Sugar Land, TX",2025-03-24,58085,1,0,0,1,12.021192
48,203,2,42602,1,32.669001,-94.167468,NAD83,Nitrogen dioxide (NO2),1 HOUR,NO2 Annual 1971,Observed values,INSTRUMENTAL - GAS PHASE CHEMILUMINESCENCE,2024,Parts per billion,No Events,8525,97,Y,361,366,0,259,,,Requested but not yet concurred,0,2.035578,1.947005,23.2,2024-02-20 23:00,22.8,2024-10-12 23:00,21.7,2024-10-10 21:00,19.7,2024-02-05 21:00,,,,,9.7,8.1,5.7,4.2,2.5,1.4,0.5,Karnack,Hwy 134 & Spur 449,Texas,Harrison,,"Marshall, TX",2025-03-12,58096,1,0,0,1,2.035578
48,231,1006,42602,1,33.153088,-96.115572,WGS84,Nitrogen dioxide (NO2),1 HOUR,NO2 Annual 1971,Observed values,INSTRUMENTAL - GAS PHASE CHEMILUMINESCENCE,2024,Parts per billion,No Events,8303,95,Y,351,366,0,481,,,Requested but not yet concurred,0,3.547332,3.263045,30.4,2024-09-13 22:00,27.0,2024-01-29 18:00,26.0,2024-10-10 01:00,25.9,2024-09-13 21:00,,,,,16.4,14.1,10.2,7.3,4.3,2.6,1.1,Greenville,824 Sayle Street,Texas,Hunt,Greenville,"Dallas-Fort Worth-Arlington, TX",2025-03-20,58311,1,0,0,1,3.547332
48,245,9,42602,1,30.036422,-94.071061,WGS84,Nitrogen dioxide (NO2),1 HOUR,NO2 Annual 1971,Observed values,INSTRUMENTAL - GAS PHASE CHEMILUMINESCENCE,2024,Parts per billion,No Events,8537,97,Y,361,366,0,247,,,Requested but not yet concurred,0,6.137894,4.679934,43.6,2024-11-19 19:00,38.1,2024-03-12 06:00,36.6,2024-03-12 07:00,36.6,2024-11-19 18:00,,,,,23.3,20.2,15.5,12.2,8.0,4.8,1.9,Beaumont Downtown,1086 Vermont Avenue,Texas,Jefferson,Beaumont,"Beaumont-Port Arthur, TX",2025-03-19,58345,1,0,0,1,6.137894
48,245,22,42602,1,29.863957,-94.317802,WGS84,Nitrogen dioxide (NO2),1 HOUR,NO2 Annual 1971,Observed values,INSTRUMENTAL - GAS PHASE CHEMILUMINESCENCE,2024,Parts per billion,No Events,8502,97,Y,361,366,0,282,,,Requested but not yet concurred,0,2.864361,3.088999,25.5,2024-11-22 06:00,25.0,2024-11-22 20:00,24.5,2024-11-19 20:00,24.1,2024-12-03 01:00,,,,,15.5,12.8,9.0,6.6,3.7,1.9,0.3,Hamshire,12552 Second St,Texas,Jefferson,,"Beaumont-Port Arthur, TX",2025-03-19,58471,1,0,0,1,2.864361
48,245,1035,42602,1,29.979958,-94.004746,WGS84,Nitrogen dioxide (NO2),1 HOUR,NO2 Annual 1971,Observed values,INSTRUMENTAL - GAS PHASE CHEMILUMINESCENCE,2024,Parts per billion,No Events,8369,95,Y,352,366,0,415,,,Requested but not yet concurred,0,4.65316,4.106035,61.6,2024-12-26 21:00,49.7,2024-12-26 22:00,35.5,2024-12-26 20:00,33.0,2024-12-26 23:00,,,,,19.7,17.1,12.8,9.8,6.0,3.4,1.1,Nederland 17th Street,1516 17th Street,Texas,Jefferson,Nederland,"Beaumont-Port Arthur, TX",2025-03-19,58504,1,0,0,1,4.65316
48,255,1070,42602,1,28.88044,-97.888065,NAD83,Nitrogen dioxide (NO2),1 HOUR,NO2 Annual 1971,Observed values,INSTRUMENTAL - GAS PHASE CHEMILUMINESCENCE,2024,Parts per billion,No Events,8366,95,Y,363,366,0,418,,,Requested but not yet concurred,0,3.407913,3.710856,35.9,2024-11-19 03:00,32.5,2024-09-28 06:00,31.4,2024-11-19 19:00,31.2,2024-11-19 06:00,,,,,18.8,15.2,10.8,7.6,4.3,2.2,0.5,Karnes County,1100B East Main Avenue,Texas,Karnes,Karnes City,,2025-03-24,58599,1,0,0,1,3.407913
48,257,5,42602,1,32.564968,-96.317687,WGS84,Nitrogen dioxide (NO2),1 HOUR,NO2 Annual 1971,Observed values,INSTRUMENTAL - GAS PHASE CHEMILUMINESCENCE,2024,Parts per billion,No Events,8090,92,Y,340,366,0,694,,,Requested but not yet concurred,0,4.145105,3.541418,33.5,2024-11-22 18:00,30.8,2024-01-31 07:00,30.8,2024-11-22 19:00,27.7,2024-12-02 18:00,,,,,18.1,15.0,11.1,8.5,5.3,3.1,1.1,Kaufman,3790 S Houston St,Texas,Kaufman,Kaufman,"Dallas-Fort Worth-Arlington, TX",2025-03-20,58615,1,0,0,1,4.145105
48,339,78,42602,1,30.350302,-95.425128,WGS84,Nitrogen dioxide (NO2),1 HOUR,NO2 Annual 1971,Observed values,INSTRUMENTAL - GAS PHASE CHEMILUMINESCENCE,2024,Parts per billion,No Events,8503,97,Y,361,366,0,281,,,Requested but not yet concurred,0,4.184135,3.701129,67.0,2024-02-24 19:00,51.2,2024-02-24 18:00,48.7,2024-08-05 18:00,40.9,2024-04-11 21:00,,,,,18.2,14.6,11.0,8.6,5.3,3.1,1.2,Conroe Relocated,9472A Hwy 1484,Texas,Montgomery,Conroe,"Houston-The Woodlands-Sugar Land, TX",2025-03-24,58738,1,0,0,1,4.184135
48,349,1051,42602,1,32.031934,-96.399141,WGS84,Nitrogen dioxide (NO2),1 HOUR,NO2 Annual 1971,Observed values,INSTRUMENTAL - GAS PHASE CHEMILUMINESCENCE,2024,Parts per billion,No Events,8404,96,Y,354,366,0,380,,,Requested but not yet concurred,0,1.854319,3.865053,34.8,2024-11-21 22:00,31.3,2024-11-21 23:00,31.1,2024-11-22 00:00,28.9,2024-11-21 21:00,,,,,17.5,14.5,9.7,6.2,2.8,0.8,-1.4,Corsicana Airport,Corsicana Airport,Texas,Navarro,Corsicana,"Corsicana, TX",2025-03-20,58769,1,0,0,1,1.854319
48,361,1001,42602,1,30.085263,-93.761341,WGS84,Nitrogen dioxide (NO2),1 HOUR,NO2 Annual 1971,Observed values,INSTRUMENTAL - GAS PHASE CHEMILUMINESCENCE,2024,Parts per billion,No Events,8422,96,Y,360,366,0,362,,,Requested but not yet concurred,0,3.406471,3.333843,28.6,2024-01-30 07:00,27.4,2024-01-31 21:00,26.3,2024-01-30 06:00,26.3,2024-02-24 05:00,,,,,15.8,13.4,10.1,7.6,4.5,2.4,0.5,West Orange,2700 Austin Ave,Texas,Orange,West Orange,"Beaumont-Port Arthur, TX",2025-03-19,59013,1,0,0,1,3.406471
48,423,7,42602,1,32.344027,-95.415754,NAD83,Nitrogen dioxide (NO2),1 HOUR,NO2 Annual 1971,Observed values,INSTRUMENTAL - GAS PHASE CHEMILUMINESCENCE,2024,Parts per billion,No Events,7425,85,Y,314,366,0,1359,,,Requested but not yet concurred,0,1.08365,1.925312,16.9,2024-01-04 05:00,16.7,2024-04-22 08:00,15.5,2024-10-21 06:00,14.8,2024-11-15 07:00,,,,,7.8,6.4,4.7,3.5,1.8,0.7,-0.7,Tyler Airport Relocated,14790 County Road 1145,Texas,Smith,Tyler,"Tyler, TX",2025-03-12,59172,1,0,0,1,1.08365
48,439,75,42602,1,32.987891,-97.477175,WGS84,Nitrogen dioxide (NO2),1 HOUR,NO2 Annual 1971,Observed values,INSTRUMENTAL - GAS PHASE CHEMILUMINESCENCE,2024,Parts per billion,No Events,6577,75,Y,277,366,0,2207,,,Requested but not yet concurred,0,6.5539,6.429563,46.2,2024-11-11 20:00,44.7,2024-11-14 23:00,44.7,2024-11-15 00:00,44.2,2024-11-12 00:00,,,,,32.5,27.3,20.3,14.6,8.1,4.3,1.6,Eagle Mountain Lake,14290 Morris Dido Newark Rd,Texas,Tarrant,Eagle Mountain,"Dallas-Fort Worth-Arlington, TX",2025-03-20,59189,1,0,0,1,6.5539
48,439,1002,42602,1,32.80581,-97.356529,NAD83,Nitrogen dioxide (NO2),1 HOUR,NO2 Annual 1971,Observed values,INSTRUMENTAL - GAS PHASE CHEMILUMINESCENCE,2024,Parts per billion,No Events,8299,94,Y,353,366,0,485,,,Requested but not yet concurred,0,9.434619,8.367405,58.6,2024-01-31 20:00,56.9,2024-01-31 19:00,49.6,2024-01-31 18:00,48.5,2024-10-09 21:00,,,,,38.1,34.4,28.0,21.5,12.4,6.3,2.4,Fort Worth Northwest,3317 Ross Ave,Texas,Tarrant,Fort Worth,"Dallas-Fort Worth-Arlington, TX",2025-03-20,59204,1,0,0,1,9.434619
48,439,2003,42602,1,32.922492,-97.282099,NAD83,Nitrogen dioxide (NO2),1 HOUR,NO2 Annual 1971,Observed values,INSTRUMENTAL - GAS PHASE CHEMILUMINESCENCE,2024,Parts per billion,No Events,8536,97,Y,361,366,0,248,,,Requested but not yet concurred,0,6.811118,6.612137,49.7,2024-01-30 23:00,48.5,2024-10-01 04:00,45.1,2024-11-21 19:00,44.4,2024-10-01 03:00,,,,,32.0,28.3,21.5,15.6,8.3,4.4,1.7,Keller,FAA Site off Alta Vista Road,Texas,Tarrant,Fort Worth,"Dallas-Fort Worth-Arlington, TX",2025-03-20,59370,1,0,0,1,6.811118
48,439,3009,42602,1,32.98426,-97.063721,WGS84,Nitrogen dioxide (NO2),1 HOUR,NO2 Annual 1971,Observed values,INSTRUMENTAL - GAS PHASE CHEMILUMINESCENCE,2024,Parts per billion,No Events,8458,96,Y,360,366,0,326,,,Requested but not yet concurred,0,4.817723,5.945075,47.0,2024-01-31 21:00,45.6,2024-12-11 20:00,45.5,2024-01-31 22:00,41.8,2024-12-11 21:00,,,,,28.6,24.1,17.2,12.2,6.4,2.9,0.0,Grapevine Fairway,4100 Fairway Dr,Texas,Tarrant,Grapevine,"Dallas-Fort Worth-Arlington, TX",2025-03-20,59385,1,0,0,1,4.817723
48,439,3011,42602,1,32.65637,-97.088598,NAD83,Nitrogen dioxide (NO2),1 HOUR,NO2 Annual 1971,Observed values,INSTRUMENTAL - GAS PHASE CHEMILUMINESCENCE,2024,Parts per billion,No Events,8206,93,Y,342,366,0,578,,,Requested but not yet concurred,0,7.356081,6.384289,52.9,2024-12-02 18:00,47.6,2024-12-02 19:00,44.8,2024-11-21 20:00,42.8,2024-12-02 21:00,,,,,30.2,26.9,21.4,16.5,9.2,5.0,2.2,Arlington Municipal Airport,5504 South Collins Street,Texas,Tarrant,Arlington,"Dallas-Fort Worth-Arlington, TX",2025-03-20,59489,1,0,0,1,7.356081
48,453,14,42602,2,30.354944,-97.761803,NAD83,Nitrogen dioxide (NO2),1 HOUR,NO2 Annual 1971,Observed values,INSTRUMENTAL - GAS PHASE CHEMILUMINESCENCE,2024,Parts per billion,No Events,8426,96,Y,357,366,0,358,,,Requested but not yet concurred,0,4.699051,3.817551,44.2,2024-10-10 06:00,43.1,2024-10-10 05:00,41.5,2024-11-22 19:00,40.5,2024-01-10 22:00,,,,,19.9,15.8,11.8,9.0,5.6,3.5,1.7,Austin North Hills Drive,3824 North Hills Drive,Texas,Travis,Austin,"Austin-Round Rock, TX",2025-03-19,59523,1,0,0,1,4.699051
48,453,1068,42602,1,30.35386,-97.69166,NAD83,Nitrogen dioxide (NO2),1 HOUR,NO2 Annual 1971,Observed values,INSTRUMENTAL - GAS PHASE CHEMILUMINESCENCE,2024,Parts per billion,No Events,8390,96,Y,359,366,0,394,,,Requested but not yet concurred,0,11.725769,7.695775,52.1,2024-10-15 20:00,50.5,2024-04-04 19:00,48.7,2024-10-15 21:00,47.7,2024-01-18 18:00,,,,,35.3,31.6,27.0,22.2,15.7,10.3,3.1,Austin North Interstate 35,8912 N IH 35 SVRD SB,Texas,Travis,Austin,"Austin-Round Rock, TX",2025-03-19,59616,1,0,0,1,11.725769
